# Blender 4.1.1
# www.blender.org
mtllib player.mtl
o 球
v 0.000000 0.831470 0.555570
v 0.000000 0.555570 0.831470
v 0.000000 0.195090 0.980785
v 0.000000 0.000000 1.000000
v 0.000000 -0.195090 0.980785
v 0.000000 -0.555570 0.831470
v 0.038060 0.980785 0.191342
v 0.074658 0.923880 0.375330
v 0.108386 0.831470 0.544895
v 0.137950 0.707107 0.693520
v 0.162212 0.555570 0.815493
v 0.180240 0.382683 0.906127
v 0.191342 0.195090 0.961940
v 0.195090 0.000000 0.980785
v 0.191342 -0.195090 0.961940
v 0.180240 -0.382683 0.906127
v 0.162212 -0.555570 0.815493
v 0.137950 -0.707107 0.693520
v 0.108386 -0.831470 0.544895
v 0.074658 -0.923880 0.375330
v 0.038060 -0.980785 0.191342
v 0.074658 0.980785 0.180240
v 0.146447 0.923880 0.353553
v 0.212608 0.831470 0.513280
v 0.270598 0.707107 0.653281
v 0.318190 0.555570 0.768178
v 0.353553 0.382683 0.853553
v 0.375330 0.195090 0.906127
v 0.382683 0.000000 0.923879
v 0.375330 -0.195090 0.906127
v 0.353553 -0.382683 0.853553
v 0.318190 -0.555570 0.768178
v 0.270598 -0.707107 0.653281
v 0.212608 -0.831470 0.513280
v 0.146447 -0.923880 0.353553
v 0.074658 -0.980785 0.180240
v 0.108386 0.980785 0.162212
v 0.212608 0.923880 0.318190
v 0.308658 0.831470 0.461940
v 0.392847 0.707107 0.587938
v 0.461940 0.555570 0.691342
v 0.513280 0.382683 0.768178
v 0.544895 0.195090 0.815493
v 0.555570 0.000000 0.831469
v 0.544895 -0.195090 0.815493
v 0.513280 -0.382683 0.768178
v 0.461940 -0.555570 0.691342
v 0.392847 -0.707107 0.587938
v 0.308658 -0.831470 0.461940
v 0.212608 -0.923880 0.318190
v 0.108386 -0.980785 0.162212
v 0.137950 0.980785 0.137950
v 0.270598 0.923880 0.270598
v 0.392847 0.831470 0.392847
v 0.500000 0.707107 0.500000
v 0.587938 0.555570 0.587938
v 0.653281 0.382683 0.653281
v 0.693520 0.195090 0.693520
v 0.707107 0.000000 0.707107
v 0.693520 -0.195090 0.693520
v 0.653281 -0.382683 0.653281
v 0.587938 -0.555570 0.587938
v 0.500000 -0.707107 0.500000
v 0.392847 -0.831470 0.392847
v 0.270598 -0.923880 0.270598
v 0.137950 -0.980785 0.137950
v 0.162212 0.980785 0.108386
v 0.318190 0.923880 0.212608
v 0.461940 0.831470 0.308658
v 0.587938 0.707107 0.392847
v 0.691342 0.555570 0.461940
v 0.768178 0.382683 0.513280
v 0.815493 0.195090 0.544895
v 0.831470 0.000000 0.555570
v 0.815493 -0.195090 0.544895
v 0.768178 -0.382683 0.513280
v 0.691342 -0.555570 0.461940
v 0.587938 -0.707107 0.392847
v 0.461940 -0.831470 0.308658
v 0.318190 -0.923880 0.212608
v 0.162212 -0.980785 0.108386
v 0.000000 1.000000 0.000000
v 0.180240 0.980785 0.074658
v 0.353553 0.923880 0.146447
v 0.513280 0.831470 0.212607
v 0.653281 0.707107 0.270598
v 0.768178 0.555570 0.318190
v 0.853553 0.382683 0.353553
v 0.906127 0.195090 0.375330
v 0.923879 0.000000 0.382683
v 0.906127 -0.195090 0.375330
v 0.853553 -0.382683 0.353553
v 0.768178 -0.555570 0.318190
v 0.653281 -0.707107 0.270598
v 0.513280 -0.831470 0.212607
v 0.353553 -0.923880 0.146447
v 0.180240 -0.980785 0.074658
v 0.191342 0.980785 0.038060
v 0.375330 0.923880 0.074658
v 0.544895 0.831470 0.108386
v 0.693520 0.707107 0.137950
v 0.815493 0.555570 0.162212
v 0.906127 0.382683 0.180240
v 0.961940 0.195090 0.191342
v 0.980785 0.000000 0.195090
v 0.961940 -0.195090 0.191342
v 0.906127 -0.382683 0.180240
v 0.815493 -0.555570 0.162212
v 0.693520 -0.707107 0.137950
v 0.544895 -0.831470 0.108386
v 0.375330 -0.923880 0.074658
v 0.191342 -0.980785 0.038060
v 0.195090 0.980785 -0.000000
v 0.382683 0.923880 -0.000000
v 0.555570 0.831470 -0.000000
v 0.707107 0.707107 0.000000
v 0.831469 0.555570 -0.000000
v 0.923879 0.382683 0.000000
v 0.980785 0.195090 -0.000000
v 1.000000 0.000000 -0.000000
v 0.980785 -0.195090 -0.000000
v 0.923879 -0.382683 0.000000
v 0.831469 -0.555570 -0.000000
v 0.707107 -0.707107 0.000000
v 0.555570 -0.831470 -0.000000
v 0.382683 -0.923880 -0.000000
v 0.195090 -0.980785 -0.000000
v 0.191342 0.980785 -0.038060
v 0.375330 0.923880 -0.074658
v 0.544895 0.831470 -0.108386
v 0.693520 0.707107 -0.137950
v 0.815493 0.555570 -0.162212
v 0.906127 0.382683 -0.180240
v 0.961940 0.195090 -0.191342
v 0.980785 0.000000 -0.195090
v 0.961940 -0.195090 -0.191342
v 0.906127 -0.382683 -0.180240
v 0.815493 -0.555570 -0.162212
v 0.693520 -0.707107 -0.137950
v 0.544895 -0.831470 -0.108386
v 0.375330 -0.923880 -0.074658
v 0.191342 -0.980785 -0.038060
v 0.180240 0.980785 -0.074658
v 0.353553 0.923880 -0.146447
v 0.513280 0.831470 -0.212608
v 0.653281 0.707107 -0.270598
v 0.768178 0.555570 -0.318190
v 0.853553 0.382683 -0.353553
v 0.906127 0.195090 -0.375330
v 0.923879 0.000000 -0.382683
v 0.906127 -0.195090 -0.375330
v 0.853553 -0.382683 -0.353553
v 0.768178 -0.555570 -0.318190
v 0.653281 -0.707107 -0.270598
v 0.513280 -0.831470 -0.212608
v 0.353553 -0.923880 -0.146447
v 0.180240 -0.980785 -0.074658
v 0.162212 0.980785 -0.108386
v 0.318190 0.923880 -0.212608
v 0.461940 0.831470 -0.308658
v 0.587938 0.707107 -0.392847
v 0.691341 0.555570 -0.461940
v 0.768178 0.382683 -0.513280
v 0.815493 0.195090 -0.544895
v 0.831469 0.000000 -0.555570
v 0.815493 -0.195090 -0.544895
v 0.768178 -0.382683 -0.513280
v 0.691341 -0.555570 -0.461940
v 0.587938 -0.707107 -0.392847
v 0.461940 -0.831470 -0.308658
v 0.318190 -0.923880 -0.212608
v 0.162212 -0.980785 -0.108386
v 0.137950 0.980785 -0.137950
v 0.270598 0.923880 -0.270598
v 0.392847 0.831470 -0.392847
v 0.500000 0.707107 -0.500000
v 0.587938 0.555570 -0.587938
v 0.653281 0.382683 -0.653281
v 0.693520 0.195090 -0.693520
v 0.707106 0.000000 -0.707107
v 0.693520 -0.195090 -0.693520
v 0.653281 -0.382683 -0.653281
v 0.587938 -0.555570 -0.587938
v 0.500000 -0.707107 -0.500000
v 0.392847 -0.831470 -0.392847
v 0.270598 -0.923880 -0.270598
v 0.137950 -0.980785 -0.137950
v 0.108386 0.980785 -0.162212
v 0.212607 0.923880 -0.318190
v 0.308658 0.831470 -0.461940
v 0.392847 0.707107 -0.587938
v 0.461940 0.555570 -0.691342
v 0.513280 0.382683 -0.768178
v 0.544895 0.195090 -0.815493
v 0.555570 0.000000 -0.831469
v 0.544895 -0.195090 -0.815493
v 0.513280 -0.382683 -0.768178
v 0.461940 -0.555570 -0.691342
v 0.392847 -0.707107 -0.587938
v 0.308658 -0.831470 -0.461940
v 0.212607 -0.923880 -0.318190
v 0.108386 -0.980785 -0.162212
v 0.074658 0.980785 -0.180240
v 0.146447 0.923880 -0.353553
v 0.212607 0.831470 -0.513280
v 0.270598 0.707107 -0.653281
v 0.318189 0.555570 -0.768178
v 0.353553 0.382683 -0.853553
v 0.375330 0.195090 -0.906127
v 0.382683 0.000000 -0.923879
v 0.375330 -0.195090 -0.906127
v 0.353553 -0.382683 -0.853553
v 0.318189 -0.555570 -0.768178
v 0.270598 -0.707107 -0.653281
v 0.212607 -0.831470 -0.513280
v 0.146447 -0.923880 -0.353553
v 0.074658 -0.980785 -0.180240
v 0.038060 0.980785 -0.191342
v 0.074658 0.923880 -0.375330
v 0.108386 0.831470 -0.544895
v 0.137950 0.707107 -0.693520
v 0.162212 0.555570 -0.815493
v 0.180240 0.382683 -0.906127
v 0.191342 0.195090 -0.961939
v 0.195090 0.000000 -0.980785
v 0.191342 -0.195090 -0.961939
v 0.180240 -0.382683 -0.906127
v 0.162212 -0.555570 -0.815493
v 0.137950 -0.707107 -0.693520
v 0.108386 -0.831470 -0.544895
v 0.074658 -0.923880 -0.375330
v 0.038060 -0.980785 -0.191342
v -0.000000 0.980785 -0.195090
v -0.000000 0.923880 -0.382683
v -0.000000 0.831470 -0.555570
v -0.000000 0.707107 -0.707107
v -0.000000 0.555570 -0.831469
v 0.000000 0.382683 -0.923879
v -0.000000 0.195090 -0.980785
v -0.000000 0.000000 -0.999999
v -0.000000 -0.195090 -0.980785
v 0.000000 -0.382683 -0.923879
v -0.000000 -0.555570 -0.831469
v -0.000000 -0.707107 -0.707107
v -0.000000 -0.831470 -0.555570
v -0.000000 -0.923880 -0.382683
v -0.000000 -0.980785 -0.195090
v -0.038060 0.980785 -0.191342
v -0.074658 0.923880 -0.375330
v -0.108386 0.831470 -0.544895
v -0.137950 0.707107 -0.693520
v -0.162212 0.555570 -0.815493
v -0.180240 0.382683 -0.906127
v -0.191342 0.195090 -0.961939
v -0.195091 0.000000 -0.980785
v -0.191342 -0.195090 -0.961939
v -0.180240 -0.382683 -0.906127
v -0.162212 -0.555570 -0.815493
v -0.137950 -0.707107 -0.693520
v -0.108386 -0.831470 -0.544895
v -0.074658 -0.923880 -0.375330
v -0.038060 -0.980785 -0.191342
v -0.074658 0.980785 -0.180240
v -0.146447 0.923880 -0.353553
v -0.212608 0.831470 -0.513280
v -0.270598 0.707107 -0.653281
v -0.318190 0.555570 -0.768177
v -0.353553 0.382683 -0.853553
v -0.375330 0.195090 -0.906127
v -0.382683 0.000000 -0.923879
v -0.375330 -0.195090 -0.906127
v -0.353553 -0.382683 -0.853553
v -0.318190 -0.555570 -0.768177
v -0.270598 -0.707107 -0.653281
v -0.212608 -0.831470 -0.513280
v -0.146447 -0.923880 -0.353553
v -0.074658 -0.980785 -0.180240
v -0.108386 0.980785 -0.162212
v -0.212608 0.923880 -0.318190
v -0.308658 0.831470 -0.461939
v -0.392847 0.707107 -0.587938
v -0.461940 0.555570 -0.691341
v -0.513280 0.382683 -0.768178
v -0.544895 0.195090 -0.815493
v -0.555570 0.000000 -0.831469
v -0.544895 -0.195090 -0.815493
v -0.513280 -0.382683 -0.768178
v -0.461940 -0.555570 -0.691341
v -0.392847 -0.707107 -0.587938
v -0.308658 -0.831470 -0.461939
v -0.212608 -0.923880 -0.318190
v -0.108386 -0.980785 -0.162212
v -0.137950 0.980785 -0.137950
v -0.270598 0.923880 -0.270598
v -0.392847 0.831470 -0.392847
v -0.500000 0.707107 -0.500000
v -0.587938 0.555570 -0.587937
v -0.653281 0.382683 -0.653281
v -0.693520 0.195090 -0.693520
v -0.707106 0.000000 -0.707106
v -0.693520 -0.195090 -0.693520
v -0.653281 -0.382683 -0.653281
v -0.587938 -0.555570 -0.587937
v -0.500000 -0.707107 -0.500000
v -0.392847 -0.831470 -0.392847
v -0.270598 -0.923880 -0.270598
v -0.137950 -0.980785 -0.137950
v 0.000000 -1.000000 0.000000
v -0.162212 0.980785 -0.108386
v -0.318190 0.923880 -0.212607
v -0.461940 0.831470 -0.308658
v -0.587938 0.707107 -0.392847
v -0.691341 0.555570 -0.461939
v -0.768177 0.382683 -0.513280
v -0.815493 0.195090 -0.544895
v -0.831469 0.000000 -0.555569
v -0.815493 -0.195090 -0.544895
v -0.768177 -0.382683 -0.513280
v -0.691341 -0.555570 -0.461939
v -0.587938 -0.707107 -0.392847
v -0.461940 -0.831470 -0.308658
v -0.318190 -0.923880 -0.212607
v -0.162212 -0.980785 -0.108386
v -0.180240 0.980785 -0.074658
v -0.353553 0.923880 -0.146447
v -0.513280 0.831470 -0.212607
v -0.653281 0.707107 -0.270598
v -0.768177 0.555570 -0.318189
v -0.853553 0.382683 -0.353553
v -0.906127 0.195090 -0.375330
v -0.923879 0.000000 -0.382683
v -0.906127 -0.195090 -0.375330
v -0.853553 -0.382683 -0.353553
v -0.768177 -0.555570 -0.318189
v -0.653281 -0.707107 -0.270598
v -0.513280 -0.831470 -0.212607
v -0.353553 -0.923880 -0.146447
v -0.180240 -0.980785 -0.074658
v -0.191342 0.980785 -0.038060
v -0.375330 0.923880 -0.074658
v -0.544895 0.831470 -0.108386
v -0.693520 0.707107 -0.137950
v -0.815493 0.555570 -0.162211
v -0.906127 0.382683 -0.180240
v -0.961939 0.195090 -0.191341
v -0.980784 0.000000 -0.195090
v -0.961939 -0.195090 -0.191341
v -0.906127 -0.382683 -0.180240
v -0.815493 -0.555570 -0.162211
v -0.693520 -0.707107 -0.137950
v -0.544895 -0.831470 -0.108386
v -0.375330 -0.923880 -0.074658
v -0.191342 -0.980785 -0.038060
v -0.195090 0.980785 0.000000
v -0.382683 0.923880 0.000000
v -0.555570 0.831470 0.000000
v -0.707107 0.707107 0.000000
v -0.831469 0.555570 0.000000
v -0.923879 0.382683 0.000000
v -0.980785 0.195090 0.000000
v -0.999999 0.000000 0.000000
v -0.980785 -0.195090 0.000000
v -0.923879 -0.382683 0.000000
v -0.831469 -0.555570 0.000000
v -0.707107 -0.707107 0.000000
v -0.555570 -0.831470 0.000000
v -0.382683 -0.923880 0.000000
v -0.195090 -0.980785 0.000000
v -0.191342 0.980785 0.038060
v -0.375330 0.923880 0.074658
v -0.544895 0.831470 0.108386
v -0.693520 0.707107 0.137950
v -0.815493 0.555570 0.162212
v -0.906127 0.382683 0.180240
v -0.961939 0.195090 0.191342
v -0.980784 0.000000 0.195091
v -0.961939 -0.195090 0.191342
v -0.906127 -0.382683 0.180240
v -0.815493 -0.555570 0.162212
v -0.693520 -0.707107 0.137950
v -0.544895 -0.831470 0.108386
v -0.375330 -0.923880 0.074658
v -0.191342 -0.980785 0.038060
v -0.180240 0.980785 0.074658
v -0.353553 0.923880 0.146447
v -0.513279 0.831470 0.212607
v -0.653281 0.707107 0.270598
v -0.768177 0.555570 0.318190
v -0.853553 0.382683 0.353553
v -0.906127 0.195090 0.375330
v -0.923878 0.000000 0.382683
v -0.906127 -0.195090 0.375330
v -0.853553 -0.382683 0.353553
v -0.768177 -0.555570 0.318190
v -0.653281 -0.707107 0.270598
v -0.513279 -0.831470 0.212607
v -0.353553 -0.923880 0.146447
v -0.180240 -0.980785 0.074658
v -0.162212 0.980785 0.108386
v -0.318189 0.923880 0.212607
v -0.461939 0.831470 0.308658
v -0.587938 0.707107 0.392847
v -0.691341 0.555570 0.461940
v -0.768177 0.382683 0.513280
v -0.815493 0.195090 0.544895
v -0.831468 0.000000 0.555570
v -0.815493 -0.195090 0.544895
v -0.768177 -0.382683 0.513280
v -0.691341 -0.555570 0.461940
v -0.587938 -0.707107 0.392847
v -0.461939 -0.831470 0.308658
v -0.318189 -0.923880 0.212607
v -0.162212 -0.980785 0.108386
v -0.137950 0.980785 0.137950
v -0.270598 0.923880 0.270598
v -0.392847 0.831470 0.392847
v -0.500000 0.707107 0.500000
v -0.587937 0.555570 0.587938
v -0.653281 0.382683 0.653281
v -0.693519 0.195090 0.693520
v -0.707106 0.000000 0.707106
v -0.693519 -0.195090 0.693520
v -0.653281 -0.382683 0.653281
v -0.587937 -0.555570 0.587938
v -0.500000 -0.707107 0.500000
v -0.392847 -0.831470 0.392847
v -0.270598 -0.923880 0.270598
v -0.137950 -0.980785 0.137950
v -0.108386 0.980785 0.162212
v -0.212607 0.923880 0.318190
v -0.308658 0.831470 0.461939
v -0.392847 0.707107 0.587938
v -0.461939 0.555570 0.691341
v -0.513280 0.382683 0.768177
v -0.544895 0.195090 0.815493
v -0.555569 0.000000 0.831469
v -0.544895 -0.195090 0.815493
v -0.513280 -0.382683 0.768177
v -0.461939 -0.555570 0.691341
v -0.392847 -0.707107 0.587938
v -0.308658 -0.831470 0.461939
v -0.212607 -0.923880 0.318190
v -0.108386 -0.980785 0.162212
v -0.074658 0.980785 0.180240
v -0.146446 0.923880 0.353553
v -0.212607 0.831470 0.513279
v -0.270598 0.707107 0.653281
v -0.318189 0.555570 0.768177
v -0.353553 0.382683 0.853553
v -0.375330 0.195090 0.906127
v -0.382683 0.000000 0.923879
v -0.375330 -0.195090 0.906127
v -0.353553 -0.382683 0.853553
v -0.318189 -0.555570 0.768177
v -0.270598 -0.707107 0.653281
v -0.212607 -0.831470 0.513279
v -0.146446 -0.923880 0.353553
v -0.074658 -0.980785 0.180240
v -0.038060 0.980785 0.191342
v -0.074658 0.923880 0.375330
v -0.108386 0.831470 0.544895
v -0.137950 0.707107 0.693520
v -0.162211 0.555570 0.815493
v -0.180240 0.382683 0.906127
v -0.191341 0.195090 0.961939
v -0.195090 0.000000 0.980784
v -0.191341 -0.195090 0.961939
v -0.180240 -0.382683 0.906127
v -0.162211 -0.555570 0.815493
v -0.137950 -0.707107 0.693520
v -0.108386 -0.831470 0.544895
v -0.074658 -0.923880 0.375330
v -0.038060 -0.980785 0.191342
v 0.000000 0.980785 0.195090
v 0.000000 0.923880 0.382683
v 0.000000 0.707107 0.707107
v 0.000000 0.382683 0.923879
v 0.000000 -0.382683 0.923879
v 0.000000 -0.707107 0.707107
v 0.000000 -0.831470 0.555570
v 0.000000 -0.923880 0.382683
v 0.000000 -0.980785 0.195090
v 0.292806 0.535656 -0.300365
v 0.276871 0.617346 -0.223739
v 0.257890 0.677986 -0.136396
v 0.236591 0.715245 -0.041693
v 0.213794 0.727693 0.056730
v 0.190373 0.714850 0.155090
v 0.167231 0.677210 0.249608
v 0.145254 0.616219 0.336653
v 0.125289 0.534222 0.412877
v 0.108103 0.434370 0.475353
v 0.094355 0.320499 0.521680
v 0.084574 0.196985 0.550076
v 0.079137 0.068577 0.559451
v 0.078252 -0.059794 0.549445
v 0.081953 -0.183191 0.520442
v 0.090097 -0.296875 0.473556
v 0.102373 -0.396476 0.410591
v 0.118307 -0.478165 0.333964
v 0.137288 -0.538805 0.246621
v 0.158587 -0.576065 0.151918
v 0.181384 -0.588513 0.053496
v 0.204805 -0.575670 -0.044865
v 0.227948 -0.538030 -0.139383
v 0.249924 -0.477039 -0.226427
v 0.269889 -0.395042 -0.302652
v 0.287075 -0.295189 -0.365128
v 0.300823 -0.181318 -0.411454
v 0.310604 -0.057805 -0.439851
v 0.316041 0.070604 -0.449226
v 0.316926 0.198974 -0.439220
v 0.313226 0.322372 -0.410217
v 0.305082 0.436055 -0.363331
v 1.155587 0.180434 0.033907
v 0.850718 0.303111 0.309704
v 0.846904 0.329252 0.335096
v 0.844486 0.363225 0.348609
v 0.843926 0.381559 0.350186
v 0.843833 0.399859 0.348185
v 0.845043 0.433576 0.333890
v 0.851849 0.288710 0.275489
v 0.846111 0.294145 0.292115
v 0.840756 0.302906 0.307395
v 0.835990 0.314657 0.320742
v 0.831995 0.328946 0.331641
v 0.828926 0.345223 0.339674
v 0.826900 0.362864 0.344533
v 0.825995 0.381191 0.346030
v 0.826247 0.399498 0.344109
v 0.827644 0.417083 0.338843
v 0.830134 0.433270 0.330435
v 0.833621 0.447436 0.319207
v 0.837970 0.459038 0.305590
v 0.843016 0.467629 0.290110
v 0.848563 0.472880 0.273359
v 0.848576 0.288634 0.274011
v 0.839691 0.293997 0.289217
v 0.831436 0.302691 0.303187
v 0.824128 0.314383 0.315386
v 0.818047 0.328624 0.325343
v 0.813428 0.344866 0.332676
v 0.810448 0.362485 0.337104
v 0.809220 0.380804 0.338456
v 0.809794 0.399119 0.336680
v 0.812146 0.416726 0.331845
v 0.816186 0.432948 0.324137
v 0.821759 0.447163 0.313851
v 0.828651 0.458823 0.301382
v 0.836596 0.467481 0.287211
v 0.845290 0.472804 0.271882
v 0.845655 0.288558 0.271923
v 0.833961 0.293847 0.285121
v 0.823117 0.302474 0.297242
v 0.813539 0.314107 0.307818
v 0.805597 0.328299 0.316444
v 0.799594 0.344505 0.322789
v 0.795761 0.362102 0.326608
v 0.794246 0.380413 0.327754
v 0.795107 0.398735 0.326184
v 0.798312 0.416364 0.321958
v 0.803735 0.432623 0.315238
v 0.811170 0.446886 0.306283
v 0.820332 0.458606 0.295437
v 0.830866 0.467332 0.283116
v 0.842369 0.472728 0.269794
v 0.843197 0.288484 0.269305
v 0.829140 0.293702 0.279986
v 0.816118 0.302263 0.289787
v 0.804631 0.313838 0.298330
v 0.795122 0.327983 0.305287
v 0.787954 0.344154 0.310392
v 0.783405 0.361729 0.313447
v 0.781648 0.380033 0.314335
v 0.782751 0.398363 0.313023
v 0.786672 0.416013 0.309561
v 0.793260 0.432307 0.304081
v 0.802262 0.446618 0.296795
v 0.813332 0.458395 0.287982
v 0.826044 0.467186 0.277981
v 0.839911 0.472654 0.267176
v 0.841297 0.288415 0.266258
v 0.825413 0.293566 0.274009
v 0.810708 0.302066 0.281109
v 0.797745 0.313588 0.287285
v 0.787024 0.327689 0.292300
v 0.778957 0.343827 0.295961
v 0.773854 0.361381 0.298128
v 0.771910 0.379679 0.298716
v 0.773200 0.398015 0.297704
v 0.777675 0.415686 0.295131
v 0.785163 0.432013 0.291094
v 0.795376 0.446367 0.285750
v 0.807922 0.458198 0.279304
v 0.822318 0.467051 0.272003
v 0.838011 0.472585 0.264129
v 0.857749 0.286810 0.258154
v 0.840028 0.288353 0.262899
v 0.822924 0.293446 0.267419
v 0.807094 0.301891 0.271542
v 0.793147 0.313365 0.275109
v 0.781617 0.327427 0.277983
v 0.772949 0.343535 0.280052
v 0.767475 0.361072 0.281239
v 0.765406 0.379364 0.281496
v 0.766821 0.397706 0.280815
v 0.771667 0.415395 0.279222
v 0.779756 0.431751 0.276777
v 0.790778 0.446144 0.273574
v 0.804309 0.458023 0.269737
v 0.819829 0.466930 0.265414
v 0.836742 0.472523 0.260770
v 0.839439 0.288302 0.259356
v 0.821769 0.293345 0.260471
v 0.805417 0.301745 0.261454
v 0.791011 0.313178 0.262269
v 0.779107 0.327207 0.262885
v 0.770159 0.343292 0.263276
v 0.764514 0.360814 0.263429
v 0.762387 0.379100 0.263338
v 0.763860 0.397447 0.263006
v 0.768877 0.415151 0.262445
v 0.777245 0.431531 0.261678
v 0.788642 0.445958 0.260734
v 0.802631 0.457876 0.259649
v 0.818673 0.466829 0.258465
v 0.836154 0.472472 0.257227
v 0.839552 0.288262 0.255767
v 0.821991 0.293267 0.253429
v 0.805739 0.301632 0.251232
v 0.791422 0.313035 0.249259
v 0.779589 0.327039 0.247586
v 0.770696 0.343105 0.246278
v 0.765083 0.360615 0.245384
v 0.762968 0.378897 0.244939
v 0.764430 0.397249 0.244960
v 0.769414 0.414964 0.245447
v 0.777728 0.431363 0.246380
v 0.789053 0.445815 0.247724
v 0.802954 0.457764 0.249427
v 0.818896 0.466752 0.251424
v 0.836267 0.472432 0.253637
v 0.840364 0.288236 0.252268
v 0.823583 0.293216 0.246567
v 0.808050 0.301558 0.241269
v 0.794363 0.312941 0.236578
v 0.783048 0.326928 0.232675
v 0.774538 0.342982 0.229709
v 0.769162 0.360485 0.227795
v 0.767127 0.378764 0.227006
v 0.768509 0.397118 0.227371
v 0.773256 0.414841 0.228879
v 0.781186 0.431252 0.231469
v 0.791994 0.445720 0.235043
v 0.805265 0.457690 0.239464
v 0.820487 0.466701 0.244561
v 0.837078 0.472406 0.250139
v 0.841842 0.288225 0.248995
v 0.826482 0.293194 0.240146
v 0.812260 0.301526 0.231948
v 0.799721 0.312900 0.224715
v 0.789348 0.326879 0.218725
v 0.781539 0.342927 0.214209
v 0.776594 0.360427 0.211339
v 0.774704 0.378706 0.210228
v 0.775940 0.397061 0.210916
v 0.780256 0.414787 0.213378
v 0.787486 0.431203 0.217519
v 0.797352 0.445679 0.223179
v 0.809474 0.457657 0.230143
v 0.823387 0.466678 0.238140
v 0.838556 0.472395 0.246866
v 0.843930 0.288228 0.246073
v 0.830579 0.293201 0.234414
v 0.818207 0.301535 0.223626
v 0.807290 0.312912 0.214124
v 0.798248 0.326894 0.206271
v 0.791428 0.342944 0.200371
v 0.787093 0.360444 0.196649
v 0.785408 0.378723 0.195250
v 0.786439 0.397078 0.196226
v 0.790146 0.414804 0.199540
v 0.796386 0.431218 0.205065
v 0.804921 0.445692 0.212589
v 0.815421 0.457667 0.221821
v 0.827483 0.466685 0.232409
v 0.840645 0.472398 0.243944
v 0.846548 0.288247 0.243614
v 0.835714 0.293237 0.229592
v 0.825662 0.301587 0.216625
v 0.816779 0.312979 0.205212
v 0.809406 0.326972 0.195793
v 0.803826 0.343031 0.188728
v 0.800254 0.360536 0.184289
v 0.798828 0.378817 0.182647
v 0.799601 0.397170 0.183866
v 0.802544 0.414890 0.187897
v 0.807545 0.431296 0.194587
v 0.814410 0.445758 0.203677
v 0.822877 0.457719 0.214820
v 0.832619 0.466721 0.227586
v 0.843263 0.472417 0.241485
v 0.849596 0.288279 0.241714
v 0.841692 0.293300 0.225863
v 0.834340 0.301680 0.211212
v 0.827824 0.313096 0.198324
v 0.822393 0.327110 0.187692
v 0.818257 0.343184 0.179727
v 0.815574 0.360699 0.174734
v 0.814447 0.378983 0.172905
v 0.814920 0.397333 0.174311
v 0.816975 0.415044 0.178896
v 0.820532 0.431434 0.186486
v 0.825455 0.445875 0.196789
v 0.831555 0.457811 0.209407
v 0.838596 0.466784 0.223858
v 0.846310 0.472449 0.239584
v 0.852955 0.288324 0.240444
v 0.848281 0.293389 0.223373
v 0.843907 0.301809 0.207597
v 0.840000 0.313260 0.193722
v 0.836710 0.327303 0.182281
v 0.834166 0.343398 0.173715
v 0.832462 0.360927 0.168351
v 0.831667 0.379215 0.166397
v 0.831809 0.397560 0.167928
v 0.832883 0.415258 0.172884
v 0.834849 0.431627 0.181075
v 0.837631 0.446039 0.192187
v 0.841121 0.457940 0.205792
v 0.845186 0.466873 0.221367
v 0.849669 0.472494 0.238315
v 0.856497 0.288381 0.239854
v 0.855230 0.293499 0.222216
v 0.853994 0.301969 0.205917
v 0.852839 0.313464 0.191584
v 0.851808 0.327543 0.179768
v 0.850941 0.343665 0.170922
v 0.850271 0.361210 0.165386
v 0.849824 0.379504 0.163374
v 0.849617 0.397844 0.164963
v 0.849659 0.415525 0.170091
v 0.849947 0.431867 0.178561
v 0.850470 0.446244 0.190049
v 0.851209 0.458101 0.204112
v 0.852135 0.466984 0.220210
v 0.853212 0.472551 0.237725
v 0.860087 0.288446 0.239967
v 0.862270 0.293628 0.222437
v 0.864216 0.302155 0.206238
v 0.865848 0.313701 0.191992
v 0.867105 0.327822 0.180247
v 0.867938 0.343975 0.171455
v 0.868315 0.361539 0.165952
v 0.868222 0.379839 0.163951
v 0.867661 0.398172 0.165529
v 0.866656 0.415834 0.170624
v 0.865244 0.432146 0.179041
v 0.863479 0.446480 0.190457
v 0.861430 0.458287 0.204433
v 0.859175 0.467112 0.220431
v 0.856801 0.472616 0.237838
v 0.863585 0.288518 0.240778
v 0.869132 0.293768 0.224027
v 0.874177 0.302360 0.208546
v 0.878527 0.313961 0.194931
v 0.882014 0.328128 0.183703
v 0.884504 0.344315 0.175294
v 0.885901 0.361900 0.170028
v 0.886152 0.380207 0.168107
v 0.885248 0.398533 0.169604
v 0.883222 0.416174 0.174463
v 0.880152 0.432452 0.182497
v 0.876158 0.446741 0.193395
v 0.871392 0.458491 0.206741
v 0.866037 0.467253 0.222021
v 0.860299 0.472688 0.238648
v 0.866857 0.288593 0.242255
v 0.875551 0.293916 0.226926
v 0.883497 0.302575 0.212755
v 0.890389 0.314235 0.200286
v 0.895961 0.328450 0.190000
v 0.900002 0.344672 0.182292
v 0.902354 0.362279 0.177457
v 0.902927 0.380594 0.175681
v 0.901700 0.398913 0.177033
v 0.898719 0.416532 0.181461
v 0.894100 0.432773 0.188794
v 0.888020 0.447014 0.198751
v 0.880711 0.458706 0.210950
v 0.872456 0.467401 0.224920
v 0.863571 0.472763 0.240126
v 0.869779 0.288670 0.244343
v 0.881282 0.294066 0.231021
v 0.891816 0.302792 0.218700
v 0.900977 0.314511 0.207854
v 0.908412 0.328775 0.198899
v 0.913836 0.345033 0.192179
v 0.917040 0.362662 0.187953
v 0.917901 0.380985 0.186383
v 0.916386 0.399296 0.187530
v 0.912554 0.416893 0.191348
v 0.906551 0.433098 0.197693
v 0.898608 0.447291 0.206319
v 0.889030 0.458923 0.216895
v 0.878186 0.467550 0.229015
v 0.866493 0.472840 0.242214
v 0.872236 0.288744 0.246961
v 0.886103 0.294211 0.236156
v 0.898815 0.303003 0.226155
v 0.909885 0.314780 0.217342
v 0.918887 0.329090 0.210056
v 0.925475 0.345384 0.204576
v 0.929396 0.363035 0.201114
v 0.930499 0.381365 0.199801
v 0.928743 0.399669 0.200690
v 0.924193 0.417244 0.203745
v 0.917026 0.433414 0.208850
v 0.907516 0.447559 0.215807
v 0.896030 0.459135 0.224350
v 0.883008 0.467696 0.234150
v 0.868951 0.472914 0.244832
v 0.854399 0.474588 0.255983
v 0.874136 0.288813 0.250008
v 0.889830 0.294347 0.242133
v 0.904225 0.303200 0.234833
v 0.916771 0.315030 0.228387
v 0.926984 0.329385 0.223043
v 0.934472 0.345711 0.219007
v 0.938947 0.363382 0.216433
v 0.940238 0.381719 0.215421
v 0.938294 0.400016 0.216009
v 0.933190 0.417571 0.218176
v 0.925123 0.433709 0.221836
v 0.914402 0.447810 0.226851
v 0.901440 0.459331 0.233028
v 0.886734 0.467831 0.240128
v 0.870850 0.472983 0.247879
v 0.875405 0.288874 0.253367
v 0.892318 0.294468 0.248723
v 0.907839 0.303375 0.244399
v 0.921370 0.315253 0.240563
v 0.932392 0.329647 0.237360
v 0.940481 0.346003 0.234915
v 0.945326 0.363692 0.233321
v 0.946741 0.382034 0.232640
v 0.944672 0.400325 0.232898
v 0.939199 0.417862 0.234084
v 0.930531 0.433971 0.236154
v 0.919001 0.448033 0.239028
v 0.905053 0.459506 0.242594
v 0.889223 0.467952 0.246717
v 0.872119 0.473044 0.251238
v 0.875994 0.288926 0.256910
v 0.893474 0.294569 0.255672
v 0.909516 0.303521 0.254488
v 0.923505 0.315440 0.253403
v 0.934902 0.329866 0.252458
v 0.943270 0.346246 0.251691
v 0.948287 0.363950 0.251131
v 0.949761 0.382298 0.250799
v 0.947634 0.400584 0.250707
v 0.941988 0.418106 0.250860
v 0.933041 0.434190 0.251252
v 0.921136 0.448219 0.251868
v 0.906731 0.459653 0.252683
v 0.890379 0.468053 0.253666
v 0.872708 0.473096 0.254781
v 0.875881 0.288965 0.260500
v 0.893252 0.294646 0.262713
v 0.909194 0.303634 0.264710
v 0.923094 0.315583 0.266413
v 0.934419 0.330035 0.267757
v 0.942734 0.346433 0.268690
v 0.947718 0.364149 0.269177
v 0.949180 0.382500 0.269198
v 0.947064 0.400782 0.268753
v 0.941452 0.418293 0.267859
v 0.932558 0.434359 0.266551
v 0.920725 0.448362 0.264878
v 0.906408 0.459765 0.262905
v 0.890156 0.468130 0.260707
v 0.872595 0.473135 0.258370
v 0.875069 0.288991 0.263998
v 0.891660 0.294697 0.269576
v 0.906883 0.303708 0.274673
v 0.920153 0.315677 0.279094
v 0.930961 0.330145 0.282668
v 0.938891 0.346556 0.285258
v 0.943639 0.364279 0.286766
v 0.945021 0.382633 0.287131
v 0.942985 0.400913 0.286342
v 0.937609 0.418416 0.284427
v 0.929100 0.434469 0.281462
v 0.917784 0.448456 0.277558
v 0.904097 0.459839 0.272868
v 0.888565 0.468181 0.267570
v 0.871784 0.473161 0.261869
v 0.873591 0.289003 0.267271
v 0.888760 0.294719 0.275996
v 0.902673 0.303740 0.283994
v 0.914796 0.315719 0.290957
v 0.924661 0.330194 0.296618
v 0.931891 0.346611 0.300759
v 0.936207 0.364337 0.303221
v 0.937444 0.382692 0.303909
v 0.935553 0.400971 0.302797
v 0.930609 0.418470 0.299928
v 0.922800 0.434518 0.295412
v 0.912427 0.448498 0.289422
v 0.899888 0.459872 0.282189
v 0.885665 0.468204 0.273991
v 0.870305 0.473173 0.265142
v 0.871503 0.288999 0.270193
v 0.884664 0.294713 0.281728
v 0.896726 0.303730 0.292316
v 0.907227 0.315706 0.301548
v 0.915761 0.330179 0.309072
v 0.922002 0.346594 0.314597
v 0.925709 0.364319 0.317911
v 0.926740 0.382674 0.318887
v 0.925055 0.400953 0.317488
v 0.920720 0.418454 0.313766
v 0.913900 0.434503 0.307866
v 0.904858 0.448485 0.300013
v 0.893941 0.459862 0.290510
v 0.881569 0.468197 0.279722
v 0.868217 0.473169 0.268064
v 0.868885 0.288981 0.272652
v 0.879529 0.294677 0.286551
v 0.889271 0.303678 0.299317
v 0.897737 0.315640 0.310460
v 0.904603 0.330101 0.319550
v 0.909603 0.346508 0.326240
v 0.912547 0.364228 0.330271
v 0.913320 0.382581 0.331489
v 0.911893 0.400861 0.329848
v 0.908321 0.418367 0.325409
v 0.902742 0.434425 0.318344
v 0.895368 0.448419 0.308924
v 0.886485 0.459810 0.297512
v 0.876433 0.468161 0.284545
v 0.865599 0.473151 0.270522
v 0.865838 0.288949 0.274552
v 0.873551 0.294613 0.290279
v 0.880593 0.303586 0.304729
v 0.886692 0.315522 0.317348
v 0.891615 0.329963 0.327651
v 0.895173 0.346354 0.335241
v 0.897227 0.364065 0.339826
v 0.897700 0.382414 0.341231
v 0.896573 0.400698 0.339403
v 0.893890 0.418214 0.334410
v 0.889754 0.434287 0.326445
v 0.884323 0.448302 0.315813
v 0.877807 0.459718 0.302924
v 0.870456 0.468098 0.288273
v 0.862552 0.473118 0.272423
v 0.862478 0.288903 0.275822
v 0.866961 0.294524 0.292770
v 0.871026 0.303457 0.308345
v 0.874517 0.315358 0.321950
v 0.877298 0.329770 0.333062
v 0.879264 0.346140 0.341253
v 0.880339 0.363837 0.346209
v 0.880481 0.382183 0.347739
v 0.879685 0.400471 0.345785
v 0.877982 0.417999 0.340422
v 0.875437 0.434094 0.331856
v 0.872148 0.448138 0.320415
v 0.868241 0.459589 0.306540
v 0.863866 0.468009 0.290764
v 0.859192 0.473073 0.273693
v 0.858936 0.288847 0.276412
v 0.860013 0.294414 0.293927
v 0.860939 0.303297 0.310025
v 0.861677 0.315154 0.324088
v 0.862201 0.329530 0.335576
v 0.862489 0.345873 0.344046
v 0.862530 0.363554 0.349175
v 0.862323 0.381894 0.350763
v 0.861877 0.400187 0.348751
v 0.861207 0.417732 0.343215
v 0.860340 0.433854 0.334370
v 0.859308 0.447933 0.322553
v 0.858153 0.459428 0.308220
v 0.856918 0.467898 0.291921
v 0.855650 0.473017 0.274283
v 0.855347 0.288782 0.276299
v 0.852973 0.294286 0.293706
v 0.848669 0.314917 0.323680
v 0.845492 0.345563 0.343513
v 0.844210 0.417423 0.342682
v 0.846299 0.447696 0.322145
v 0.847932 0.459242 0.307899
v 0.849877 0.467770 0.291700
v 0.852061 0.472952 0.274170
v 0.860875 0.328312 -0.187687
v 0.857061 0.354454 -0.162295
v 0.854644 0.388427 -0.148783
v 0.854083 0.406760 -0.147205
v 0.853990 0.425061 -0.149206
v 0.855200 0.458778 -0.163501
v 0.862006 0.313912 -0.221903
v 0.856268 0.319347 -0.205276
v 0.850913 0.328108 -0.189996
v 0.846147 0.339859 -0.176649
v 0.842152 0.354148 -0.165750
v 0.839083 0.370425 -0.157717
v 0.837057 0.388066 -0.152858
v 0.836153 0.406392 -0.151361
v 0.836404 0.424700 -0.153282
v 0.837801 0.442285 -0.158548
v 0.840291 0.458472 -0.166956
v 0.843778 0.472638 -0.178185
v 0.848128 0.484240 -0.191801
v 0.853173 0.492831 -0.207281
v 0.858720 0.498082 -0.224032
v 0.858733 0.313836 -0.223380
v 0.849849 0.319199 -0.208174
v 0.841594 0.327893 -0.194204
v 0.834285 0.339585 -0.182005
v 0.828205 0.353826 -0.172048
v 0.823585 0.370068 -0.164715
v 0.820605 0.387687 -0.160287
v 0.819378 0.406006 -0.158935
v 0.819951 0.424320 -0.160711
v 0.822303 0.441927 -0.165546
v 0.826343 0.458150 -0.173254
v 0.831916 0.472365 -0.183540
v 0.838808 0.484025 -0.196009
v 0.846754 0.492683 -0.210180
v 0.855448 0.498006 -0.225509
v 0.855812 0.313760 -0.225468
v 0.844118 0.319049 -0.212270
v 0.833274 0.327676 -0.200149
v 0.823697 0.339309 -0.189573
v 0.815754 0.353501 -0.180947
v 0.809751 0.369707 -0.174602
v 0.805918 0.387303 -0.170783
v 0.804404 0.405615 -0.169637
v 0.805265 0.423937 -0.171207
v 0.808469 0.441566 -0.175433
v 0.813893 0.457825 -0.182153
v 0.821328 0.472088 -0.191108
v 0.830489 0.483808 -0.201954
v 0.841023 0.492533 -0.214275
v 0.852526 0.497930 -0.227597
v 0.853354 0.313686 -0.228086
v 0.839297 0.318904 -0.217405
v 0.826275 0.327465 -0.207605
v 0.814789 0.339040 -0.199061
v 0.805279 0.353185 -0.192104
v 0.798112 0.369356 -0.186999
v 0.793562 0.386931 -0.183944
v 0.791805 0.405235 -0.183056
v 0.792908 0.423564 -0.184368
v 0.796830 0.441215 -0.187830
v 0.803418 0.457509 -0.193310
v 0.812420 0.471819 -0.200596
v 0.823489 0.483597 -0.209410
v 0.836202 0.492388 -0.219410
v 0.850068 0.497856 -0.230215
v 0.851455 0.313617 -0.231133
v 0.835570 0.318768 -0.223382
v 0.820865 0.327268 -0.216282
v 0.807903 0.338790 -0.210106
v 0.797182 0.352890 -0.205091
v 0.789115 0.369028 -0.201430
v 0.784011 0.386583 -0.199263
v 0.782067 0.404881 -0.198675
v 0.783357 0.423217 -0.199687
v 0.787833 0.440888 -0.202261
v 0.795321 0.457214 -0.206297
v 0.805534 0.471569 -0.211641
v 0.818079 0.483400 -0.218087
v 0.832475 0.492252 -0.225388
v 0.848169 0.497787 -0.233262
v 0.867906 0.312012 -0.239237
v 0.850186 0.313555 -0.234492
v 0.833082 0.318648 -0.229972
v 0.817252 0.327093 -0.225849
v 0.803304 0.338567 -0.222282
v 0.791774 0.352628 -0.219408
v 0.783106 0.368737 -0.217339
v 0.777632 0.386274 -0.216152
v 0.775563 0.404565 -0.215895
v 0.776979 0.422908 -0.216576
v 0.781824 0.440597 -0.218169
v 0.789913 0.456952 -0.220614
v 0.800935 0.471346 -0.223817
v 0.814466 0.483225 -0.227654
v 0.829986 0.492132 -0.231977
v 0.846900 0.497725 -0.236621
v 0.849597 0.313504 -0.238035
v 0.831926 0.318547 -0.236920
v 0.815574 0.326946 -0.235937
v 0.801169 0.338380 -0.235122
v 0.789264 0.352409 -0.234507
v 0.780317 0.368493 -0.234115
v 0.774671 0.386015 -0.233962
v 0.772544 0.404302 -0.234053
v 0.774017 0.422649 -0.234385
v 0.779035 0.440353 -0.234946
v 0.787403 0.456733 -0.235713
v 0.798800 0.471160 -0.236657
v 0.812789 0.483078 -0.237742
v 0.828831 0.492031 -0.238926
v 0.846311 0.497674 -0.240164
v 0.849710 0.313464 -0.241624
v 0.832148 0.318469 -0.243962
v 0.815897 0.326834 -0.246159
v 0.801579 0.338237 -0.248132
v 0.789747 0.352241 -0.249805
v 0.780853 0.368307 -0.251114
v 0.775241 0.385817 -0.252007
v 0.773125 0.404099 -0.252452
v 0.774587 0.422451 -0.252431
v 0.779571 0.440166 -0.251944
v 0.787886 0.456565 -0.251011
v 0.799210 0.471016 -0.249667
v 0.813111 0.482966 -0.247964
v 0.829053 0.491953 -0.245967
v 0.846424 0.497634 -0.243754
v 0.850521 0.313438 -0.245123
v 0.833740 0.318418 -0.250824
v 0.818208 0.326760 -0.256122
v 0.804520 0.338143 -0.260813
v 0.793205 0.352130 -0.264716
v 0.784696 0.368184 -0.267682
v 0.779320 0.385686 -0.269596
v 0.777284 0.403966 -0.270386
v 0.778666 0.422320 -0.270020
v 0.783414 0.440043 -0.268513
v 0.791344 0.456454 -0.265922
v 0.802151 0.470922 -0.262348
v 0.815422 0.482892 -0.257927
v 0.830645 0.491903 -0.252830
v 0.847236 0.497608 -0.247252
v 0.852000 0.313427 -0.248396
v 0.836640 0.318396 -0.257245
v 0.822417 0.326727 -0.265444
v 0.809878 0.338102 -0.272677
v 0.799505 0.352081 -0.278666
v 0.791696 0.368129 -0.283183
v 0.786751 0.385629 -0.286052
v 0.784861 0.403907 -0.287164
v 0.786098 0.422263 -0.286475
v 0.790414 0.439989 -0.284013
v 0.797644 0.456405 -0.279873
v 0.807509 0.470881 -0.274212
v 0.819631 0.482859 -0.267249
v 0.833544 0.491880 -0.259251
v 0.848714 0.497597 -0.250525
v 0.854088 0.313430 -0.251318
v 0.840736 0.318402 -0.262977
v 0.828364 0.326737 -0.273765
v 0.817447 0.338114 -0.283267
v 0.808405 0.352096 -0.291120
v 0.801585 0.368146 -0.297020
v 0.797250 0.385646 -0.300742
v 0.795565 0.403925 -0.302141
v 0.796596 0.422280 -0.301165
v 0.800303 0.440005 -0.297851
v 0.806544 0.456420 -0.292326
v 0.815078 0.470893 -0.284803
v 0.825578 0.482869 -0.275570
v 0.837641 0.491887 -0.264982
v 0.850802 0.497600 -0.253447
v 0.856706 0.313449 -0.253777
v 0.845871 0.318438 -0.267800
v 0.835819 0.326789 -0.280766
v 0.826936 0.338180 -0.292179
v 0.819563 0.352174 -0.301598
v 0.813984 0.368232 -0.308663
v 0.810412 0.385738 -0.313102
v 0.808985 0.404019 -0.314744
v 0.809758 0.422372 -0.313525
v 0.812701 0.440092 -0.309494
v 0.817702 0.456498 -0.302804
v 0.824567 0.470960 -0.293714
v 0.833034 0.482921 -0.282571
v 0.842776 0.491923 -0.269805
v 0.853420 0.497619 -0.255906
v 0.859753 0.313481 -0.255678
v 0.851849 0.318502 -0.271528
v 0.844497 0.326882 -0.286179
v 0.837981 0.338298 -0.299067
v 0.832551 0.352312 -0.309699
v 0.828414 0.368386 -0.317664
v 0.825731 0.385901 -0.322657
v 0.824605 0.404185 -0.324486
v 0.825078 0.422535 -0.323080
v 0.827132 0.440245 -0.318495
v 0.830689 0.456636 -0.310905
v 0.835612 0.471077 -0.300602
v 0.841712 0.483013 -0.287984
v 0.848754 0.491986 -0.273533
v 0.856467 0.497651 -0.257807
v 0.863112 0.313526 -0.256947
v 0.858438 0.318591 -0.274018
v 0.854064 0.327010 -0.289794
v 0.850157 0.338462 -0.303669
v 0.846868 0.352505 -0.315110
v 0.844323 0.368600 -0.323676
v 0.842620 0.386129 -0.329040
v 0.841824 0.404417 -0.330994
v 0.841966 0.422762 -0.329463
v 0.843041 0.440460 -0.324507
v 0.845007 0.456829 -0.316316
v 0.847788 0.471241 -0.305204
v 0.851278 0.483142 -0.291599
v 0.855343 0.492075 -0.276024
v 0.859827 0.497696 -0.259076
v 0.866655 0.313583 -0.257537
v 0.865387 0.318701 -0.275175
v 0.864152 0.327171 -0.291474
v 0.862996 0.338666 -0.305807
v 0.861965 0.352745 -0.317624
v 0.861098 0.368867 -0.326470
v 0.860428 0.386412 -0.332005
v 0.859981 0.404706 -0.334017
v 0.859775 0.423046 -0.332429
v 0.859816 0.440727 -0.327300
v 0.860104 0.457069 -0.318830
v 0.860627 0.471445 -0.307342
v 0.861366 0.483303 -0.293279
v 0.862292 0.492186 -0.277181
v 0.863369 0.497753 -0.259666
v 0.870244 0.313648 -0.257424
v 0.872428 0.318829 -0.274954
v 0.874373 0.327357 -0.291153
v 0.876005 0.338903 -0.305399
v 0.877262 0.353024 -0.317144
v 0.878095 0.369176 -0.325937
v 0.878472 0.386741 -0.331439
v 0.878379 0.405041 -0.333440
v 0.877819 0.423374 -0.331862
v 0.876813 0.441036 -0.326767
v 0.875401 0.457348 -0.318350
v 0.873636 0.471682 -0.306934
v 0.871587 0.483489 -0.292958
v 0.869332 0.492314 -0.276960
v 0.866958 0.497818 -0.259554
v 0.873742 0.313720 -0.256614
v 0.879289 0.318970 -0.273364
v 0.884335 0.327561 -0.288845
v 0.888684 0.339163 -0.302461
v 0.892171 0.353330 -0.313688
v 0.894661 0.369516 -0.322097
v 0.896058 0.387101 -0.327363
v 0.896310 0.405409 -0.329284
v 0.895405 0.423735 -0.327787
v 0.893379 0.441376 -0.322928
v 0.890310 0.457654 -0.314895
v 0.886315 0.471942 -0.303996
v 0.881549 0.483693 -0.290650
v 0.876194 0.492455 -0.275370
v 0.870456 0.497890 -0.258743
v 0.877015 0.313795 -0.255136
v 0.885709 0.319118 -0.270465
v 0.893654 0.327776 -0.284636
v 0.900546 0.339437 -0.297105
v 0.906119 0.353651 -0.307391
v 0.910159 0.369874 -0.315099
v 0.912511 0.387481 -0.319934
v 0.913084 0.405796 -0.321710
v 0.911857 0.424115 -0.320358
v 0.908877 0.441733 -0.315930
v 0.904258 0.457975 -0.308597
v 0.898177 0.472216 -0.298640
v 0.890868 0.483908 -0.286442
v 0.882613 0.492603 -0.272471
v 0.873729 0.497965 -0.257265
v 0.879936 0.313871 -0.253048
v 0.891439 0.319268 -0.266370
v 0.901973 0.327994 -0.278691
v 0.911134 0.339713 -0.289537
v 0.918569 0.353976 -0.298492
v 0.923993 0.370235 -0.305212
v 0.927197 0.387864 -0.309438
v 0.928059 0.406187 -0.311008
v 0.926544 0.424498 -0.309861
v 0.922711 0.442095 -0.306043
v 0.916708 0.458300 -0.299699
v 0.908765 0.472492 -0.291072
v 0.899188 0.484125 -0.280496
v 0.888344 0.492752 -0.268376
v 0.876650 0.498041 -0.255177
v 0.882394 0.313946 -0.250430
v 0.896260 0.319413 -0.261235
v 0.908973 0.328205 -0.271236
v 0.920042 0.339982 -0.280049
v 0.929044 0.354292 -0.287335
v 0.935632 0.370586 -0.292815
v 0.939554 0.388237 -0.296278
v 0.940657 0.406566 -0.297590
v 0.938900 0.424871 -0.296701
v 0.934350 0.442446 -0.293646
v 0.927183 0.458616 -0.288541
v 0.917673 0.472761 -0.281584
v 0.906187 0.484336 -0.273041
v 0.893165 0.492898 -0.263241
v 0.879108 0.498116 -0.252559
v 0.864556 0.499790 -0.241408
v 0.884294 0.314015 -0.247383
v 0.899987 0.319549 -0.255258
v 0.914383 0.328401 -0.262558
v 0.926928 0.340232 -0.269004
v 0.937141 0.354587 -0.274348
v 0.944629 0.370913 -0.278385
v 0.949105 0.388584 -0.280958
v 0.950395 0.406921 -0.281971
v 0.948451 0.425218 -0.281382
v 0.943347 0.442773 -0.279216
v 0.935280 0.458911 -0.275555
v 0.924559 0.473012 -0.270540
v 0.911597 0.484533 -0.264363
v 0.896892 0.493033 -0.257263
v 0.881008 0.498185 -0.249512
v 0.885562 0.314076 -0.244024
v 0.902476 0.319669 -0.248668
v 0.917996 0.328577 -0.252992
v 0.931527 0.340455 -0.256829
v 0.942549 0.354849 -0.260031
v 0.950638 0.371204 -0.262476
v 0.955483 0.388893 -0.264070
v 0.956899 0.407236 -0.264751
v 0.954830 0.425527 -0.264493
v 0.949356 0.443064 -0.263307
v 0.940688 0.459173 -0.261237
v 0.929158 0.473234 -0.258364
v 0.915210 0.484708 -0.254797
v 0.899380 0.493154 -0.250674
v 0.882277 0.498246 -0.246153
v 0.886151 0.314128 -0.240481
v 0.903631 0.319770 -0.241719
v 0.919674 0.328723 -0.242903
v 0.933662 0.340642 -0.243988
v 0.945060 0.355068 -0.244933
v 0.953428 0.371448 -0.245700
v 0.958445 0.389152 -0.246260
v 0.959918 0.407500 -0.246592
v 0.957791 0.425786 -0.246684
v 0.952146 0.443308 -0.246531
v 0.943199 0.459392 -0.246139
v 0.931293 0.473421 -0.245524
v 0.916888 0.484855 -0.244708
v 0.900536 0.493255 -0.243725
v 0.882866 0.498298 -0.242610
v 0.886038 0.314167 -0.236892
v 0.903409 0.319848 -0.234678
v 0.919351 0.328835 -0.232681
v 0.933251 0.340785 -0.230978
v 0.944577 0.355236 -0.229634
v 0.952891 0.371635 -0.228701
v 0.957875 0.389350 -0.228214
v 0.959337 0.407702 -0.228193
v 0.957221 0.425984 -0.228638
v 0.951609 0.443495 -0.229532
v 0.942715 0.459560 -0.230840
v 0.930882 0.473564 -0.232513
v 0.916565 0.484967 -0.234486
v 0.900314 0.493332 -0.236684
v 0.882752 0.498337 -0.239021
v 0.885227 0.314193 -0.233393
v 0.901817 0.319899 -0.227815
v 0.917040 0.328909 -0.222718
v 0.930311 0.340879 -0.218298
v 0.941119 0.355347 -0.214723
v 0.949049 0.371758 -0.212133
v 0.953796 0.389481 -0.210626
v 0.955178 0.407835 -0.210260
v 0.953142 0.426115 -0.211049
v 0.947766 0.443618 -0.212964
v 0.939257 0.459671 -0.215929
v 0.927942 0.473658 -0.219833
v 0.914255 0.485041 -0.224523
v 0.898722 0.493383 -0.229821
v 0.881941 0.498363 -0.235522
v 0.883749 0.314205 -0.230120
v 0.898918 0.319921 -0.221395
v 0.912831 0.328942 -0.213397
v 0.924953 0.340920 -0.206434
v 0.934819 0.355396 -0.200773
v 0.942048 0.371812 -0.196632
v 0.946364 0.389539 -0.194170
v 0.947601 0.407894 -0.193482
v 0.945711 0.426172 -0.194594
v 0.940766 0.443672 -0.197463
v 0.932957 0.459720 -0.201979
v 0.922584 0.473700 -0.207969
v 0.910045 0.485074 -0.215202
v 0.895822 0.493406 -0.223400
v 0.880463 0.498375 -0.232249
v 0.881660 0.314201 -0.227198
v 0.894821 0.319914 -0.215663
v 0.906884 0.328932 -0.205075
v 0.917384 0.340908 -0.195843
v 0.925918 0.355381 -0.188319
v 0.932159 0.371796 -0.182794
v 0.935866 0.389521 -0.179480
v 0.936897 0.407876 -0.178504
v 0.935213 0.426155 -0.179904
v 0.930877 0.443656 -0.183625
v 0.924057 0.459705 -0.189525
v 0.915015 0.473687 -0.197378
v 0.904098 0.485064 -0.206881
v 0.891726 0.493399 -0.217669
v 0.878374 0.498371 -0.229327
v 0.879042 0.314183 -0.224739
v 0.889686 0.319879 -0.210840
v 0.899428 0.328880 -0.198074
v 0.907895 0.340842 -0.186932
v 0.914760 0.355303 -0.177841
v 0.919761 0.371709 -0.171151
v 0.922704 0.389429 -0.167120
v 0.923477 0.407782 -0.165902
v 0.922051 0.426063 -0.167543
v 0.918479 0.443569 -0.171982
v 0.912899 0.459627 -0.179047
v 0.905526 0.473621 -0.188467
v 0.896643 0.485012 -0.199879
v 0.886591 0.493363 -0.212846
v 0.875756 0.498353 -0.226869
v 0.875995 0.314150 -0.222839
v 0.883708 0.319815 -0.207112
v 0.890750 0.328788 -0.192662
v 0.896850 0.340724 -0.180043
v 0.901773 0.355165 -0.169740
v 0.905330 0.371556 -0.162150
v 0.907384 0.389266 -0.157565
v 0.907858 0.407616 -0.156160
v 0.906731 0.425900 -0.157988
v 0.904048 0.443416 -0.162981
v 0.899912 0.459489 -0.170946
v 0.894481 0.473503 -0.181578
v 0.887965 0.484920 -0.194467
v 0.880613 0.493299 -0.209118
v 0.872709 0.498320 -0.224968
v 0.872635 0.314105 -0.221569
v 0.877119 0.319726 -0.204622
v 0.881184 0.328659 -0.189046
v 0.884674 0.340560 -0.175441
v 0.887456 0.354972 -0.164329
v 0.889421 0.371342 -0.156138
v 0.890496 0.389039 -0.151182
v 0.890638 0.407384 -0.149652
v 0.889843 0.425673 -0.151606
v 0.888139 0.443201 -0.156969
v 0.885594 0.459296 -0.165535
v 0.882305 0.473339 -0.176976
v 0.878398 0.484791 -0.190851
v 0.874024 0.493211 -0.206627
v 0.869350 0.498275 -0.223698
v 0.869093 0.314049 -0.220979
v 0.870170 0.319616 -0.203465
v 0.871096 0.328498 -0.187366
v 0.871835 0.340356 -0.173303
v 0.872358 0.354732 -0.161815
v 0.872646 0.371075 -0.153345
v 0.872688 0.388756 -0.148217
v 0.872481 0.407095 -0.146628
v 0.872034 0.425389 -0.148640
v 0.871364 0.442934 -0.154176
v 0.870497 0.459056 -0.163021
v 0.869466 0.473135 -0.174838
v 0.868311 0.484630 -0.189171
v 0.867075 0.493100 -0.205470
v 0.865807 0.498219 -0.223108
v 0.865504 0.313983 -0.221092
v 0.863130 0.319488 -0.203685
v 0.858826 0.340119 -0.173711
v 0.855649 0.370765 -0.153878
v 0.854367 0.442625 -0.154709
v 0.856457 0.472898 -0.175246
v 0.858089 0.484444 -0.189492
v 0.860035 0.492972 -0.205691
v 0.862218 0.498153 -0.223221
vn 0.0938 -0.2890 0.9527
vn 0.0464 0.8810 0.4709
vn 0.0865 -0.4696 0.8786
vn 0.0624 0.7715 0.6332
vn 0.0759 -0.6326 0.7708
vn 0.0759 0.6326 0.7708
vn 0.0624 -0.7715 0.6332
vn 0.0865 0.4696 0.8786
vn 0.0464 -0.8810 0.4709
vn 0.0938 0.2890 0.9527
vn 0.0286 -0.9565 0.2902
vn 0.0975 0.0975 0.9904
vn 0.0097 0.9951 0.0980
vn 0.0097 -0.9951 0.0980
vn 0.0975 -0.0976 0.9904
vn 0.0286 0.9565 0.2902
vn 0.2889 -0.0976 0.9524
vn 0.0846 0.9565 0.2790
vn 0.2779 -0.2890 0.9161
vn 0.1374 0.8810 0.4528
vn 0.2563 -0.4696 0.8448
vn 0.1847 0.7715 0.6088
vn 0.2248 -0.6326 0.7412
vn 0.2248 0.6326 0.7412
vn 0.1847 -0.7715 0.6088
vn 0.2563 0.4696 0.8448
vn 0.1374 -0.8810 0.4528
vn 0.2779 0.2890 0.9161
vn 0.0846 -0.9565 0.2790
vn 0.2889 0.0976 0.9524
vn 0.0286 0.9951 0.0942
vn 0.0286 -0.9951 0.0942
vn 0.2999 -0.7715 0.5611
vn 0.4162 0.4696 0.7786
vn 0.2230 -0.8810 0.4173
vn 0.4513 0.2890 0.8443
vn 0.1374 -0.9565 0.2571
vn 0.4691 0.0975 0.8777
vn 0.0464 0.9951 0.0869
vn 0.0464 -0.9951 0.0869
vn 0.4691 -0.0975 0.8777
vn 0.1374 0.9565 0.2571
vn 0.4513 -0.2890 0.8443
vn 0.2231 0.8810 0.4173
vn 0.4162 -0.4696 0.7786
vn 0.2999 0.7715 0.5611
vn 0.3651 -0.6326 0.6831
vn 0.3651 0.6326 0.6831
vn 0.1850 0.9565 0.2254
vn 0.6073 -0.2890 0.7400
vn 0.3002 0.8810 0.3658
vn 0.5601 -0.4696 0.6825
vn 0.4036 0.7715 0.4918
vn 0.4913 -0.6326 0.5987
vn 0.4913 0.6326 0.5987
vn 0.4036 -0.7715 0.4918
vn 0.5601 0.4696 0.6825
vn 0.3002 -0.8810 0.3658
vn 0.6073 0.2890 0.7400
vn 0.1850 -0.9565 0.2254
vn 0.6314 0.0975 0.7693
vn 0.0625 0.9951 0.0761
vn 0.0625 -0.9951 0.0761
vn 0.6314 -0.0975 0.7693
vn 0.6825 0.4696 0.5601
vn 0.3658 -0.8810 0.3002
vn 0.7400 0.2890 0.6073
vn 0.2254 -0.9566 0.1850
vn 0.7693 0.0975 0.6314
vn 0.0761 0.9951 0.0625
vn 0.0761 -0.9951 0.0625
vn 0.7693 -0.0975 0.6314
vn 0.2254 0.9565 0.1850
vn 0.7400 -0.2890 0.6073
vn 0.3658 0.8810 0.3002
vn 0.6825 -0.4696 0.5601
vn 0.4918 0.7715 0.4036
vn 0.5987 -0.6326 0.4913
vn 0.5987 0.6326 0.4913
vn 0.4918 -0.7715 0.4036
vn 0.8443 -0.2890 0.4513
vn 0.4173 0.8810 0.2230
vn 0.7786 -0.4696 0.4162
vn 0.5611 0.7715 0.2999
vn 0.6831 -0.6326 0.3651
vn 0.6831 0.6326 0.3651
vn 0.5611 -0.7715 0.2999
vn 0.7786 0.4696 0.4162
vn 0.4173 -0.8810 0.2230
vn 0.8443 0.2890 0.4513
vn 0.2571 -0.9565 0.1374
vn 0.8777 0.0975 0.4691
vn 0.0869 0.9951 0.0464
vn 0.0869 -0.9951 0.0464
vn 0.8777 -0.0975 0.4691
vn 0.2571 0.9565 0.1374
vn 0.4528 -0.8810 0.1374
vn 0.9161 0.2890 0.2779
vn 0.2790 -0.9565 0.0846
vn 0.9524 0.0975 0.2889
vn 0.0942 0.9951 0.0286
vn 0.0942 -0.9951 0.0286
vn 0.9524 -0.0975 0.2889
vn 0.2790 0.9565 0.0846
vn 0.9161 -0.2890 0.2779
vn 0.4528 0.8810 0.1374
vn 0.8448 -0.4696 0.2563
vn 0.6088 0.7715 0.1847
vn 0.7412 -0.6326 0.2248
vn 0.7412 0.6326 0.2248
vn 0.6088 -0.7715 0.1847
vn 0.8448 0.4696 0.2563
vn 0.8786 -0.4696 0.0865
vn 0.6332 0.7715 0.0624
vn 0.7708 -0.6326 0.0759
vn 0.7708 0.6326 0.0759
vn 0.6332 -0.7715 0.0624
vn 0.8786 0.4696 0.0865
vn 0.4709 -0.8810 0.0464
vn 0.9527 0.2890 0.0938
vn 0.2902 -0.9565 0.0286
vn 0.9904 0.0975 0.0975
vn 0.0980 0.9951 0.0097
vn 0.0980 -0.9951 0.0097
vn 0.9904 -0.0975 0.0975
vn 0.2902 0.9565 0.0286
vn 0.9527 -0.2890 0.0938
vn 0.4709 0.8810 0.0464
vn 0.2902 -0.9565 -0.0286
vn 0.9904 0.0975 -0.0976
vn 0.0980 0.9951 -0.0097
vn 0.0980 -0.9951 -0.0097
vn 0.9904 -0.0975 -0.0976
vn 0.2902 0.9565 -0.0286
vn 0.9527 -0.2890 -0.0938
vn 0.4709 0.8810 -0.0464
vn 0.8786 -0.4696 -0.0865
vn 0.6332 0.7715 -0.0624
vn 0.7708 -0.6326 -0.0759
vn 0.7708 0.6326 -0.0759
vn 0.6332 -0.7715 -0.0624
vn 0.8786 0.4696 -0.0865
vn 0.4709 -0.8810 -0.0464
vn 0.9527 0.2890 -0.0938
vn 0.6088 0.7715 -0.1847
vn 0.7412 -0.6326 -0.2248
vn 0.7412 0.6326 -0.2248
vn 0.6088 -0.7715 -0.1847
vn 0.8448 0.4696 -0.2563
vn 0.4528 -0.8810 -0.1374
vn 0.9161 0.2890 -0.2779
vn 0.2790 -0.9565 -0.0846
vn 0.9524 0.0975 -0.2889
vn 0.0942 0.9951 -0.0286
vn 0.0942 -0.9951 -0.0286
vn 0.9524 -0.0975 -0.2889
vn 0.2790 0.9565 -0.0846
vn 0.9161 -0.2890 -0.2779
vn 0.4528 0.8810 -0.1374
vn 0.8448 -0.4696 -0.2563
vn 0.8777 0.0975 -0.4691
vn 0.0869 0.9951 -0.0464
vn 0.0869 -0.9951 -0.0464
vn 0.8777 -0.0975 -0.4691
vn 0.2571 0.9565 -0.1374
vn 0.8443 -0.2890 -0.4513
vn 0.4173 0.8810 -0.2231
vn 0.7786 -0.4696 -0.4162
vn 0.5611 0.7715 -0.2999
vn 0.6831 -0.6326 -0.3651
vn 0.6831 0.6326 -0.3651
vn 0.5611 -0.7715 -0.2999
vn 0.7786 0.4696 -0.4162
vn 0.4173 -0.8810 -0.2230
vn 0.8443 0.2890 -0.4513
vn 0.2571 -0.9565 -0.1374
vn 0.5987 -0.6326 -0.4913
vn 0.5987 0.6326 -0.4913
vn 0.4918 -0.7715 -0.4036
vn 0.6825 0.4696 -0.5601
vn 0.3658 -0.8810 -0.3002
vn 0.7400 0.2890 -0.6073
vn 0.2254 -0.9565 -0.1850
vn 0.7693 0.0975 -0.6314
vn 0.0761 0.9951 -0.0625
vn 0.0761 -0.9951 -0.0625
vn 0.7693 -0.0975 -0.6314
vn 0.2254 0.9565 -0.1850
vn 0.7400 -0.2890 -0.6073
vn 0.3658 0.8810 -0.3002
vn 0.6825 -0.4696 -0.5601
vn 0.4918 0.7715 -0.4036
vn 0.0625 0.9951 -0.0761
vn 0.0625 -0.9951 -0.0761
vn 0.6314 -0.0975 -0.7693
vn 0.1850 0.9565 -0.2254
vn 0.6073 -0.2890 -0.7400
vn 0.3002 0.8810 -0.3658
vn 0.5601 -0.4696 -0.6825
vn 0.4036 0.7715 -0.4918
vn 0.4913 -0.6326 -0.5987
vn 0.4913 0.6326 -0.5987
vn 0.4036 -0.7715 -0.4918
vn 0.5601 0.4696 -0.6825
vn 0.3002 -0.8810 -0.3658
vn 0.6073 0.2890 -0.7400
vn 0.1850 -0.9565 -0.2254
vn 0.6314 0.0975 -0.7693
vn 0.3651 0.6326 -0.6831
vn 0.2999 -0.7715 -0.5611
vn 0.4162 0.4696 -0.7786
vn 0.2230 -0.8810 -0.4173
vn 0.4513 0.2890 -0.8443
vn 0.1374 -0.9565 -0.2571
vn 0.4691 0.0975 -0.8777
vn 0.0464 0.9951 -0.0869
vn 0.0464 -0.9951 -0.0869
vn 0.4691 -0.0975 -0.8777
vn 0.1374 0.9565 -0.2571
vn 0.4513 -0.2890 -0.8443
vn 0.2230 0.8810 -0.4173
vn 0.4162 -0.4696 -0.7786
vn 0.2999 0.7715 -0.5611
vn 0.3651 -0.6326 -0.6831
vn 0.2889 -0.0975 -0.9524
vn 0.0846 0.9565 -0.2790
vn 0.2779 -0.2890 -0.9161
vn 0.1374 0.8810 -0.4528
vn 0.2563 -0.4696 -0.8448
vn 0.1847 0.7715 -0.6088
vn 0.2248 -0.6326 -0.7412
vn 0.2248 0.6326 -0.7412
vn 0.1847 -0.7715 -0.6088
vn 0.2563 0.4696 -0.8448
vn 0.1374 -0.8810 -0.4528
vn 0.2779 0.2890 -0.9161
vn 0.0846 -0.9565 -0.2790
vn 0.2889 0.0975 -0.9524
vn 0.0286 0.9951 -0.0942
vn 0.0286 -0.9951 -0.0942
vn 0.0624 -0.7715 -0.6332
vn 0.0865 0.4696 -0.8786
vn 0.0464 -0.8810 -0.4709
vn 0.0938 0.2890 -0.9527
vn 0.0286 -0.9565 -0.2902
vn 0.0975 0.0975 -0.9904
vn 0.0097 0.9951 -0.0980
vn 0.0097 -0.9951 -0.0980
vn 0.0975 -0.0975 -0.9904
vn 0.0286 0.9565 -0.2902
vn 0.0938 -0.2890 -0.9527
vn 0.0464 0.8810 -0.4709
vn 0.0865 -0.4696 -0.8786
vn 0.0624 0.7715 -0.6332
vn 0.0759 -0.6326 -0.7708
vn 0.0759 0.6326 -0.7708
vn -0.0938 -0.2890 -0.9527
vn -0.0464 0.8810 -0.4709
vn -0.0865 -0.4696 -0.8786
vn -0.0624 0.7715 -0.6332
vn -0.0759 -0.6326 -0.7708
vn -0.0759 0.6326 -0.7708
vn -0.0624 -0.7715 -0.6332
vn -0.0865 0.4696 -0.8786
vn -0.0464 -0.8810 -0.4709
vn -0.0938 0.2890 -0.9527
vn -0.0286 -0.9565 -0.2902
vn -0.0976 0.0975 -0.9904
vn -0.0097 0.9951 -0.0980
vn -0.0097 -0.9951 -0.0980
vn -0.0975 -0.0975 -0.9904
vn -0.0286 0.9565 -0.2902
vn -0.1374 -0.8810 -0.4528
vn -0.2779 0.2890 -0.9161
vn -0.0846 -0.9565 -0.2790
vn -0.2889 0.0975 -0.9524
vn -0.0286 0.9951 -0.0942
vn -0.0286 -0.9951 -0.0942
vn -0.2889 -0.0975 -0.9524
vn -0.0846 0.9565 -0.2790
vn -0.2779 -0.2890 -0.9161
vn -0.1374 0.8810 -0.4528
vn -0.2563 -0.4696 -0.8448
vn -0.1847 0.7715 -0.6088
vn -0.2248 -0.6326 -0.7412
vn -0.2248 0.6326 -0.7412
vn -0.1847 -0.7715 -0.6088
vn -0.2563 0.4696 -0.8448
vn -0.2230 0.8810 -0.4173
vn -0.4162 -0.4696 -0.7786
vn -0.2999 0.7715 -0.5611
vn -0.3651 -0.6326 -0.6831
vn -0.3651 0.6326 -0.6831
vn -0.2999 -0.7715 -0.5611
vn -0.4162 0.4696 -0.7786
vn -0.2230 -0.8810 -0.4173
vn -0.4513 0.2890 -0.8443
vn -0.1374 -0.9565 -0.2571
vn -0.4691 0.0975 -0.8777
vn -0.0464 0.9951 -0.0869
vn -0.0464 -0.9951 -0.0869
vn -0.4691 -0.0975 -0.8777
vn -0.1374 0.9565 -0.2571
vn -0.4513 -0.2890 -0.8443
vn -0.6073 0.2890 -0.7400
vn -0.1850 -0.9565 -0.2254
vn -0.6314 0.0975 -0.7693
vn -0.0625 0.9951 -0.0761
vn -0.0625 -0.9951 -0.0761
vn -0.6314 -0.0975 -0.7693
vn -0.1850 0.9565 -0.2254
vn -0.6073 -0.2890 -0.7400
vn -0.3002 0.8810 -0.3658
vn -0.5601 -0.4696 -0.6825
vn -0.4036 0.7715 -0.4918
vn -0.4913 -0.6326 -0.5987
vn -0.4913 0.6326 -0.5987
vn -0.4036 -0.7715 -0.4918
vn -0.5601 0.4696 -0.6825
vn -0.3002 -0.8810 -0.3658
vn -0.6825 -0.4696 -0.5601
vn -0.4918 0.7715 -0.4036
vn -0.5987 -0.6326 -0.4913
vn -0.5987 0.6326 -0.4913
vn -0.4918 -0.7715 -0.4036
vn -0.6825 0.4696 -0.5601
vn -0.3658 -0.8810 -0.3002
vn -0.7400 0.2890 -0.6073
vn -0.2254 -0.9566 -0.1850
vn -0.7693 0.0975 -0.6314
vn -0.0761 0.9951 -0.0625
vn -0.0761 -0.9951 -0.0625
vn -0.7693 -0.0975 -0.6314
vn -0.2254 0.9565 -0.1850
vn -0.7400 -0.2890 -0.6073
vn -0.3658 0.8810 -0.3002
vn -0.2571 -0.9565 -0.1374
vn -0.8777 0.0975 -0.4691
vn -0.0869 0.9951 -0.0464
vn -0.0869 -0.9951 -0.0464
vn -0.8777 -0.0975 -0.4691
vn -0.2571 0.9565 -0.1374
vn -0.8443 -0.2890 -0.4513
vn -0.4173 0.8810 -0.2230
vn -0.7786 -0.4696 -0.4162
vn -0.5611 0.7715 -0.2999
vn -0.6831 -0.6326 -0.3651
vn -0.6831 0.6326 -0.3651
vn -0.5611 -0.7715 -0.2999
vn -0.7786 0.4696 -0.4162
vn -0.4173 -0.8810 -0.2231
vn -0.8443 0.2890 -0.4513
vn -0.6088 0.7715 -0.1847
vn -0.7412 -0.6326 -0.2248
vn -0.7412 0.6326 -0.2248
vn -0.6088 -0.7715 -0.1847
vn -0.8448 0.4696 -0.2563
vn -0.4528 -0.8810 -0.1374
vn -0.9161 0.2890 -0.2779
vn -0.2790 -0.9565 -0.0846
vn -0.9524 0.0975 -0.2889
vn -0.0942 0.9951 -0.0286
vn -0.0942 -0.9951 -0.0286
vn -0.9524 -0.0975 -0.2889
vn -0.2790 0.9565 -0.0846
vn -0.9161 -0.2890 -0.2779
vn -0.4528 0.8810 -0.1374
vn -0.8448 -0.4696 -0.2563
vn -0.9904 0.0975 -0.0975
vn -0.0980 0.9951 -0.0097
vn -0.0980 -0.9951 -0.0097
vn -0.9904 -0.0975 -0.0976
vn -0.2902 0.9565 -0.0286
vn -0.9527 -0.2890 -0.0938
vn -0.4709 0.8810 -0.0464
vn -0.8786 -0.4696 -0.0865
vn -0.6332 0.7715 -0.0624
vn -0.7708 -0.6326 -0.0759
vn -0.7708 0.6326 -0.0759
vn -0.6332 -0.7715 -0.0624
vn -0.8786 0.4696 -0.0865
vn -0.4709 -0.8810 -0.0464
vn -0.9527 0.2890 -0.0938
vn -0.2902 -0.9565 -0.0286
vn -0.7708 -0.6326 0.0759
vn -0.7708 0.6326 0.0759
vn -0.6332 -0.7715 0.0624
vn -0.8786 0.4696 0.0865
vn -0.4709 -0.8810 0.0464
vn -0.9527 0.2890 0.0938
vn -0.2902 -0.9565 0.0286
vn -0.9904 0.0975 0.0975
vn -0.0980 0.9951 0.0097
vn -0.0980 -0.9951 0.0097
vn -0.9904 -0.0975 0.0976
vn -0.2902 0.9565 0.0286
vn -0.9527 -0.2890 0.0938
vn -0.4709 0.8810 0.0464
vn -0.8786 -0.4696 0.0865
vn -0.6332 0.7715 0.0624
vn -0.0942 -0.9951 0.0286
vn -0.9524 -0.0975 0.2889
vn -0.2790 0.9565 0.0846
vn -0.9161 -0.2890 0.2779
vn -0.4528 0.8810 0.1374
vn -0.8448 -0.4696 0.2563
vn -0.6088 0.7715 0.1847
vn -0.7412 -0.6326 0.2248
vn -0.7412 0.6326 0.2248
vn -0.6088 -0.7715 0.1847
vn -0.8448 0.4696 0.2563
vn -0.4528 -0.8810 0.1374
vn -0.9161 0.2890 0.2779
vn -0.2790 -0.9565 0.0846
vn -0.9524 0.0975 0.2889
vn -0.0942 0.9951 0.0286
vn -0.5611 -0.7715 0.2999
vn -0.7786 0.4696 0.4162
vn -0.4173 -0.8810 0.2231
vn -0.8443 0.2890 0.4513
vn -0.2571 -0.9565 0.1374
vn -0.8777 0.0975 0.4691
vn -0.0869 0.9951 0.0464
vn -0.0869 -0.9951 0.0464
vn -0.8777 -0.0975 0.4691
vn -0.2571 0.9565 0.1374
vn -0.8443 -0.2890 0.4513
vn -0.4173 0.8810 0.2231
vn -0.7786 -0.4696 0.4162
vn -0.5611 0.7715 0.2999
vn -0.6831 -0.6326 0.3651
vn -0.6831 0.6326 0.3651
vn -0.2254 0.9565 0.1850
vn -0.7400 -0.2890 0.6073
vn -0.3658 0.8810 0.3002
vn -0.6825 -0.4696 0.5601
vn -0.4918 0.7715 0.4036
vn -0.5987 -0.6326 0.4913
vn -0.5987 0.6326 0.4913
vn -0.4918 -0.7715 0.4036
vn -0.6825 0.4696 0.5601
vn -0.3658 -0.8810 0.3002
vn -0.7400 0.2890 0.6073
vn -0.2254 -0.9565 0.1850
vn -0.7693 0.0975 0.6314
vn -0.0761 0.9951 0.0625
vn -0.0761 -0.9951 0.0625
vn -0.7693 -0.0975 0.6314
vn -0.5601 0.4696 0.6825
vn -0.3002 -0.8810 0.3658
vn -0.6073 0.2890 0.7400
vn -0.1850 -0.9565 0.2254
vn -0.6314 0.0975 0.7693
vn -0.0625 0.9951 0.0761
vn -0.0625 -0.9951 0.0761
vn -0.6314 -0.0975 0.7693
vn -0.1850 0.9565 0.2254
vn -0.6073 -0.2890 0.7400
vn -0.3002 0.8810 0.3658
vn -0.5601 -0.4696 0.6825
vn -0.4036 0.7715 0.4918
vn -0.4913 -0.6326 0.5987
vn -0.4913 0.6326 0.5987
vn -0.4036 -0.7715 0.4918
vn -0.4513 -0.2890 0.8443
vn -0.2230 0.8810 0.4173
vn -0.4162 -0.4696 0.7786
vn -0.2999 0.7715 0.5611
vn -0.3651 -0.6326 0.6831
vn -0.3651 0.6326 0.6831
vn -0.2999 -0.7715 0.5611
vn -0.4162 0.4696 0.7786
vn -0.2230 -0.8810 0.4173
vn -0.4513 0.2890 0.8443
vn -0.1374 -0.9565 0.2571
vn -0.4691 0.0975 0.8777
vn -0.0464 0.9951 0.0869
vn -0.0464 -0.9951 0.0869
vn -0.4691 -0.0975 0.8777
vn -0.1374 0.9565 0.2571
vn -0.1374 -0.8810 0.4528
vn -0.2779 0.2890 0.9161
vn -0.0846 -0.9565 0.2790
vn -0.2889 0.0975 0.9524
vn -0.0286 0.9951 0.0942
vn -0.0286 -0.9951 0.0942
vn -0.2889 -0.0975 0.9524
vn -0.0846 0.9565 0.2790
vn -0.2779 -0.2890 0.9161
vn -0.1374 0.8810 0.4528
vn -0.2563 -0.4696 0.8448
vn -0.1847 0.7715 0.6088
vn -0.2248 -0.6326 0.7412
vn -0.2248 0.6326 0.7412
vn -0.1847 -0.7715 0.6088
vn -0.2563 0.4696 0.8448
vn -0.0464 0.8810 0.4709
vn -0.0865 -0.4696 0.8786
vn -0.0624 0.7715 0.6332
vn -0.0759 -0.6326 0.7708
vn -0.0759 0.6326 0.7708
vn -0.0624 -0.7715 0.6332
vn -0.0865 0.4696 0.8786
vn -0.0464 -0.8810 0.4709
vn -0.0938 0.2890 0.9527
vn -0.0286 -0.9565 0.2902
vn -0.0976 0.0975 0.9904
vn -0.0097 0.9951 0.0980
vn -0.0097 -0.9951 0.0980
vn -0.0976 -0.0975 0.9904
vn -0.0286 0.9565 0.2902
vn -0.0938 -0.2890 0.9527
vn 0.4921 0.6447 -0.5850
vn 0.4998 0.7586 -0.4181
vn 0.5043 0.8362 -0.2156
vn 0.5025 0.8645 0.0071
vn 0.4934 0.8396 0.2271
vn 0.4789 0.7690 0.4235
vn 0.4627 0.6669 0.5841
vn 0.4480 0.5478 0.7066
vn 0.4370 0.4218 0.7944
vn 0.4309 0.2949 0.8528
vn 0.4300 0.1698 0.8867
vn 0.4343 0.0473 0.8995
vn 0.4437 -0.0727 0.8932
vn 0.4580 -0.1904 0.8683
vn 0.4770 -0.3057 0.8241
vn 0.5001 -0.4178 0.7585
vn 0.5266 -0.5247 0.6689
vn 0.5548 -0.6221 0.5525
vn 0.5821 -0.7035 0.4077
vn 0.6049 -0.7604 0.2363
vn 0.6195 -0.7837 0.0452
vn 0.6228 -0.7672 -0.1530
vn 0.6144 -0.7106 -0.3428
vn 0.5965 -0.6196 -0.5103
vn 0.5729 -0.5033 -0.6469
vn 0.5478 -0.3712 -0.7498
vn 0.5245 -0.2300 -0.8198
vn 0.5053 -0.0841 -0.8589
vn 0.4914 0.0643 -0.8686
vn 0.4836 0.2140 -0.8488
vn -0.9732 0.0245 -0.2285
vn 0.4817 0.3634 -0.7975
vn 0.4851 0.5092 -0.7109
vn -0.0830 0.9584 0.2730
vn -0.2231 -0.0903 0.9706
vn -0.0045 -0.9942 0.1074
vn -0.0400 0.9956 0.0844
vn -0.2266 0.1047 0.9683
vn -0.0488 -0.9542 0.2951
vn -0.2214 0.2959 0.9292
vn -0.0912 -0.8774 0.4711
vn -0.2078 0.4759 0.8546
vn -0.1300 -0.7667 0.6287
vn -0.1862 0.6380 0.7472
vn -0.1637 -0.6268 0.7618
vn -0.1575 0.7759 0.6108
vn -0.1911 -0.4631 0.8654
vn -0.1226 0.8842 0.4507
vn -0.2111 -0.2820 0.9359
vn -0.3550 -0.4667 0.8100
vn -0.2105 0.8823 0.4210
vn -0.3889 -0.2859 0.8758
vn -0.1371 0.9573 0.2547
vn -0.4079 -0.0943 0.9081
vn -0.0228 -0.9946 0.1013
vn -0.0583 0.9952 0.0783
vn -0.4113 0.1007 0.9059
vn -0.1029 -0.9554 0.2768
vn -0.3992 0.2920 0.8691
vn -0.1790 -0.8793 0.4414
vn -0.3718 0.4723 0.7992
vn -0.2481 -0.7693 0.5887
vn -0.3301 0.6349 0.6986
vn -0.3075 -0.6299 0.7132
vn -0.2756 0.7734 0.5709
vn -0.5618 0.2880 0.7755
vn -0.2594 -0.8812 0.3951
vn -0.5217 0.4687 0.7129
vn -0.3562 -0.7720 0.5265
vn -0.4616 0.6317 0.6228
vn -0.4390 -0.6332 0.6374
vn -0.3837 0.7707 0.5087
vn -0.5050 -0.4704 0.7237
vn -0.2908 0.8803 0.3748
vn -0.5515 -0.2899 0.7822
vn -0.1866 0.9561 0.2262
vn -0.5769 -0.0985 0.8108
vn -0.0395 -0.9950 0.0916
vn -0.0750 0.9948 0.0686
vn -0.5804 0.0966 0.8086
vn -0.1525 -0.9566 0.2483
vn -0.3606 0.8784 0.3137
vn -0.6927 -0.2938 0.6587
vn -0.2296 0.9548 0.1885
vn -0.7237 -0.1026 0.6824
vn -0.0540 -0.9954 0.0789
vn -0.0895 0.9944 0.0559
vn -0.7272 0.0925 0.6802
vn -0.1955 -0.9578 0.2106
vn -0.7030 0.2841 0.6520
vn -0.3292 -0.8832 0.3341
vn -0.6519 0.4650 0.5989
vn -0.4500 -0.7746 0.4444
vn -0.5759 0.6285 0.5229
vn -0.5533 -0.6364 0.5375
vn -0.4775 0.7681 0.4266
vn -0.6352 -0.4740 0.6098
vn -0.7574 0.4616 0.4618
vn -0.5260 -0.7771 0.3456
vn -0.6684 0.6254 0.4026
vn -0.6458 -0.6394 0.4172
vn -0.5536 0.7656 0.3278
vn -0.7407 -0.4775 0.4726
vn -0.4172 0.8765 0.2402
vn -0.8071 -0.2976 0.5099
vn -0.2644 0.9537 0.1432
vn -0.8427 -0.1065 0.5278
vn -0.0658 -0.9958 0.0636
vn -0.1013 0.9940 0.0406
vn -0.8462 0.0885 0.5255
vn -0.2303 -0.9590 0.1653
vn -0.8174 0.2803 0.5033
vn -0.3857 -0.8850 0.2606
vn -0.2898 0.9527 0.0920
vn -0.9291 -0.1101 0.3530
vn -0.0744 -0.9962 0.0463
vn -0.1099 0.9937 0.0233
vn -0.9326 0.0850 0.3507
vn -0.2557 -0.9600 0.1141
vn -0.9006 0.2769 0.3351
vn -0.4269 -0.8867 0.1774
vn -0.8342 0.4584 0.3067
vn -0.5813 -0.7793 0.2338
vn -0.7357 0.6227 0.2665
vn -0.7132 -0.6422 0.2811
vn -0.6089 0.7633 0.2160
vn -0.8174 -0.4806 0.3175
vn -0.4583 0.8748 0.1571
vn -0.8903 -0.3010 0.3418
vn -0.6137 -0.7813 0.1134
vn -0.7752 0.6203 0.1199
vn -0.7526 -0.6446 0.1345
vn -0.6413 0.7613 0.0956
vn -0.8624 -0.4834 0.1504
vn -0.4824 0.8733 0.0675
vn -0.9391 -0.3040 0.1606
vn -0.3046 0.9518 0.0368
vn -0.9799 -0.1131 0.1646
vn -0.0794 -0.9965 0.0277
vn -0.1149 0.9934 0.0047
vn -0.9833 0.0819 0.1623
vn -0.2705 -0.9609 0.0589
vn -0.9494 0.2739 0.1539
vn -0.4510 -0.8882 0.0879
vn -0.8791 0.4557 0.1395
vn -0.9928 -0.1156 -0.0301
vn -0.0807 -0.9967 0.0084
vn -0.1162 0.9931 -0.0146
vn -0.9963 0.0794 -0.0323
vn -0.2743 -0.9616 0.0019
vn -0.9619 0.2715 -0.0333
vn -0.4571 -0.8894 -0.0046
vn -0.8907 0.4535 -0.0331
vn -0.6220 -0.7829 -0.0110
vn -0.7853 0.6183 -0.0316
vn -0.7627 -0.6465 -0.0170
vn -0.6496 0.7598 -0.0289
vn -0.8739 -0.4856 -0.0222
vn -0.4886 0.8722 -0.0250
vn -0.9515 -0.3063 -0.0267
vn -0.3084 0.9510 -0.0202
vn -0.7657 0.6169 -0.1822
vn -0.7431 -0.6479 -0.1675
vn -0.6334 0.7586 -0.1525
vn -0.8515 -0.4872 -0.1939
vn -0.4766 0.8713 -0.1170
vn -0.9273 -0.3081 -0.2128
vn -0.3010 0.9505 -0.0769
vn -0.9676 -0.1174 -0.2235
vn -0.0782 -0.9969 -0.0107
vn -0.1137 0.9929 -0.0337
vn -0.9711 0.0776 -0.2258
vn -0.2669 -0.9622 -0.0548
vn -0.9376 0.2698 -0.2195
vn -0.4451 -0.8902 -0.0966
vn -0.8683 0.4519 -0.2047
vn -0.6059 -0.7841 -0.1347
vn -0.0720 -0.9970 -0.0290
vn -0.1075 0.9928 -0.0520
vn -0.9086 0.0766 -0.4106
vn -0.2486 -0.9625 -0.1089
vn -0.8775 0.2688 -0.3972
vn -0.4154 -0.8907 -0.1845
vn -0.8128 0.4510 -0.3687
vn -0.5660 -0.7847 -0.2529
vn -0.7170 0.6161 -0.3260
vn -0.6945 -0.6487 -0.3114
vn -0.5935 0.7580 -0.2707
vn -0.7961 -0.4881 -0.3578
vn -0.4469 0.8708 -0.2049
vn -0.8672 -0.3091 -0.3905
vn -0.2827 0.9502 -0.1310
vn -0.9051 -0.1184 -0.4083
vn -0.6187 -0.6489 -0.4429
vn -0.5313 0.7578 -0.3788
vn -0.7097 -0.4883 -0.5078
vn -0.4006 0.8707 -0.2853
vn -0.7735 -0.3093 -0.5532
vn -0.2542 0.9501 -0.1806
vn -0.8078 -0.1187 -0.5774
vn -0.0624 -0.9970 -0.0458
vn -0.0978 0.9928 -0.0688
vn -0.8112 0.0764 -0.5797
vn -0.2201 -0.9625 -0.1584
vn -0.7838 0.2686 -0.5599
vn -0.3692 -0.8908 -0.2649
vn -0.7265 0.4508 -0.5187
vn -0.5037 -0.7848 -0.3609
vn -0.6413 0.6160 -0.4576
vn -0.6828 0.0770 -0.7265
vn -0.1825 -0.9623 -0.2015
vn -0.6603 0.2692 -0.7011
vn -0.3081 -0.8905 -0.3347
vn -0.6125 0.4513 -0.6489
vn -0.4216 -0.7845 -0.4548
vn -0.5413 0.6164 -0.5718
vn -0.5187 -0.6484 -0.5572
vn -0.4491 0.7582 -0.4726
vn -0.5958 -0.4877 -0.6381
vn -0.3395 0.8710 -0.3551
vn -0.6500 -0.3087 -0.6944
vn -0.2166 0.9503 -0.2236
vn -0.6793 -0.1181 -0.7243
vn -0.0496 -0.9969 -0.0603
vn -0.0852 0.9929 -0.0833
vn -0.3503 0.7591 -0.5487
vn -0.4586 -0.4865 -0.7436
vn -0.2660 0.8717 -0.4116
vn -0.5012 -0.3074 -0.8089
vn -0.1713 0.9507 -0.2584
vn -0.5247 -0.1167 -0.8432
vn -0.0343 -0.9968 -0.0721
vn -0.0698 0.9930 -0.0951
vn -0.5282 0.0784 -0.8455
vn -0.1372 -0.9619 -0.2363
vn -0.5116 0.2705 -0.8156
vn -0.2346 -0.8899 -0.3913
vn -0.4754 0.4525 -0.7545
vn -0.3228 -0.7836 -0.5309
vn -0.4210 0.6175 -0.6644
vn -0.3984 -0.6473 -0.6498
vn -0.3434 0.2726 -0.8988
vn -0.1514 -0.8889 -0.4324
vn -0.3203 0.4544 -0.8312
vn -0.2110 -0.7822 -0.5862
vn -0.2849 0.6192 -0.7318
vn -0.2623 -0.6457 -0.7171
vn -0.2385 0.7604 -0.6040
vn -0.3035 -0.4846 -0.8204
vn -0.1829 0.8727 -0.4528
vn -0.3331 -0.3053 -0.8921
vn -0.1200 0.9513 -0.2838
vn -0.3499 -0.1146 -0.9298
vn -0.0171 -0.9966 -0.0806
vn -0.0525 0.9932 -0.1036
vn -0.3533 0.0805 -0.9320
vn -0.0859 -0.9613 -0.2617
vn -0.0933 0.8740 -0.4769
vn -0.1518 -0.3027 -0.9409
vn -0.0649 0.9522 -0.2986
vn -0.1615 -0.1118 -0.9805
vn 0.0016 -0.9963 -0.0856
vn -0.0339 0.9935 -0.1086
vn -0.1650 0.0833 -0.9828
vn -0.0308 -0.9605 -0.2765
vn -0.1622 0.2752 -0.9476
vn -0.0619 -0.8876 -0.4565
vn -0.1531 0.4569 -0.8762
vn -0.0906 -0.7805 -0.6186
vn -0.1383 0.6213 -0.7713
vn -0.1157 -0.6435 -0.7566
vn -0.1181 0.7622 -0.6364
vn -0.1364 -0.4822 -0.8654
vn 0.0306 -0.8860 -0.4627
vn 0.0195 0.4598 -0.8878
vn 0.0338 -0.7783 -0.6269
vn 0.0132 0.6239 -0.7814
vn 0.0357 -0.6409 -0.7668
vn 0.0063 0.7643 -0.6448
vn 0.0362 -0.4792 -0.8769
vn -0.0008 0.8756 -0.4831
vn 0.0354 -0.2995 -0.9535
vn -0.0079 0.9531 -0.3025
vn 0.0331 -0.1085 -0.9935
vn 0.0208 -0.9960 -0.0869
vn -0.0146 0.9938 -0.1099
vn 0.0297 0.0866 -0.9958
vn 0.0263 -0.9595 -0.2804
vn 0.0250 0.2784 -0.9601
vn 0.2214 -0.2959 -0.9292
vn 0.0488 0.9542 -0.2951
vn 0.2266 -0.1047 -0.9683
vn 0.0400 -0.9956 -0.0844
vn 0.0045 0.9942 -0.1074
vn 0.2231 0.0903 -0.9706
vn 0.0829 -0.9584 -0.2730
vn 0.2111 0.2820 -0.9359
vn 0.1226 -0.8842 -0.4507
vn 0.1911 0.4631 -0.8654
vn 0.1575 -0.7759 -0.6108
vn 0.1637 0.6268 -0.7618
vn 0.1863 -0.6380 -0.7471
vn 0.1300 0.7667 -0.6287
vn 0.2078 -0.4759 -0.8546
vn 0.0912 0.8773 -0.4711
vn 0.3550 0.4667 -0.8100
vn 0.2756 -0.7734 -0.5709
vn 0.3075 0.6299 -0.7132
vn 0.3300 -0.6349 -0.6986
vn 0.2481 0.7693 -0.5887
vn 0.3718 -0.4723 -0.7992
vn 0.1791 0.8793 -0.4414
vn 0.3992 -0.2920 -0.8691
vn 0.1029 0.9554 -0.2768
vn 0.4114 -0.1007 -0.9059
vn 0.0583 -0.9952 -0.0783
vn 0.0228 0.9946 -0.1013
vn 0.4079 0.0943 -0.9081
vn 0.1371 -0.9573 -0.2547
vn 0.3889 0.2859 -0.8758
vn 0.2105 -0.8823 -0.4210
vn 0.1525 0.9566 -0.2483
vn 0.5804 -0.0966 -0.8086
vn 0.0750 -0.9948 -0.0686
vn 0.0395 0.9950 -0.0916
vn 0.5769 0.0985 -0.8108
vn 0.1866 -0.9561 -0.2262
vn 0.5515 0.2899 -0.7822
vn 0.2908 -0.8803 -0.3748
vn 0.5050 0.4704 -0.7237
vn 0.3837 -0.7707 -0.5087
vn 0.4391 0.6332 -0.6374
vn 0.4616 -0.6317 -0.6228
vn 0.3561 0.7720 -0.5265
vn 0.5217 -0.4687 -0.7129
vn 0.2594 0.8812 -0.3952
vn 0.5618 -0.2880 -0.7755
vn 0.4775 -0.7681 -0.4266
vn 0.5533 0.6364 -0.5375
vn 0.5759 -0.6285 -0.5229
vn 0.4500 0.7746 -0.4444
vn 0.6519 -0.4650 -0.5989
vn 0.3292 0.8832 -0.3341
vn 0.7030 -0.2841 -0.6520
vn 0.1955 0.9578 -0.2106
vn 0.7272 -0.0925 -0.6801
vn 0.0896 -0.9944 -0.0559
vn 0.0540 0.9954 -0.0789
vn 0.7237 0.1026 -0.6824
vn 0.2296 -0.9548 -0.1885
vn 0.6927 0.2938 -0.6587
vn 0.3606 -0.8784 -0.3137
vn 0.6352 0.4740 -0.6098
vn 0.8461 -0.0886 -0.5255
vn 0.1013 -0.9940 -0.0406
vn 0.0658 0.9958 -0.0636
vn 0.8427 0.1065 -0.5278
vn 0.2644 -0.9537 -0.1432
vn 0.8071 0.2976 -0.5099
vn 0.4172 -0.8765 -0.2402
vn 0.7407 0.4775 -0.4726
vn 0.5536 -0.7656 -0.3278
vn 0.6459 0.6394 -0.4172
vn 0.6684 -0.6254 -0.4026
vn 0.5260 0.7771 -0.3456
vn 0.7575 -0.4616 -0.4618
vn 0.3858 0.8850 -0.2606
vn 0.8174 -0.2803 -0.5033
vn 0.2303 0.9590 -0.1653
vn 0.7131 0.6422 -0.2811
vn 0.7357 -0.6227 -0.2665
vn 0.5813 0.7793 -0.2338
vn 0.8342 -0.4584 -0.3067
vn 0.4269 0.8867 -0.1774
vn 0.9006 -0.2769 -0.3351
vn 0.2557 0.9600 -0.1141
vn 0.9326 -0.0850 -0.3507
vn 0.1099 -0.9937 -0.0233
vn 0.0744 0.9962 -0.0463
vn 0.9292 0.1101 -0.3529
vn 0.2898 -0.9527 -0.0920
vn 0.8903 0.3010 -0.3418
vn 0.4583 -0.8748 -0.1571
vn 0.8174 0.4806 -0.3175
vn 0.6088 -0.7633 -0.2160
vn 0.0794 0.9965 -0.0277
vn 0.9799 0.1132 -0.1646
vn 0.3046 -0.9518 -0.0368
vn 0.9391 0.3040 -0.1606
vn 0.4824 -0.8733 -0.0675
vn 0.8624 0.4834 -0.1504
vn 0.6413 -0.7613 -0.0956
vn 0.7526 0.6446 -0.1345
vn 0.7752 -0.6203 -0.1199
vn 0.6137 0.7813 -0.1134
vn 0.8791 -0.4557 -0.1396
vn 0.4510 0.8882 -0.0879
vn 0.9494 -0.2739 -0.1539
vn 0.2705 0.9609 -0.0590
vn 0.9833 -0.0819 -0.1623
vn 0.1149 -0.9934 -0.0047
vn 0.6220 0.7829 0.0110
vn 0.8907 -0.4535 0.0331
vn 0.4571 0.8894 0.0047
vn 0.9619 -0.2715 0.0334
vn 0.2743 0.9616 -0.0019
vn 0.9963 -0.0794 0.0323
vn 0.1162 -0.9931 0.0146
vn 0.0807 0.9967 -0.0084
vn 0.9928 0.1156 0.0301
vn 0.3084 -0.9510 0.0202
vn 0.9515 0.3064 0.0267
vn 0.4886 -0.8722 0.0250
vn 0.8739 0.4856 0.0223
vn 0.6496 -0.7598 0.0289
vn 0.7627 0.6465 0.0170
vn 0.7853 -0.6183 0.0316
vn 0.3010 -0.9505 0.0769
vn 0.9273 0.3081 0.2128
vn 0.4766 -0.8713 0.1170
vn 0.8515 0.4872 0.1938
vn 0.6334 -0.7586 0.1525
vn 0.7431 0.6479 0.1675
vn 0.7656 -0.6169 0.1821
vn 0.6059 0.7840 0.1347
vn 0.8683 -0.4519 0.2047
vn 0.4451 0.8902 0.0966
vn 0.9376 -0.2698 0.2194
vn 0.2669 0.9622 0.0547
vn 0.9711 -0.0776 0.2258
vn 0.1137 -0.9929 0.0337
vn 0.0782 0.9969 0.0107
vn 0.9676 0.1174 0.2235
vn 0.8128 -0.4510 0.3687
vn 0.4154 0.8907 0.1845
vn 0.8775 -0.2688 0.3972
vn 0.2486 0.9625 0.1089
vn 0.9086 -0.0766 0.4106
vn 0.1075 -0.9928 0.0520
vn 0.0720 0.9970 0.0290
vn 0.9051 0.1184 0.4084
vn 0.2827 -0.9502 0.1310
vn 0.8672 0.3091 0.3905
vn 0.4469 -0.8708 0.2049
vn 0.7961 0.4881 0.3578
vn 0.5935 -0.7580 0.2707
vn 0.6944 0.6487 0.3113
vn 0.7170 -0.6161 0.3260
vn 0.5660 0.7847 0.2529
vn 0.7735 0.3093 0.5532
vn 0.4006 -0.8707 0.2852
vn 0.7097 0.4883 0.5078
vn 0.5313 -0.7578 0.3788
vn 0.6187 0.6489 0.4429
vn 0.6413 -0.6160 0.4576
vn 0.5037 0.7848 0.3609
vn 0.7265 -0.4508 0.5187
vn 0.3692 0.8908 0.2649
vn 0.7838 -0.2686 0.5598
vn 0.2201 0.9625 0.1584
vn 0.8113 -0.0764 0.5797
vn 0.0979 -0.9928 0.0688
vn 0.0624 0.9970 0.0458
vn 0.8078 0.1187 0.5774
vn 0.2542 -0.9501 0.1805
vn 0.3081 0.8905 0.3347
vn 0.6603 -0.2692 0.7011
vn 0.1825 0.9624 0.2015
vn 0.6828 -0.0770 0.7265
vn 0.0851 -0.9929 0.0833
vn 0.0496 0.9969 0.0603
vn 0.6793 0.1181 0.7243
vn 0.2166 -0.9503 0.2236
vn 0.6500 0.3087 0.6944
vn 0.3395 -0.8710 0.3551
vn 0.5958 0.4877 0.6381
vn 0.4491 -0.7582 0.4726
vn 0.5187 0.6484 0.5572
vn 0.5413 -0.6164 0.5718
vn 0.4216 0.7845 0.4548
vn 0.6125 -0.4513 0.6489
vn 0.2660 -0.8717 0.4116
vn 0.4586 0.4865 0.7436
vn 0.3503 -0.7591 0.5487
vn 0.3984 0.6473 0.6498
vn 0.4210 -0.6175 0.6644
vn 0.3228 0.7836 0.5308
vn 0.4754 -0.4525 0.7545
vn 0.2346 0.8899 0.3913
vn 0.5115 -0.2705 0.8156
vn 0.1372 0.9619 0.2363
vn 0.5282 -0.0784 0.8455
vn 0.0698 -0.9930 0.0951
vn 0.0344 0.9968 0.0721
vn 0.5247 0.1167 0.8433
vn 0.1713 -0.9507 0.2584
vn 0.5012 0.3074 0.8089
vn 0.3434 -0.2726 0.8988
vn 0.0859 0.9613 0.2617
vn 0.3533 -0.0805 0.9320
vn 0.0525 -0.9932 0.1036
vn 0.0170 0.9966 0.0806
vn 0.3499 0.1146 0.9298
vn 0.1201 -0.9513 0.2838
vn 0.3331 0.3053 0.8921
vn 0.1829 -0.8727 0.4528
vn 0.3035 0.4846 0.8204
vn 0.2385 -0.7604 0.6040
vn 0.2623 0.6457 0.7171
vn 0.2849 -0.6192 0.7318
vn 0.2110 0.7822 0.5862
vn 0.3203 -0.4544 0.8312
vn 0.1515 0.8889 0.4324
vn 0.1364 0.4822 0.8654
vn 0.1181 -0.7622 0.6365
vn 0.1157 0.6435 0.7566
vn 0.1383 -0.6213 0.7712
vn 0.0906 0.7804 0.6186
vn 0.1532 -0.4569 0.8762
vn 0.0619 0.8876 0.4565
vn 0.1622 -0.2752 0.9476
vn 0.0308 0.9605 0.2765
vn 0.1650 -0.0833 0.9828
vn 0.0339 -0.9935 0.1086
vn -0.0016 0.9963 0.0856
vn 0.1615 0.1118 0.9805
vn 0.0649 -0.9522 0.2986
vn 0.1519 0.3027 0.9409
vn 0.0933 -0.8740 0.4769
vn -0.0263 0.9595 0.2803
vn -0.0297 -0.0866 0.9958
vn 0.0146 -0.9938 0.1099
vn -0.0208 0.9960 0.0869
vn -0.0331 0.1085 0.9935
vn 0.0079 -0.9531 0.3025
vn -0.0354 0.2995 0.9535
vn 0.0008 -0.8756 0.4831
vn -0.0362 0.4792 0.8769
vn -0.0063 -0.7643 0.6448
vn -0.0357 0.6409 0.7668
vn -0.0132 -0.6239 0.7814
vn -0.0338 0.7783 0.6269
vn -0.0195 -0.4598 0.8878
vn -0.0307 0.8860 0.4627
vn -0.0250 -0.2784 0.9601
vn -0.0829 0.9584 0.2730
vn -0.1862 0.6380 0.7471
vn -0.3888 -0.2859 0.8758
vn -0.4079 -0.0943 0.9082
vn -0.3717 0.4723 0.7992
vn -0.3075 -0.6300 0.7132
vn -0.1866 0.9560 0.2262
vn -0.2296 0.9549 0.1885
vn -0.6520 0.4650 0.5989
vn -0.6684 0.6254 0.4025
vn -0.2645 0.9537 0.1432
vn -0.8461 0.0885 0.5255
vn -0.2303 -0.9590 0.1654
vn -0.7131 -0.6422 0.2811
vn -0.2705 -0.9609 0.0590
vn -0.8791 0.4557 0.1396
vn -0.7657 0.6169 -0.1821
vn -0.3011 0.9505 -0.0769
vn -0.5660 -0.7847 -0.2528
vn -0.6944 -0.6487 -0.3114
vn -0.9051 -0.1184 -0.4084
vn -0.0624 -0.9970 -0.0457
vn -0.0979 0.9928 -0.0688
vn -0.8113 0.0764 -0.5797
vn -0.7265 0.4508 -0.5186
vn -0.1825 -0.9624 -0.2015
vn -0.4492 0.7582 -0.4726
vn -0.0851 0.9929 -0.0833
vn -0.5115 0.2705 -0.8156
vn -0.3434 0.2725 -0.8988
vn -0.1201 0.9513 -0.2838
vn -0.0170 -0.9966 -0.0806
vn -0.0526 0.9932 -0.1036
vn -0.1519 -0.3027 -0.9409
vn -0.0649 0.9522 -0.2987
vn -0.1532 0.4569 -0.8762
vn -0.0906 -0.7804 -0.6186
vn -0.1181 0.7622 -0.6365
vn 0.0209 -0.9960 -0.0869
vn 0.0263 -0.9595 -0.2803
vn 0.1863 -0.6380 -0.7472
vn 0.3717 -0.4723 -0.7992
vn 0.1790 0.8793 -0.4414
vn 0.4079 0.0944 -0.9081
vn 0.3562 0.7719 -0.5265
vn 0.0895 -0.9944 -0.0559
vn 0.0541 0.9954 -0.0789
vn 0.8461 -0.0885 -0.5255
vn 0.8071 0.2976 -0.5100
vn 0.6684 -0.6254 -0.4025
vn 0.7574 -0.4616 -0.4618
vn 0.2303 0.9590 -0.1654
vn 0.5813 0.7794 -0.2338
vn 0.6089 -0.7633 -0.2160
vn 0.8515 0.4872 0.1939
vn 0.9051 0.1184 0.4083
vn 0.6944 0.6487 0.3114
vn 0.0852 -0.9929 0.0833
vn 0.0497 0.9969 0.0603
vn 0.4492 -0.7582 0.4727
vn 0.3228 0.7836 0.5309
vn 0.0343 0.9968 0.0721
vn 0.5013 0.3074 0.8089
vn 0.0171 0.9966 0.0806
vn 0.3330 0.3053 0.8921
vn 0.2849 -0.6192 0.7317
vn 0.1514 0.8889 0.4324
vn 0.0906 0.7805 0.6186
vn 0.1532 -0.4569 0.8763
vn 0.0147 -0.9938 0.1099
vn -0.0209 0.9960 0.0869
vn -0.0306 0.8860 0.4627
vn -0.0251 -0.2784 0.9601
vn 0.0975 0.0976 0.9904
vn 0.0975 -0.0975 0.9904
vn 0.2231 -0.8810 0.4173
vn 0.2230 0.8810 0.4173
vn 0.2254 -0.9565 0.1850
vn 0.4173 0.8810 -0.2230
vn 0.4173 -0.8810 -0.2231
vn 0.2231 -0.8810 -0.4173
vn -0.0975 0.0975 -0.9904
vn -0.0976 -0.0975 -0.9904
vn -0.2231 0.8810 -0.4173
vn -0.2231 -0.8810 -0.4173
vn -0.2254 -0.9565 -0.1850
vn -0.4173 -0.8810 -0.2230
vn -0.9904 0.0975 -0.0976
vn -0.9904 -0.0975 -0.0975
vn -0.9904 0.0975 0.0976
vn -0.9904 -0.0975 0.0975
vn -0.9732 0.0246 -0.2285
vn -0.9732 0.0245 -0.2286
vn -0.1370 0.9573 0.2547
vn -0.4114 0.1007 0.9059
vn -0.1030 -0.9554 0.2768
vn -0.3562 -0.7719 0.5265
vn -0.4391 -0.6332 0.6374
vn -0.1955 -0.9578 0.2107
vn -0.9291 -0.1101 0.3529
vn -0.2556 -0.9600 0.1141
vn -0.5813 -0.7794 0.2338
vn -0.9799 -0.1132 0.1646
vn -0.9619 0.2715 -0.0334
vn -0.4571 -0.8894 -0.0047
vn -0.9515 -0.3064 -0.0267
vn -0.7656 0.6169 -0.1822
vn -0.9376 0.2698 -0.2194
vn -0.4006 0.8707 -0.2852
vn -0.2542 0.9501 -0.1805
vn -0.2201 -0.9625 -0.1585
vn -0.6413 0.6160 -0.4575
vn -0.1825 -0.9624 -0.2014
vn -0.5247 -0.1167 -0.8433
vn -0.1371 -0.9619 -0.2363
vn -0.2849 0.6192 -0.7317
vn -0.3330 -0.3053 -0.8921
vn -0.0307 -0.9605 -0.2765
vn -0.1532 0.4569 -0.8763
vn 0.0307 -0.8860 -0.4627
vn 0.0131 0.6239 -0.7814
vn 0.0262 -0.9595 -0.2803
vn 0.2481 0.7693 -0.5888
vn 0.3717 -0.4724 -0.7992
vn 0.1030 0.9554 -0.2768
vn 0.3562 0.7720 -0.5265
vn 0.1955 0.9578 -0.2107
vn 0.7272 -0.0925 -0.6802
vn 0.2645 -0.9537 -0.1432
vn 0.6458 0.6394 -0.4172
vn 0.3857 0.8850 -0.2606
vn 0.9291 0.1101 -0.3529
vn 0.2705 0.9609 -0.0589
vn 0.4571 0.8894 0.0046
vn 0.9619 -0.2715 0.0333
vn 0.9515 0.3063 0.0267
vn 0.8739 0.4856 0.0222
vn 0.4452 0.8902 0.0966
vn 0.2669 0.9622 0.0548
vn 0.8672 0.3090 0.3905
vn 0.4006 -0.8707 0.2853
vn 0.7838 -0.2686 0.5599
vn 0.8078 0.1186 0.5774
vn 0.2542 -0.9501 0.1806
vn 0.1825 0.9623 0.2015
vn 0.4491 -0.7582 0.4727
vn 0.5116 -0.2705 0.8156
vn 0.0860 0.9613 0.2617
vn 0.1200 -0.9513 0.2838
vn 0.1181 -0.7622 0.6364
vn -0.0263 0.9595 0.2804
vn 0.0078 -0.9531 0.3025
vn -0.0338 0.7783 0.6270
vn -0.1863 0.6380 0.7472
vn -0.2105 0.8823 0.4211
vn -0.7272 0.0925 0.6801
vn -0.6088 0.7633 0.2160
vn -0.8739 -0.4856 -0.0223
vn -0.7656 0.6169 -0.1821
vn -0.6059 -0.7840 -0.1347
vn -0.7098 -0.4883 -0.5078
vn -0.6126 0.4513 -0.6489
vn 0.0338 -0.7783 -0.6270
vn 0.0251 0.2784 -0.9601
vn 0.0912 0.8774 -0.4711
vn 0.3301 -0.6349 -0.6986
vn 0.1866 -0.9561 -0.2261
vn 0.2594 0.8812 -0.3951
vn 0.6520 -0.4650 -0.5989
vn 0.7272 -0.0924 -0.6802
vn 0.2296 -0.9549 -0.1885
vn 0.8462 -0.0885 -0.5255
vn 0.2644 -0.9537 -0.1433
vn 0.6059 0.7841 0.1347
vn 0.4468 -0.8708 0.2049
vn 0.7170 -0.6162 0.3260
vn 0.5660 0.7847 0.2528
vn 0.5116 -0.2705 0.8155
vn 0.5247 0.1167 0.8432
vn 0.1383 -0.6213 0.7713
vn 0.0649 -0.9522 0.2987
vt 0.280652 0.344808
vt 0.259585 0.370762
vt 0.255832 0.348125
vt 0.441171 0.368315
vt 0.471153 0.400801
vt 0.434631 0.386637
vt 0.235043 0.375154
vt 0.229988 0.353675
vt 0.409742 0.357221
vt 0.404025 0.377747
vt 0.208520 0.381792
vt 0.202225 0.361949
vt 0.380968 0.350213
vt 0.376970 0.372099
vt 0.179028 0.391632
vt 0.172069 0.374048
vt 0.354668 0.345791
vt 0.351950 0.368785
vt 0.144038 0.406664
vt 0.136817 0.392213
vt 0.329548 0.343587
vt 0.328488 0.367143
vt 0.096695 0.430721
vt 0.091341 0.420486
vt 0.305619 0.366907
vt 0.305010 0.343452
vt 0.527549 0.413425
vt 0.581985 0.445254
vt 0.522405 0.424600
vt 0.041806 0.452917
vt 0.282818 0.368071
vt 0.478141 0.385547
vt 0.284539 0.389923
vt 0.465515 0.415978
vt 0.262433 0.392040
vt 0.429419 0.404462
vt 0.239019 0.395581
vt 0.399433 0.397468
vt 0.213909 0.401016
vt 0.373672 0.393012
vt 0.184661 0.408852
vt 0.349995 0.390357
vt 0.149986 0.421206
vt 0.327731 0.389158
vt 0.101151 0.441371
vt 0.306119 0.388986
vt 0.576153 0.456364
vt 0.517261 0.435640
vt 0.044590 0.458778
vt 0.217838 0.419554
vt 0.189432 0.425727
vt 0.348477 0.410927
vt 0.154842 0.435781
vt 0.327185 0.410068
vt 0.104766 0.452358
vt 0.306569 0.409953
vt 0.572348 0.463335
vt 0.512932 0.446863
vt 0.046913 0.465303
vt 0.285929 0.410725
vt 0.460999 0.431006
vt 0.264750 0.412411
vt 0.424949 0.421875
vt 0.242317 0.415258
vt 0.395912 0.416432
vt 0.371204 0.412939
vt 0.457012 0.445856
vt 0.266593 0.432043
vt 0.421670 0.438851
vt 0.244875 0.434266
vt 0.393408 0.434791
vt 0.220976 0.437621
vt 0.369219 0.432191
vt 0.193170 0.442357
vt 0.347330 0.430684
vt 0.158731 0.450363
vt 0.326790 0.430068
vt 0.107591 0.463622
vt 0.306910 0.430130
vt 0.569182 0.470780
vt 0.509358 0.458240
vt 0.048715 0.472401
vt 0.287040 0.430724
vt 0.346524 0.449835
vt 0.196019 0.458795
vt 0.161759 0.464932
vt 0.326562 0.449466
vt 0.109672 0.475124
vt 0.307234 0.449610
vt 0.566502 0.478431
vt 0.506525 0.469719
vt 0.049956 0.479989
vt 0.287921 0.450088
vt 0.453900 0.460629
vt 0.268022 0.451096
vt 0.419262 0.455476
vt 0.246828 0.452779
vt 0.391590 0.452656
vt 0.223390 0.455314
vt 0.367784 0.450877
vt 0.269089 0.469729
vt 0.417486 0.471919
vt 0.248258 0.470934
vt 0.390108 0.470237
vt 0.225144 0.472730
vt 0.367024 0.469091
vt 0.198069 0.475072
vt 0.346058 0.468530
vt 0.163888 0.479457
vt 0.326484 0.468397
vt 0.112128 0.486499
vt 0.307542 0.468608
vt 0.564160 0.486218
vt 0.504419 0.481223
vt 0.052869 0.493345
vt 0.288612 0.468991
vt 0.452124 0.475330
vt 0.199386 0.491241
vt 0.165235 0.493903
vt 0.345872 0.486921
vt 0.326544 0.487016
vt 0.113886 0.497848
vt 0.307837 0.487295
vt 0.562362 0.494239
vt 0.502994 0.492721
vt 0.055112 0.501142
vt 0.289135 0.487595
vt 0.451143 0.489882
vt 0.269834 0.488089
vt 0.416433 0.488235
vt 0.249215 0.488856
vt 0.389465 0.487572
vt 0.226290 0.489965
vt 0.366538 0.487087
vt 0.270281 0.506313
vt 0.249731 0.506666
vt 0.389363 0.504764
vt 0.226859 0.507115
vt 0.366513 0.504921
vt 0.200008 0.507356
vt 0.345966 0.505159
vt 0.165782 0.508289
vt 0.326741 0.505475
vt 0.114957 0.509141
vt 0.308124 0.505824
vt 0.561241 0.502379
vt 0.502228 0.504214
vt 0.056813 0.508958
vt 0.289506 0.506049
vt 0.450485 0.504354
vt 0.416217 0.504413
vt 0.114280 0.520460
vt 0.327081 0.523912
vt 0.308412 0.524338
vt 0.560609 0.510419
vt 0.502134 0.515667
vt 0.056877 0.511342
vt 0.289734 0.524495
vt 0.450594 0.518803
vt 0.270442 0.524537
vt 0.416675 0.520497
vt 0.249819 0.524482
vt 0.389815 0.521889
vt 0.226865 0.524278
vt 0.366924 0.522711
vt 0.199953 0.523497
vt 0.346348 0.523364
vt 0.165594 0.522669
vt 0.390835 0.539054
vt 0.226298 0.541553
vt 0.367779 0.540579
vt 0.199229 0.539740
vt 0.347030 0.541671
vt 0.164570 0.537108
vt 0.327576 0.542469
vt 0.112926 0.531841
vt 0.308708 0.542984
vt 0.560321 0.518335
vt 0.502723 0.527016
vt 0.055540 0.519244
vt 0.289823 0.543076
vt 0.451974 0.533163
vt 0.270317 0.542893
vt 0.417681 0.536606
vt 0.249475 0.542425
vt 0.328243 0.561292
vt 0.309021 0.561912
vt 0.560757 0.526139
vt 0.503998 0.538267
vt 0.054007 0.532788
vt 0.111988 0.543299
vt 0.289772 0.561941
vt 0.453686 0.547536
vt 0.269896 0.561521
vt 0.419576 0.552803
vt 0.248681 0.560616
vt 0.392489 0.556376
vt 0.225124 0.559036
vt 0.369100 0.558650
vt 0.197626 0.556106
vt 0.348036 0.560216
vt 0.163094 0.551645
vt 0.223316 0.576807
vt 0.394843 0.573919
vt 0.370914 0.577033
vt 0.195404 0.572648
vt 0.349407 0.579146
vt 0.160347 0.566227
vt 0.329107 0.580543
vt 0.109287 0.554454
vt 0.309360 0.581286
vt 0.561688 0.533635
vt 0.505995 0.549380
vt 0.053731 0.535098
vt 0.289575 0.581250
vt 0.456255 0.561925
vt 0.269158 0.580571
vt 0.422248 0.569097
vt 0.247402 0.579182
vt 0.562970 0.540804
vt 0.508744 0.560279
vt 0.051036 0.542365
vt 0.105831 0.565534
vt 0.289217 0.601184
vt 0.460208 0.576195
vt 0.268064 0.600213
vt 0.425636 0.585555
vt 0.245578 0.598278
vt 0.397713 0.591799
vt 0.220790 0.595018
vt 0.373496 0.595913
vt 0.192330 0.589512
vt 0.351220 0.598642
vt 0.156657 0.580896
vt 0.330203 0.600399
vt 0.309733 0.601290
vt 0.401718 0.610176
vt 0.376607 0.615375
vt 0.217431 0.613793
vt 0.188145 0.606768
vt 0.353499 0.618842
vt 0.152393 0.595755
vt 0.331568 0.621055
vt 0.101598 0.576482
vt 0.310153 0.622132
vt 0.564942 0.547599
vt 0.512276 0.570949
vt 0.047868 0.549412
vt 0.288677 0.621949
vt 0.464737 0.590525
vt 0.266562 0.620637
vt 0.430206 0.602311
vt 0.243129 0.618069
vt 0.287920 0.643791
vt 0.470431 0.604827
vt 0.264573 0.642065
vt 0.435903 0.619338
vt 0.239940 0.638730
vt 0.406711 0.629097
vt 0.213114 0.633223
vt 0.380580 0.635636
vt 0.182865 0.624399
vt 0.356373 0.639998
vt 0.146898 0.610759
vt 0.333266 0.642760
vt 0.097434 0.587595
vt 0.310633 0.644067
vt 0.567343 0.553843
vt 0.516645 0.581315
vt 0.042824 0.560798
vt 0.207658 0.653442
vt 0.176418 0.642399
vt 0.359983 0.662362
vt 0.139788 0.625688
vt 0.335378 0.665810
vt 0.091533 0.597911
vt 0.311189 0.667406
vt 0.570165 0.559430
vt 0.521913 0.591290
vt 0.041855 0.562647
vt 0.286898 0.667015
vt 0.477413 0.619061
vt 0.261987 0.664770
vt 0.442952 0.636667
vt 0.235849 0.660478
vt 0.412922 0.648695
vt 0.385578 0.656887
vt 0.258646 0.689090
vt 0.451439 0.654242
vt 0.230630 0.683590
vt 0.420628 0.669089
vt 0.200778 0.674662
vt 0.391849 0.679362
vt 0.168356 0.660956
vt 0.364519 0.686246
vt 0.131266 0.640595
vt 0.338018 0.690573
vt 0.084659 0.607833
vt 0.311844 0.692539
vt 0.573229 0.564316
vt 0.528127 0.600740
vt 0.037482 0.567805
vt 0.285540 0.691999
vt 0.486241 0.632955
vt 0.121082 0.655379
vt 0.370248 0.712052
vt 0.341340 0.717521
vt 0.076767 0.617238
vt 0.312625 0.719969
vt 0.574683 0.565481
vt 0.535859 0.609109
vt 0.032735 0.572278
vt 0.283743 0.719230
vt 0.496276 0.646662
vt 0.254330 0.715451
vt 0.462087 0.672258
vt 0.223970 0.708386
vt 0.430251 0.690484
vt 0.192121 0.697051
vt 0.399738 0.703358
vt 0.158377 0.680074
vt 0.475083 0.690552
vt 0.248723 0.744393
vt 0.215430 0.735253
vt 0.442253 0.712955
vt 0.181203 0.720789
vt 0.409718 0.729200
vt 0.146066 0.699722
vt 0.377543 0.740279
vt 0.108966 0.669868
vt 0.345563 0.747271
vt 0.067817 0.625967
vt 0.313569 0.750360
vt 0.579425 0.568365
vt 0.544599 0.616793
vt 0.027760 0.575942
vt 0.281357 0.749346
vt 0.508293 0.659911
vt 0.386943 0.771583
vt 0.351004 0.780649
vt 0.094615 0.683799
vt 0.057779 0.633821
vt 0.314727 0.784608
vt 0.584106 0.570394
vt 0.554359 0.623580
vt 0.022732 0.578687
vt 0.278159 0.783204
vt 0.522813 0.672243
vt 0.241360 0.776630
vt 0.490720 0.708769
vt 0.204383 0.764666
vt 0.457293 0.736570
vt 0.167360 0.746048
vt 0.422466 0.757283
vt 0.130880 0.719790
vt 0.231545 0.813114
vt 0.189913 0.797207
vt 0.476396 0.761456
vt 0.149660 0.772961
vt 0.438965 0.788108
vt 0.112117 0.740032
vt 0.399246 0.806840
vt 0.077704 0.696777
vt 0.358129 0.818794
vt 0.046654 0.640553
vt 0.316165 0.823951
vt 0.590594 0.572688
vt 0.564930 0.629647
vt 0.017874 0.580434
vt 0.273812 0.821987
vt 0.539542 0.683545
vt 0.510285 0.726981
vt 0.034490 0.645867
vt 0.367630 0.863316
vt 0.317984 0.870120
vt 0.593574 0.573049
vt 0.576464 0.634132
vt 0.013461 0.581156
vt 0.267806 0.867373
vt 0.559155 0.692939
vt 0.218204 0.855176
vt 0.533806 0.744095
vt 0.170653 0.833576
vt 0.500780 0.787391
vt 0.126780 0.801558
vt 0.460640 0.822201
vt 0.088901 0.759955
vt 0.415662 0.847252
vt 0.057905 0.708225
vt 0.532534 0.814151
vt 0.096767 0.831678
vt 0.489643 0.860120
vt 0.060191 0.778622
vt 0.438155 0.894630
vt 0.034939 0.717330
vt 0.380503 0.916578
vt 0.021409 0.649420
vt 0.320319 0.925479
vt 0.595831 0.572534
vt 0.588792 0.636720
vt 0.009824 0.580917
vt 0.259409 0.921829
vt 0.581280 0.699708
vt 0.199568 0.904823
vt 0.563150 0.759521
vt 0.144541 0.874518
vt 0.397981 0.982181
vt 0.323347 0.992669
vt 0.596933 0.571555
vt 0.601600 0.637060
vt 0.007331 0.579915
vt 0.007646 0.650831
vt 0.247791 0.989108
vt 0.606020 0.702582
vt 0.172242 0.965870
vt 0.598835 0.771153
vt 0.108584 0.920167
vt 0.574682 0.840994
vt 0.056466 0.862918
vt 0.528946 0.901674
vt 0.025000 0.794230
vt 0.470457 0.952394
vt 0.008654 0.722982
vt 0.084854 0.106997
vt 0.083052 0.194842
vt 0.042908 0.169135
vt 0.511000 0.088432
vt 0.520692 0.177993
vt 0.473676 0.135185
vt 0.015477 0.236452
vt 0.051441 0.249186
vt 0.418617 0.104110
vt 0.445834 0.046060
vt 0.032257 0.309260
vt 0.007331 0.306126
vt 0.373602 0.017300
vt 0.358769 0.085847
vt 0.024305 0.373126
vt 0.011475 0.372773
vt 0.292778 0.007331
vt 0.296048 0.081351
vt 0.610418 0.359124
vt 0.610770 0.429789
vt 0.596704 0.360537
vt 0.016092 0.438402
vt 0.234113 0.091173
vt 0.213373 0.024622
vt 0.583214 0.292749
vt 0.609338 0.287316
vt 0.176585 0.114287
vt 0.144706 0.059646
vt 0.594380 0.214932
vt 0.557990 0.231386
vt 0.125268 0.149365
vt 0.559606 0.147919
vt 0.016925 0.438227
vt 0.036805 0.375797
vt 0.247928 0.145216
vt 0.560065 0.301861
vt 0.199493 0.161395
vt 0.529324 0.250044
vt 0.154445 0.187181
vt 0.490908 0.207963
vt 0.114231 0.221516
vt 0.447143 0.176085
vt 0.080134 0.264889
vt 0.399435 0.153585
vt 0.054861 0.316280
vt 0.349410 0.141187
vt 0.298409 0.138564
vt 0.608461 0.428863
vt 0.583662 0.364120
vt 0.138580 0.247759
vt 0.104004 0.282496
vt 0.385730 0.195936
vt 0.074268 0.325960
vt 0.343052 0.187143
vt 0.048407 0.380013
vt 0.300205 0.185454
vt 0.605041 0.428698
vt 0.571530 0.369500
vt 0.021103 0.437091
vt 0.257724 0.190279
vt 0.540026 0.313299
vt 0.216181 0.202074
vt 0.506245 0.269885
vt 0.176222 0.221338
vt 0.467997 0.236675
vt 0.427637 0.212477
vt 0.523166 0.326457
vt 0.228626 0.237678
vt 0.487239 0.290268
vt 0.192801 0.252343
vt 0.450172 0.263826
vt 0.157701 0.272949
vt 0.412980 0.245160
vt 0.123472 0.300854
vt 0.375699 0.232759
vt 0.091117 0.337543
vt 0.338541 0.226331
vt 0.058999 0.386138
vt 0.301611 0.225201
vt 0.600756 0.429348
vt 0.560466 0.376313
vt 0.022454 0.437112
vt 0.264948 0.228829
vt 0.368203 0.265309
vt 0.105536 0.350334
vt 0.335250 0.260510
vt 0.068521 0.393536
vt 0.302734 0.259743
vt 0.596036 0.431052
vt 0.550515 0.384261
vt 0.026022 0.438413
vt 0.270423 0.262536
vt 0.508921 0.340613
vt 0.238102 0.269319
vt 0.471851 0.310475
vt 0.205628 0.280671
vt 0.436211 0.289328
vt 0.172837 0.296926
vt 0.401784 0.274766
vt 0.139394 0.319432
vt 0.245432 0.297847
vt 0.459272 0.330301
vt 0.215692 0.306769
vt 0.425229 0.313278
vt 0.184904 0.319701
vt 0.393111 0.301846
vt 0.152450 0.337921
vt 0.362517 0.294526
vt 0.117806 0.363897
vt 0.332805 0.290896
vt 0.076965 0.401954
vt 0.303647 0.290381
vt 0.591119 0.433794
vt 0.541670 0.393088
vt 0.029798 0.440819
vt 0.274654 0.292568
vt 0.496995 0.355350
vt 0.128200 0.377932
vt 0.358186 0.321094
vt 0.330969 0.318355
vt 0.084359 0.411190
vt 0.304396 0.318039
vt 0.589778 0.435133
vt 0.534422 0.403228
vt 0.033545 0.444293
vt 0.277975 0.319762
vt 0.486453 0.370294
vt 0.251147 0.323886
vt 0.449215 0.349495
vt 0.223716 0.331044
vt 0.416643 0.335782
vt 0.194559 0.341353
vt 0.386277 0.326886
vt 0.163189 0.356160
vt 0.583010 0.443389
vt 0.040420 0.451455
vt 0.782782 0.329337
vt 0.775488 0.202813
vt 0.810812 0.330202
vt 0.837829 0.326316
vt 0.863233 0.317737
vt 0.886455 0.304422
vt 0.906845 0.286308
vt 0.923596 0.263462
vt 0.935769 0.236241
vt 0.942386 0.205396
vt 0.942591 0.172101
vt 0.935817 0.137892
vt 0.921927 0.104538
vt 0.901297 0.073875
vt 0.874824 0.047613
vt 0.843860 0.027175
vt 0.810081 0.013569
vt 0.775328 0.007331
vt 0.741425 0.008520
vt 0.710029 0.016766
vt 0.682496 0.031363
vt 0.659815 0.051374
vt 0.642595 0.075742
vt 0.631119 0.103370
vt 0.625433 0.133164
vt 0.625433 0.164037
vt 0.630928 0.194902
vt 0.641651 0.224673
vt 0.657228 0.252277
vt 0.677125 0.276704
vt 0.700604 0.297091
vt 0.726728 0.312822
vt 0.648270 0.395625
vt 0.792940 0.371481
vt 0.807189 0.554190
vt 0.754459 0.323584
vt 0.637727 0.654742
vt 0.633827 0.658387
vt 0.633324 0.657398
vt 0.653732 0.650549
vt 0.655861 0.652805
vt 0.653721 0.652739
vt 0.674020 0.657424
vt 0.678782 0.660439
vt 0.673525 0.658406
vt 0.628528 0.660461
vt 0.651447 0.650616
vt 0.651587 0.652808
vt 0.669659 0.654800
vt 0.669001 0.656176
vt 0.649099 0.650864
vt 0.649399 0.653011
vt 0.665672 0.654827
vt 0.666324 0.653159
vt 0.647074 0.653362
vt 0.646645 0.651324
vt 0.662854 0.653968
vt 0.663395 0.652092
vt 0.644041 0.652051
vt 0.644577 0.653935
vt 0.660788 0.651363
vt 0.660360 0.653387
vt 0.641760 0.654812
vt 0.641129 0.653136
vt 0.658047 0.653022
vt 0.658362 0.650877
vt 0.638409 0.656123
vt 0.656010 0.650629
vt 0.657816 0.655029
vt 0.638916 0.657511
vt 0.655744 0.654859
vt 0.634322 0.659362
vt 0.653720 0.654813
vt 0.678223 0.661372
vt 0.673039 0.659374
vt 0.629101 0.661398
vt 0.651698 0.654857
vt 0.668476 0.657551
vt 0.649622 0.655019
vt 0.665144 0.656459
vt 0.647426 0.655307
vt 0.662424 0.655774
vt 0.645004 0.655751
vt 0.660007 0.655324
vt 0.642283 0.656456
vt 0.651781 0.656809
vt 0.649799 0.656938
vt 0.664741 0.658052
vt 0.647685 0.657160
vt 0.662067 0.657524
vt 0.645359 0.657509
vt 0.659746 0.657170
vt 0.642687 0.658065
vt 0.657635 0.656945
vt 0.639363 0.658889
vt 0.655656 0.656812
vt 0.634655 0.660395
vt 0.653719 0.656778
vt 0.678115 0.661551
vt 0.672713 0.660401
vt 0.629216 0.661576
vt 0.668007 0.658918
vt 0.639714 0.660267
vt 0.655580 0.658692
vt 0.634913 0.661452
vt 0.653719 0.658667
vt 0.677960 0.662206
vt 0.672462 0.661454
vt 0.629393 0.662240
vt 0.651853 0.658690
vt 0.667677 0.660297
vt 0.649931 0.658781
vt 0.664413 0.659624
vt 0.647884 0.658949
vt 0.661789 0.659227
vt 0.645638 0.659219
vt 0.659547 0.658955
vt 0.643001 0.659643
vt 0.657499 0.658784
vt 0.650026 0.660573
vt 0.648051 0.660699
vt 0.661605 0.660891
vt 0.645825 0.660891
vt 0.659383 0.660699
vt 0.643230 0.661196
vt 0.657399 0.660573
vt 0.639983 0.661645
vt 0.655523 0.660508
vt 0.635100 0.662528
vt 0.653713 0.660490
vt 0.677841 0.662900
vt 0.672284 0.662526
vt 0.629520 0.662944
vt 0.651906 0.660512
vt 0.667432 0.661672
vt 0.664166 0.661178
vt 0.635218 0.663619
vt 0.655493 0.662280
vt 0.653715 0.662274
vt 0.677775 0.663633
vt 0.672173 0.663614
vt 0.629590 0.663677
vt 0.651937 0.662282
vt 0.667213 0.663043
vt 0.650106 0.662329
vt 0.664005 0.662710
vt 0.648139 0.662406
vt 0.661461 0.662529
vt 0.645958 0.662529
vt 0.659283 0.662405
vt 0.643420 0.662733
vt 0.657328 0.662326
vt 0.640180 0.663025
vt 0.661376 0.664147
vt 0.648202 0.664092
vt 0.646054 0.664153
vt 0.659224 0.664088
vt 0.643503 0.664255
vt 0.657289 0.664050
vt 0.640302 0.664402
vt 0.655478 0.664028
vt 0.635372 0.664704
vt 0.653715 0.664028
vt 0.677620 0.664897
vt 0.672028 0.664695
vt 0.629759 0.664945
vt 0.651953 0.664030
vt 0.667123 0.664418
vt 0.650142 0.664053
vt 0.663894 0.664233
vt 0.655467 0.665765
vt 0.653716 0.665771
vt 0.677607 0.665120
vt 0.672051 0.665787
vt 0.629781 0.665166
vt 0.635355 0.665799
vt 0.651965 0.665767
vt 0.667090 0.665789
vt 0.650165 0.665765
vt 0.663887 0.665753
vt 0.648224 0.665768
vt 0.661356 0.665759
vt 0.646074 0.665769
vt 0.659202 0.665761
vt 0.643528 0.665770
vt 0.657266 0.665761
vt 0.640319 0.665778
vt 0.648199 0.667444
vt 0.646057 0.667387
vt 0.659224 0.667436
vt 0.643522 0.667292
vt 0.657285 0.667474
vt 0.640263 0.667146
vt 0.655474 0.667501
vt 0.635379 0.666889
vt 0.653718 0.667508
vt 0.677610 0.666419
vt 0.672034 0.666878
vt 0.629803 0.666465
vt 0.651960 0.667504
vt 0.667132 0.667156
vt 0.650146 0.667480
vt 0.663904 0.667271
vt 0.661379 0.667372
vt 0.677572 0.667176
vt 0.672082 0.667959
vt 0.629842 0.667224
vt 0.635338 0.667971
vt 0.653720 0.669263
vt 0.651941 0.669253
vt 0.667243 0.668520
vt 0.650105 0.669205
vt 0.663983 0.668799
vt 0.648146 0.669129
vt 0.661456 0.668992
vt 0.645963 0.669011
vt 0.659289 0.669120
vt 0.643439 0.668824
vt 0.657330 0.669198
vt 0.640181 0.668514
vt 0.655496 0.669247
vt 0.661602 0.670630
vt 0.659376 0.670824
vt 0.643256 0.670361
vt 0.657405 0.670950
vt 0.640020 0.669883
vt 0.655530 0.671020
vt 0.635231 0.669040
vt 0.653716 0.671048
vt 0.677587 0.667917
vt 0.672195 0.669027
vt 0.629830 0.667956
vt 0.651906 0.671024
vt 0.667433 0.669880
vt 0.650035 0.670955
vt 0.664162 0.670338
vt 0.648052 0.670835
vt 0.645827 0.670648
vt 0.651861 0.672835
vt 0.672473 0.670070
vt 0.667700 0.671238
vt 0.649927 0.672751
vt 0.664404 0.671891
vt 0.647897 0.672578
vt 0.661789 0.672296
vt 0.645650 0.672312
vt 0.659539 0.672569
vt 0.643022 0.671910
vt 0.657505 0.672743
vt 0.639742 0.671248
vt 0.655577 0.672832
vt 0.634957 0.670084
vt 0.653719 0.672871
vt 0.677655 0.668131
vt 0.629770 0.668164
vt 0.642687 0.673485
vt 0.659753 0.674361
vt 0.657638 0.674586
vt 0.639414 0.672625
vt 0.655652 0.674708
vt 0.634707 0.671140
vt 0.653720 0.674755
vt 0.677994 0.669332
vt 0.672721 0.671128
vt 0.629444 0.669337
vt 0.651791 0.674709
vt 0.668026 0.672607
vt 0.649801 0.674592
vt 0.664740 0.673466
vt 0.647693 0.674369
vt 0.662044 0.674000
vt 0.645380 0.674018
vt 0.651701 0.676661
vt 0.649632 0.676503
vt 0.665133 0.675069
vt 0.647430 0.676221
vt 0.662420 0.675759
vt 0.645014 0.675776
vt 0.660015 0.676209
vt 0.642291 0.675085
vt 0.657812 0.676494
vt 0.638992 0.674007
vt 0.655749 0.676672
vt 0.634381 0.672173
vt 0.653720 0.676715
vt 0.678157 0.670005
vt 0.673043 0.672162
vt 0.629276 0.669994
vt 0.668449 0.673980
vt 0.638421 0.675377
vt 0.658060 0.678511
vt 0.655866 0.678724
vt 0.633974 0.673173
vt 0.653727 0.678781
vt 0.678363 0.670620
vt 0.673443 0.673166
vt 0.629075 0.670597
vt 0.651581 0.678731
vt 0.668982 0.675354
vt 0.649394 0.678517
vt 0.665668 0.676698
vt 0.647090 0.678149
vt 0.662837 0.677557
vt 0.644606 0.677575
vt 0.660358 0.678137
vt 0.641766 0.676711
vt 0.666294 0.678364
vt 0.646660 0.680184
vt 0.663417 0.679447
vt 0.644034 0.679468
vt 0.660790 0.680163
vt 0.641128 0.678384
vt 0.658346 0.680626
vt 0.637780 0.676754
vt 0.656017 0.680905
vt 0.633410 0.674101
vt 0.653727 0.680990
vt 0.678468 0.670784
vt 0.674001 0.674096
vt 0.628958 0.670757
vt 0.651441 0.680901
vt 0.669629 0.676726
vt 0.649113 0.680635
vt 0.658736 0.682911
vt 0.656212 0.683250
vt 0.632754 0.674995
vt 0.653739 0.683347
vt 0.678892 0.671234
vt 0.674650 0.674991
vt 0.628521 0.671202
vt 0.651257 0.683265
vt 0.670457 0.678078
vt 0.648736 0.682925
vt 0.667088 0.680060
vt 0.646109 0.682348
vt 0.664080 0.681393
vt 0.643361 0.681433
vt 0.661339 0.682310
vt 0.640355 0.680090
vt 0.636956 0.678112
vt 0.648263 0.685391
vt 0.645433 0.684652
vt 0.664978 0.683476
vt 0.642488 0.683510
vt 0.662031 0.684611
vt 0.639373 0.681854
vt 0.659201 0.685353
vt 0.636013 0.679469
vt 0.656460 0.685802
vt 0.632005 0.675839
vt 0.653743 0.685936
vt 0.679326 0.671634
vt 0.675391 0.675835
vt 0.628074 0.671594
vt 0.651020 0.685820
vt 0.671402 0.679425
vt 0.668052 0.681811
vt 0.631155 0.676620
vt 0.653751 0.688801
vt 0.679794 0.671948
vt 0.676229 0.676616
vt 0.627592 0.671896
vt 0.650715 0.688647
vt 0.672568 0.680723
vt 0.647654 0.688100
vt 0.669241 0.683580
vt 0.644565 0.687142
vt 0.666032 0.685630
vt 0.641405 0.685696
vt 0.662918 0.687100
vt 0.638190 0.683645
vt 0.659832 0.688063
vt 0.634851 0.680779
vt 0.656782 0.688626
vt 0.670729 0.685391
vt 0.667403 0.687925
vt 0.640039 0.688012
vt 0.664034 0.689779
vt 0.636729 0.685465
vt 0.660652 0.691094
vt 0.633477 0.682030
vt 0.657194 0.691781
vt 0.630239 0.677365
vt 0.653763 0.692021
vt 0.680475 0.672381
vt 0.677133 0.677360
vt 0.626899 0.672322
vt 0.650325 0.691808
vt 0.673915 0.681976
vt 0.646850 0.691144
vt 0.643450 0.689849
vt 0.653780 0.695745
vt 0.680822 0.672542
vt 0.678138 0.677985
vt 0.626537 0.672477
vt 0.629220 0.677991
vt 0.649790 0.695457
vt 0.675494 0.683126
vt 0.645825 0.694510
vt 0.672511 0.687186
vt 0.641988 0.692836
vt 0.669192 0.690398
vt 0.638288 0.690483
vt 0.665501 0.692740
vt 0.634931 0.687285
vt 0.661700 0.694446
vt 0.631875 0.683183
vt 0.657761 0.695422
vt 0.639996 0.696221
vt 0.636068 0.693058
vt 0.667466 0.696044
vt 0.632735 0.689043
vt 0.663132 0.698312
vt 0.630027 0.684177
vt 0.658538 0.699683
vt 0.628097 0.678433
vt 0.653807 0.700145
vt 0.680947 0.672564
vt 0.679244 0.678427
vt 0.626399 0.672486
vt 0.649059 0.699726
vt 0.677325 0.684111
vt 0.644433 0.698381
vt 0.674735 0.688927
vt 0.671390 0.692939
vt 0.626075 0.672441
vt 0.626895 0.678712
vt 0.653851 0.705548
vt 0.648014 0.704894
vt 0.680429 0.678704
vt 0.679437 0.684848
vt 0.642462 0.702927
vt 0.677467 0.690541
vt 0.637444 0.699838
vt 0.674253 0.695567
vt 0.633197 0.695723
vt 0.670118 0.699737
vt 0.630001 0.690675
vt 0.665096 0.702766
vt 0.627887 0.684937
vt 0.659651 0.704826
vt 0.681252 0.672522
vt 0.626683 0.692041
vt 0.668024 0.708327
vt 0.625433 0.685365
vt 0.661189 0.710963
vt 0.625616 0.678797
vt 0.653977 0.712138
vt 0.681486 0.672330
vt 0.681687 0.678788
vt 0.625824 0.672229
vt 0.646545 0.711351
vt 0.681863 0.685247
vt 0.639501 0.708613
vt 0.680757 0.691871
vt 0.633760 0.703935
vt 0.677923 0.698123
vt 0.629535 0.698299
vt 0.673751 0.703764
vt 0.681863 0.646315
vt 0.680401 0.652820
vt 0.679462 0.646694
vt 0.646494 0.620381
vt 0.642550 0.628614
vt 0.639853 0.623296
vt 0.677439 0.640999
vt 0.680838 0.639655
vt 0.633956 0.627409
vt 0.637562 0.631659
vt 0.674240 0.635933
vt 0.677965 0.633340
vt 0.633251 0.635723
vt 0.629565 0.633053
vt 0.673751 0.627604
vt 0.670059 0.631793
vt 0.626566 0.639412
vt 0.629990 0.640803
vt 0.665099 0.628618
vt 0.667869 0.623304
vt 0.627906 0.646537
vt 0.625480 0.646139
vt 0.661119 0.620314
vt 0.659567 0.626746
vt 0.626931 0.652734
vt 0.625663 0.652651
vt 0.653786 0.626105
vt 0.653772 0.619614
vt 0.681653 0.652743
vt 0.681419 0.659171
vt 0.625871 0.659162
vt 0.648029 0.626761
vt 0.667465 0.635422
vt 0.663091 0.633219
vt 0.632697 0.642437
vt 0.630054 0.647287
vt 0.658493 0.631874
vt 0.628127 0.653012
vt 0.653779 0.631368
vt 0.681189 0.658986
vt 0.679219 0.653091
vt 0.626110 0.658973
vt 0.649061 0.631868
vt 0.677333 0.647426
vt 0.644461 0.633132
vt 0.674748 0.642587
vt 0.640082 0.635330
vt 0.671384 0.638564
vt 0.636138 0.638443
vt 0.645843 0.637011
vt 0.675492 0.648407
vt 0.672506 0.644336
vt 0.642024 0.638681
vt 0.669161 0.641125
vt 0.638316 0.641013
vt 0.665507 0.638747
vt 0.634939 0.644214
vt 0.661689 0.637062
vt 0.631885 0.648282
vt 0.657735 0.636144
vt 0.629243 0.653454
vt 0.653772 0.635794
vt 0.681080 0.658980
vt 0.678110 0.653564
vt 0.626431 0.658925
vt 0.649790 0.636055
vt 0.636736 0.646024
vt 0.633475 0.649431
vt 0.660634 0.640457
vt 0.657197 0.639733
vt 0.630266 0.654030
vt 0.653758 0.639472
vt 0.680524 0.659056
vt 0.677090 0.654137
vt 0.626814 0.658963
vt 0.650320 0.639702
vt 0.673897 0.649536
vt 0.646867 0.640385
vt 0.670716 0.646118
vt 0.643461 0.641657
vt 0.667451 0.643548
vt 0.640034 0.643472
vt 0.664019 0.641745
vt 0.672554 0.650785
vt 0.669254 0.647928
vt 0.644555 0.644354
vt 0.666045 0.645879
vt 0.641416 0.645809
vt 0.662926 0.644413
vt 0.638205 0.647857
vt 0.659816 0.643478
vt 0.634802 0.650697
vt 0.656782 0.642902
vt 0.631167 0.654766
vt 0.653751 0.642698
vt 0.680383 0.659094
vt 0.676190 0.654871
vt 0.626963 0.658996
vt 0.650725 0.642893
vt 0.647655 0.643401
vt 0.656467 0.645719
vt 0.631964 0.655594
vt 0.653745 0.645547
vt 0.679696 0.659496
vt 0.675359 0.655640
vt 0.627345 0.659247
vt 0.651023 0.645712
vt 0.671433 0.652094
vt 0.648274 0.646138
vt 0.668071 0.649714
vt 0.645435 0.646865
vt 0.664960 0.648062
vt 0.642476 0.647993
vt 0.662022 0.646925
vt 0.639380 0.649653
vt 0.659204 0.646172
vt 0.635952 0.652015
vt 0.648730 0.648592
vt 0.646122 0.649181
vt 0.664093 0.650122
vt 0.643344 0.650076
vt 0.661349 0.649205
vt 0.640345 0.651417
vt 0.658731 0.648610
vt 0.636923 0.653370
vt 0.656209 0.648276
vt 0.632662 0.656495
vt 0.653735 0.648163
vt 0.679554 0.659596
vt 0.674671 0.656529
vt 0.627716 0.659600
vt 0.651254 0.648253
vt 0.670443 0.653430
vt 0.667095 0.651453
vt 0.678908 0.660295
vt 0.628388 0.660324
vt 0.637625 0.762373
vt 0.633802 0.766020
vt 0.633296 0.765043
vt 0.655776 0.758061
vt 0.653511 0.760200
vt 0.653488 0.758006
vt 0.673835 0.764822
vt 0.678611 0.767868
vt 0.673334 0.765807
vt 0.628568 0.768112
vt 0.651377 0.760275
vt 0.651206 0.758097
vt 0.669446 0.762173
vt 0.668797 0.763558
vt 0.648881 0.758377
vt 0.649201 0.760501
vt 0.666085 0.760551
vt 0.665455 0.762226
vt 0.646903 0.760886
vt 0.646446 0.758864
vt 0.663185 0.759477
vt 0.662615 0.761368
vt 0.644418 0.761484
vt 0.643860 0.759620
vt 0.660557 0.758767
vt 0.660142 0.760793
vt 0.641616 0.762381
vt 0.640973 0.760732
vt 0.658115 0.758311
vt 0.657833 0.760438
vt 0.638321 0.763732
vt 0.655635 0.760260
vt 0.659802 0.762727
vt 0.657602 0.762453
vt 0.638895 0.765096
vt 0.655535 0.762295
vt 0.634300 0.766988
vt 0.653516 0.762260
vt 0.678056 0.768806
vt 0.672842 0.766781
vt 0.629110 0.769041
vt 0.651507 0.762329
vt 0.668232 0.764929
vt 0.649438 0.762495
vt 0.664939 0.763850
vt 0.647264 0.762806
vt 0.662205 0.763171
vt 0.644867 0.763274
vt 0.642166 0.763994
vt 0.649640 0.764404
vt 0.667807 0.766309
vt 0.664513 0.765449
vt 0.647536 0.764640
vt 0.661858 0.764919
vt 0.645242 0.765014
vt 0.659542 0.764576
vt 0.642584 0.765581
vt 0.657440 0.764361
vt 0.639331 0.766469
vt 0.655459 0.764246
vt 0.634636 0.768019
vt 0.653539 0.764214
vt 0.677949 0.768980
vt 0.672512 0.767815
vt 0.629207 0.769217
vt 0.651615 0.764267
vt 0.639715 0.767827
vt 0.657318 0.766195
vt 0.655403 0.766108
vt 0.634984 0.769039
vt 0.653552 0.766094
vt 0.677545 0.770073
vt 0.672169 0.768835
vt 0.629611 0.770309
vt 0.651697 0.766129
vt 0.667441 0.767675
vt 0.649782 0.766232
vt 0.664195 0.767014
vt 0.647761 0.766420
vt 0.661595 0.766615
vt 0.645518 0.766701
vt 0.659339 0.766360
vt 0.642926 0.767134
vt 0.649901 0.768012
vt 0.647914 0.768144
vt 0.661407 0.768268
vt 0.645722 0.768347
vt 0.659202 0.768090
vt 0.643204 0.768670
vt 0.657219 0.767978
vt 0.639967 0.769184
vt 0.655360 0.767913
vt 0.635259 0.770063
vt 0.653556 0.767904
vt 0.677470 0.770270
vt 0.671991 0.769891
vt 0.629895 0.770952
vt 0.651762 0.767939
vt 0.667198 0.769044
vt 0.663936 0.768562
vt 0.635371 0.771118
vt 0.653566 0.769673
vt 0.677408 0.770977
vt 0.671884 0.770964
vt 0.629932 0.771162
vt 0.651799 0.769697
vt 0.666985 0.770407
vt 0.649977 0.769750
vt 0.663798 0.770089
vt 0.648033 0.769838
vt 0.661269 0.769896
vt 0.645877 0.769969
vt 0.659110 0.769785
vt 0.643359 0.770187
vt 0.657151 0.769719
vt 0.640194 0.770533
vt 0.655333 0.769679
vt 0.663712 0.771601
vt 0.661187 0.771509
vt 0.648107 0.771509
vt 0.645974 0.771576
vt 0.659048 0.771462
vt 0.643459 0.771690
vt 0.657124 0.771431
vt 0.640291 0.771886
vt 0.655324 0.771415
vt 0.635511 0.772170
vt 0.653573 0.771419
vt 0.677257 0.772206
vt 0.671745 0.772031
vt 0.630078 0.772360
vt 0.651823 0.771430
vt 0.666902 0.771771
vt 0.650023 0.771462
vt 0.655316 0.773140
vt 0.653580 0.773146
vt 0.677253 0.772425
vt 0.671773 0.773108
vt 0.630071 0.772576
vt 0.635487 0.773234
vt 0.651845 0.773153
vt 0.666874 0.773130
vt 0.650051 0.773160
vt 0.663697 0.773107
vt 0.648121 0.773169
vt 0.661151 0.773117
vt 0.646023 0.773177
vt 0.659047 0.773126
vt 0.643488 0.773188
vt 0.657112 0.773133
vt 0.640329 0.773233
vt 0.645986 0.774779
vt 0.661200 0.774724
vt 0.659063 0.774790
vt 0.643478 0.774689
vt 0.657132 0.774833
vt 0.640291 0.774579
vt 0.655336 0.774865
vt 0.635499 0.774299
vt 0.653587 0.774873
vt 0.677265 0.773699
vt 0.671763 0.774185
vt 0.630058 0.773829
vt 0.651838 0.774877
vt 0.666922 0.774486
vt 0.650043 0.774859
vt 0.663718 0.774614
vt 0.648117 0.774829
vt 0.677235 0.774443
vt 0.671817 0.775253
vt 0.630082 0.774563
vt 0.635447 0.775356
vt 0.653592 0.776617
vt 0.651826 0.776614
vt 0.667039 0.775838
vt 0.650005 0.776571
vt 0.663804 0.776131
vt 0.648066 0.776499
vt 0.661298 0.776335
vt 0.645899 0.776385
vt 0.659125 0.776463
vt 0.643405 0.776200
vt 0.657182 0.776548
vt 0.640181 0.775922
vt 0.655360 0.776602
vt 0.661440 0.777961
vt 0.659224 0.778158
vt 0.643233 0.777723
vt 0.657264 0.778290
vt 0.639989 0.777262
vt 0.655399 0.778363
vt 0.635330 0.776401
vt 0.653598 0.778394
vt 0.677257 0.775172
vt 0.671936 0.776307
vt 0.630057 0.775282
vt 0.651796 0.778373
vt 0.667236 0.777186
vt 0.649934 0.778310
vt 0.663989 0.777660
vt 0.647977 0.778190
vt 0.645766 0.778006
vt 0.651756 0.780173
vt 0.672218 0.777336
vt 0.667512 0.778535
vt 0.649840 0.780089
vt 0.664237 0.779202
vt 0.647813 0.779923
vt 0.661626 0.779617
vt 0.645588 0.779656
vt 0.659397 0.779895
vt 0.642982 0.779260
vt 0.657368 0.780072
vt 0.639760 0.778611
vt 0.655449 0.780164
vt 0.635052 0.777421
vt 0.653602 0.780207
vt 0.677324 0.775382
vt 0.629988 0.775490
vt 0.642665 0.780816
vt 0.659604 0.781674
vt 0.657504 0.781904
vt 0.639396 0.779963
vt 0.655526 0.782028
vt 0.634702 0.778440
vt 0.653606 0.782081
vt 0.677615 0.776058
vt 0.672569 0.778359
vt 0.629678 0.776144
vt 0.651687 0.782037
vt 0.667838 0.779897
vt 0.649713 0.781919
vt 0.664584 0.780768
vt 0.647615 0.781697
vt 0.661903 0.781314
vt 0.645315 0.781348
vt 0.651595 0.783986
vt 0.649544 0.783816
vt 0.664990 0.782360
vt 0.647354 0.783535
vt 0.662273 0.783062
vt 0.644966 0.783086
vt 0.659874 0.783517
vt 0.642236 0.782404
vt 0.657681 0.783807
vt 0.638974 0.781332
vt 0.655622 0.783972
vt 0.634370 0.779475
vt 0.653610 0.784038
vt 0.678051 0.777186
vt 0.672901 0.779401
vt 0.629256 0.777265
vt 0.668267 0.781271
vt 0.638407 0.782690
vt 0.657926 0.785810
vt 0.655749 0.786024
vt 0.633960 0.780478
vt 0.653616 0.786094
vt 0.678251 0.777812
vt 0.673311 0.780410
vt 0.629049 0.777887
vt 0.651484 0.786037
vt 0.668843 0.782635
vt 0.649301 0.785827
vt 0.665487 0.783980
vt 0.647011 0.785456
vt 0.662708 0.784859
vt 0.644532 0.784883
vt 0.660222 0.785438
vt 0.641750 0.784018
vt 0.666168 0.785644
vt 0.646582 0.787473
vt 0.663265 0.786730
vt 0.643979 0.786750
vt 0.660656 0.787460
vt 0.641078 0.785677
vt 0.658215 0.787927
vt 0.637770 0.784058
vt 0.655889 0.788189
vt 0.633393 0.781408
vt 0.653614 0.788295
vt 0.678361 0.777980
vt 0.673879 0.781344
vt 0.628932 0.778051
vt 0.651338 0.788198
vt 0.669489 0.784007
vt 0.649020 0.787928
vt 0.656093 0.790544
vt 0.636947 0.785405
vt 0.632805 0.782345
vt 0.653619 0.790659
vt 0.678968 0.778807
vt 0.674469 0.782284
vt 0.628320 0.778877
vt 0.651149 0.790545
vt 0.670320 0.785356
vt 0.648640 0.790203
vt 0.666942 0.787338
vt 0.646030 0.789621
vt 0.663952 0.788686
vt 0.643297 0.788703
vt 0.661211 0.789609
vt 0.640310 0.787366
vt 0.658596 0.790190
vt 0.645355 0.791901
vt 0.664844 0.790757
vt 0.642414 0.790766
vt 0.661889 0.791894
vt 0.639352 0.789099
vt 0.659078 0.792650
vt 0.635982 0.786730
vt 0.656335 0.793091
vt 0.632069 0.783178
vt 0.653623 0.793226
vt 0.679096 0.778937
vt 0.675207 0.783118
vt 0.628186 0.779003
vt 0.650903 0.793109
vt 0.671260 0.786699
vt 0.648161 0.792658
vt 0.667925 0.789086
vt 0.631238 0.783947
vt 0.653613 0.796081
vt 0.679561 0.779244
vt 0.676042 0.783890
vt 0.627731 0.779325
vt 0.650586 0.795923
vt 0.672420 0.787989
vt 0.647540 0.795354
vt 0.669104 0.790854
vt 0.644464 0.794387
vt 0.665924 0.792927
vt 0.641340 0.792932
vt 0.662781 0.794387
vt 0.638154 0.790876
vt 0.659702 0.795363
vt 0.634868 0.788031
vt 0.656651 0.795939
vt 0.667297 0.795229
vt 0.643317 0.797106
vt 0.639981 0.795216
vt 0.663925 0.797101
vt 0.636688 0.792677
vt 0.660518 0.798392
vt 0.633532 0.789271
vt 0.657059 0.799113
vt 0.630341 0.784682
vt 0.653611 0.799323
vt 0.680237 0.779662
vt 0.676943 0.784624
vt 0.627038 0.779739
vt 0.650168 0.799099
vt 0.673762 0.789232
vt 0.646729 0.798363
vt 0.670581 0.792659
vt 0.653606 0.803033
vt 0.680371 0.779711
vt 0.677962 0.785197
vt 0.626703 0.779897
vt 0.629343 0.785297
vt 0.649621 0.802719
vt 0.675359 0.790355
vt 0.645650 0.801789
vt 0.672408 0.794445
vt 0.641855 0.800051
vt 0.669044 0.797657
vt 0.638222 0.797638
vt 0.665388 0.800068
vt 0.634914 0.794448
vt 0.661563 0.801782
vt 0.631938 0.790394
vt 0.657594 0.802723
vt 0.635950 0.800206
vt 0.671303 0.800207
vt 0.667400 0.803444
vt 0.632684 0.796175
vt 0.662955 0.805621
vt 0.630117 0.791365
vt 0.658353 0.807040
vt 0.628248 0.785767
vt 0.653599 0.807444
vt 0.680923 0.779791
vt 0.679067 0.785669
vt 0.626401 0.779948
vt 0.648851 0.807024
vt 0.677198 0.791324
vt 0.644248 0.805602
vt 0.674647 0.796182
vt 0.639891 0.803349
vt 0.626295 0.779946
vt 0.627081 0.786035
vt 0.653585 0.812747
vt 0.647796 0.812088
vt 0.680245 0.785937
vt 0.679320 0.792041
vt 0.642288 0.810122
vt 0.677362 0.797730
vt 0.637258 0.807034
vt 0.674293 0.802878
vt 0.633063 0.802825
vt 0.669988 0.807088
vt 0.629957 0.797741
vt 0.664960 0.810289
vt 0.628009 0.792087
vt 0.659378 0.812149
vt 0.681027 0.779795
vt 0.629236 0.805414
vt 0.626631 0.798989
vt 0.667692 0.815818
vt 0.625645 0.792456
vt 0.660840 0.818351
vt 0.625845 0.786113
vt 0.653562 0.819485
vt 0.681259 0.779623
vt 0.681491 0.786014
vt 0.626069 0.779770
vt 0.646285 0.818319
vt 0.681698 0.792406
vt 0.639374 0.815746
vt 0.680730 0.798964
vt 0.633553 0.811166
vt 0.678204 0.805484
vt 0.673812 0.811451
vt 0.681698 0.753652
vt 0.680261 0.760222
vt 0.679294 0.754040
vt 0.645716 0.727680
vt 0.641869 0.736143
vt 0.638992 0.730795
vt 0.680648 0.747028
vt 0.677282 0.748317
vt 0.636882 0.739358
vt 0.633072 0.735168
vt 0.677968 0.740542
vt 0.674065 0.743211
vt 0.632780 0.743654
vt 0.628876 0.741106
vt 0.673572 0.734626
vt 0.669819 0.738960
vt 0.629709 0.748749
vt 0.626373 0.747537
vt 0.664710 0.735838
vt 0.667463 0.730366
vt 0.627800 0.754416
vt 0.625433 0.754063
vt 0.660593 0.727430
vt 0.659098 0.733978
vt 0.626909 0.760496
vt 0.625669 0.760426
vt 0.653228 0.733395
vt 0.653126 0.726800
vt 0.681524 0.760138
vt 0.681325 0.766622
vt 0.625929 0.766787
vt 0.647395 0.734152
vt 0.662760 0.740463
vt 0.632444 0.750284
vt 0.629916 0.755121
vt 0.658088 0.739164
vt 0.628083 0.760758
vt 0.653299 0.738714
vt 0.681081 0.766448
vt 0.679068 0.760500
vt 0.626160 0.766615
vt 0.648538 0.739312
vt 0.677153 0.754778
vt 0.643919 0.740687
vt 0.674541 0.749917
vt 0.639581 0.743025
vt 0.671185 0.745853
vt 0.635677 0.746207
vt 0.667172 0.742726
vt 0.645399 0.744565
vt 0.675321 0.755761
vt 0.672312 0.751672
vt 0.641589 0.746313
vt 0.668922 0.748464
vt 0.637964 0.748750
vt 0.665202 0.746099
vt 0.634688 0.751988
vt 0.661352 0.744412
vt 0.631748 0.756075
vt 0.657373 0.743492
vt 0.629186 0.761223
vt 0.653361 0.743157
vt 0.680763 0.766408
vt 0.677953 0.760942
vt 0.626264 0.766618
vt 0.649351 0.743539
vt 0.636484 0.753746
vt 0.633337 0.757183
vt 0.660332 0.747803
vt 0.656854 0.747118
vt 0.630204 0.761786
vt 0.653398 0.746958
vt 0.680385 0.766456
vt 0.676929 0.761519
vt 0.626820 0.766696
vt 0.649947 0.747180
vt 0.673724 0.756901
vt 0.646498 0.747940
vt 0.670494 0.753479
vt 0.643122 0.749290
vt 0.667192 0.750916
vt 0.639726 0.751155
vt 0.663755 0.749085
vt 0.672387 0.758159
vt 0.669017 0.755306
vt 0.644248 0.751942
vt 0.665800 0.753252
vt 0.641147 0.753451
vt 0.662655 0.751789
vt 0.637984 0.755542
vt 0.659544 0.750836
vt 0.634677 0.758414
vt 0.656462 0.750338
vt 0.631105 0.762511
vt 0.653428 0.750169
vt 0.680244 0.766501
vt 0.676024 0.762257
vt 0.626954 0.766746
vt 0.650401 0.750395
vt 0.647345 0.750956
vt 0.656177 0.753163
vt 0.635827 0.759698
vt 0.631941 0.763272
vt 0.653452 0.753014
vt 0.679547 0.766918
vt 0.675187 0.763030
vt 0.627642 0.767157
vt 0.650731 0.753206
vt 0.671242 0.759464
vt 0.647983 0.753660
vt 0.667843 0.757093
vt 0.645181 0.754448
vt 0.664734 0.755434
vt 0.642242 0.755608
vt 0.661771 0.754305
vt 0.639185 0.757305
vt 0.658930 0.753582
vt 0.648480 0.756112
vt 0.645894 0.756738
vt 0.666888 0.758844
vt 0.663858 0.757519
vt 0.643138 0.757666
vt 0.661082 0.756624
vt 0.640172 0.759039
vt 0.658479 0.756037
vt 0.636809 0.761025
vt 0.655957 0.755703
vt 0.632636 0.764156
vt 0.653471 0.755621
vt 0.679400 0.767016
vt 0.674493 0.763924
vt 0.627780 0.767260
vt 0.650991 0.755740
vt 0.670263 0.760809
vt 0.678746 0.767730
vt 0.628440 0.767968
vt 0.792941 0.572845
vt 0.776186 0.587735
vt 0.757569 0.598290
vt 0.737805 0.604103
vt 0.717655 0.604951
vt 0.697891 0.600802
vt 0.679274 0.591815
vt 0.662519 0.578335
vt 0.648270 0.560880
vt 0.637075 0.540122
vt 0.629364 0.516857
vt 0.625433 0.491980
vt 0.625433 0.466448
vt 0.629364 0.441240
vt 0.637075 0.417326
vt 0.662519 0.376971
vt 0.679274 0.362080
vt 0.697891 0.351526
vt 0.717654 0.345713
vt 0.737805 0.344864
vt 0.757569 0.349014
vt 0.776186 0.358001
vt 0.807189 0.388936
vt 0.818384 0.409694
vt 0.826096 0.432959
vt 0.830027 0.457835
vt 0.830027 0.483368
vt 0.826096 0.508576
vt 0.818385 0.532489
s 0
usemtl マテリアル
f 5/1/1 478/3/1 16/2/1
f 1/4/2 9/6/2 8/5/2
f 478/3/3 6/8/3 17/7/3
f 476/9/4 10/10/4 9/6/4
f 6/8/5 479/12/5 18/11/5
f 2/13/6 11/14/6 10/10/6
f 479/12/7 480/16/7 19/15/7
f 477/17/8 12/18/8 11/14/8
f 480/16/9 481/20/9 20/19/9
f 3/21/10 13/22/10 12/18/10
f 481/20/11 482/24/11 21/23/11
f 3/21/12 4/26/12 14/25/12
f 474/27/13 7/29/13 82/28/13
f 308/30/14 21/23/14 482/24/14
f 4/26/15 5/1/15 15/31/15
f 475/32/16 8/5/16 7/29/16
f 14/25/17 15/31/17 30/33/17
f 7/29/18 8/5/18 23/34/18
f 15/31/19 16/2/19 31/35/19
f 8/5/20 9/6/20 24/36/20
f 16/2/21 17/7/21 32/37/21
f 9/6/22 10/10/22 25/38/22
f 17/7/23 18/11/23 33/39/23
f 10/10/24 11/14/24 26/40/24
f 19/15/25 34/41/25 33/39/25
f 11/14/26 12/18/26 27/42/26
f 20/19/27 35/43/27 34/41/27
f 13/22/28 28/44/28 27/42/28
f 20/19/29 21/23/29 36/45/29
f 13/22/30 14/25/30 29/46/30
f 7/29/31 22/48/31 82/47/31
f 308/49/32 36/45/32 21/23/32
f 34/41/33 49/51/33 48/50/33
f 26/40/34 27/42/34 42/52/34
f 34/41/35 35/43/35 50/53/35
f 27/42/36 28/44/36 43/54/36
f 35/43/37 36/45/37 51/55/37
f 28/44/38 29/46/38 44/56/38
f 22/48/39 37/58/39 82/57/39
f 308/59/40 51/55/40 36/45/40
f 30/33/41 45/60/41 44/56/41
f 22/48/42 23/34/42 38/61/42
f 30/33/43 31/35/43 46/62/43
f 23/34/44 24/36/44 39/63/44
f 32/37/45 47/64/45 46/62/45
f 24/36/46 25/38/46 40/65/46
f 33/39/47 48/50/47 47/64/47
f 25/38/48 26/40/48 41/66/48
f 37/58/49 38/61/49 53/67/49
f 45/60/50 46/62/50 61/68/50
f 38/61/51 39/63/51 54/69/51
f 47/64/52 62/70/52 61/68/52
f 39/63/53 40/65/53 55/71/53
f 47/64/54 48/50/54 63/72/54
f 40/65/55 41/66/55 56/73/55
f 48/50/56 49/51/56 64/74/56
f 41/66/57 42/52/57 57/75/57
f 49/51/58 50/53/58 65/76/58
f 43/54/59 58/77/59 57/75/59
f 50/53/60 51/55/60 66/78/60
f 44/56/61 59/79/61 58/77/61
f 37/58/62 52/81/62 82/80/62
f 308/82/63 66/78/63 51/55/63
f 44/56/64 45/60/64 60/83/64
f 56/73/65 57/75/65 72/84/65
f 65/76/66 80/86/66 79/85/66
f 58/77/67 73/87/67 72/84/67
f 65/76/68 66/78/68 81/88/68
f 59/79/69 74/89/69 73/87/69
f 52/81/70 67/91/70 82/90/70
f 308/92/71 81/88/71 66/78/71
f 59/79/72 60/83/72 75/93/72
f 52/81/73 53/67/73 68/94/73
f 60/83/74 61/68/74 76/95/74
f 53/67/75 54/69/75 69/96/75
f 62/70/76 77/97/76 76/95/76
f 54/69/77 55/71/77 70/98/77
f 62/70/78 63/72/78 78/99/78
f 56/73/79 71/100/79 70/98/79
f 63/72/80 64/74/80 79/85/80
f 75/93/81 76/95/81 92/101/81
f 68/94/82 69/96/82 85/102/82
f 77/97/83 93/103/83 92/101/83
f 69/96/84 70/98/84 86/104/84
f 77/97/85 78/99/85 94/105/85
f 71/100/86 87/106/86 86/104/86
f 78/99/87 79/85/87 95/107/87
f 71/100/88 72/84/88 88/108/88
f 79/85/89 80/86/89 96/109/89
f 73/87/90 89/110/90 88/108/90
f 81/88/91 97/111/91 96/109/91
f 74/89/92 90/112/92 89/110/92
f 67/91/93 83/114/93 82/113/93
f 308/115/94 97/111/94 81/88/94
f 74/89/95 75/93/95 91/116/95
f 67/91/96 68/94/96 84/117/96
f 96/109/97 111/119/97 110/118/97
f 89/110/98 104/121/98 103/120/98
f 96/109/99 97/111/99 112/122/99
f 90/112/100 105/123/100 104/121/100
f 83/114/101 98/125/101 82/124/101
f 308/126/102 112/122/102 97/111/102
f 90/112/103 91/116/103 106/127/103
f 84/117/104 99/128/104 98/125/104
f 91/116/105 92/101/105 107/129/105
f 84/117/106 85/102/106 100/130/106
f 93/103/107 108/131/107 107/129/107
f 85/102/108 86/104/108 101/132/108
f 93/103/109 94/105/109 109/133/109
f 87/106/110 102/134/110 101/132/110
f 95/107/111 110/118/111 109/133/111
f 87/106/112 88/108/112 103/120/112
f 108/131/113 123/136/113 122/135/113
f 100/130/114 101/132/114 116/137/114
f 108/131/115 109/133/115 124/138/115
f 102/134/116 117/139/116 116/137/116
f 110/118/117 125/140/117 124/138/117
f 102/134/118 103/120/118 118/141/118
f 110/118/119 111/119/119 126/142/119
f 104/121/120 119/143/120 118/141/120
f 111/119/121 112/122/121 127/144/121
f 105/123/122 120/145/122 119/143/122
f 98/125/123 113/147/123 82/146/123
f 308/148/124 127/144/124 112/122/124
f 105/123/125 106/127/125 121/149/125
f 99/128/126 114/150/126 113/147/126
f 106/127/127 107/129/127 122/135/127
f 99/128/128 100/130/128 115/151/128
f 126/142/129 127/144/129 142/152/129
f 120/145/130 135/154/130 134/153/130
f 113/147/131 128/156/131 82/155/131
f 308/157/132 142/152/132 127/144/132
f 120/145/133 121/149/133 136/158/133
f 113/147/134 114/150/134 129/159/134
f 121/149/135 122/135/135 137/160/135
f 114/150/136 115/151/136 130/161/136
f 123/136/137 138/162/137 137/160/137
f 115/151/138 116/137/138 131/163/138
f 123/136/139 124/138/139 139/164/139
f 117/139/140 132/165/140 131/163/140
f 125/140/141 140/166/141 139/164/141
f 117/139/142 118/141/142 133/167/142
f 125/140/143 126/142/143 141/168/143
f 119/143/144 134/153/144 133/167/144
f 130/161/145 131/163/145 146/169/145
f 138/162/146 139/164/146 154/170/146
f 132/165/147 147/171/147 146/169/147
f 140/166/148 155/172/148 154/170/148
f 132/165/149 133/167/149 148/173/149
f 140/166/150 141/168/150 156/174/150
f 134/153/151 149/175/151 148/173/151
f 142/152/152 157/176/152 156/174/152
f 135/154/153 150/177/153 149/175/153
f 128/156/154 143/179/154 82/178/154
f 308/180/155 157/176/155 142/152/155
f 135/154/156 136/158/156 151/181/156
f 128/156/157 129/159/157 144/182/157
f 136/158/158 137/160/158 152/183/158
f 130/161/159 145/184/159 144/182/159
f 138/162/160 153/185/160 152/183/160
f 150/177/161 165/187/161 164/186/161
f 143/179/162 158/189/162 82/188/162
f 308/190/163 172/191/163 157/176/163
f 150/177/164 151/181/164 166/192/164
f 143/179/165 144/182/165 159/193/165
f 151/181/166 152/183/166 167/194/166
f 145/184/167 160/195/167 159/193/167
f 153/185/168 168/196/168 167/194/168
f 145/184/169 146/169/169 161/197/169
f 153/185/170 154/170/170 169/198/170
f 147/171/171 162/199/171 161/197/171
f 155/172/172 170/200/172 169/198/172
f 147/171/173 148/173/173 163/201/173
f 155/172/174 156/174/174 171/202/174
f 149/175/175 164/186/175 163/201/175
f 156/174/176 157/176/176 172/191/176
f 168/196/177 169/198/177 184/203/177
f 162/199/178 177/205/178 176/204/178
f 169/198/179 170/200/179 185/206/179
f 162/199/180 163/201/180 178/207/180
f 171/202/181 186/208/181 185/206/181
f 164/186/182 179/209/182 178/207/182
f 172/191/183 187/210/183 186/208/183
f 165/187/184 180/211/184 179/209/184
f 158/189/185 173/213/185 82/212/185
f 308/214/186 187/210/186 172/191/186
f 165/187/187 166/192/187 181/215/187
f 158/189/188 159/193/188 174/216/188
f 166/192/189 167/194/189 182/217/189
f 159/193/190 160/195/190 175/218/190
f 168/196/191 183/219/191 182/217/191
f 160/195/192 161/197/192 176/204/192
f 173/213/193 188/221/193 82/220/193
f 308/222/194 202/223/194 187/210/194
f 180/211/195 181/215/195 196/224/195
f 174/216/196 189/225/196 188/221/196
f 181/215/197 182/217/197 197/226/197
f 175/218/198 190/227/198 189/225/198
f 183/219/199 198/228/199 197/226/199
f 175/218/200 176/204/200 191/229/200
f 183/219/201 184/203/201 199/230/201
f 177/205/202 192/231/202 191/229/202
f 185/206/203 200/232/203 199/230/203
f 177/205/204 178/207/204 193/233/204
f 185/206/205 186/208/205 201/234/205
f 179/209/206 194/235/206 193/233/206
f 186/208/207 187/210/207 202/223/207
f 180/211/208 195/236/208 194/235/208
f 192/231/209 207/238/209 206/237/209
f 200/232/210 215/240/210 214/239/210
f 192/231/211 193/233/211 208/241/211
f 200/232/212 201/234/212 216/242/212
f 194/235/213 209/243/213 208/241/213
f 201/234/214 202/223/214 217/244/214
f 195/236/215 210/245/215 209/243/215
f 188/221/216 203/247/216 82/246/216
f 308/248/217 217/244/217 202/223/217
f 195/236/218 196/224/218 211/249/218
f 188/221/219 189/225/219 204/250/219
f 196/224/220 197/226/220 212/251/220
f 189/225/221 190/227/221 205/252/221
f 198/228/222 213/253/222 212/251/222
f 190/227/223 191/229/223 206/237/223
f 198/228/224 199/230/224 214/239/224
f 210/245/225 211/249/225 226/254/225
f 203/247/226 204/250/226 219/255/226
f 211/249/227 212/251/227 227/256/227
f 204/250/228 205/252/228 220/257/228
f 213/253/229 228/258/229 227/256/229
f 205/252/230 206/237/230 221/259/230
f 213/253/231 214/239/231 229/260/231
f 207/238/232 222/261/232 221/259/232
f 215/240/233 230/262/233 229/260/233
f 207/238/234 208/241/234 223/263/234
f 215/240/235 216/242/235 231/264/235
f 209/243/236 224/265/236 223/263/236
f 216/242/237 217/244/237 232/266/237
f 210/245/238 225/267/238 224/265/238
f 203/247/239 218/269/239 82/268/239
f 308/270/240 232/266/240 217/244/240
f 230/262/241 245/272/241 244/271/241
f 222/261/242 223/263/242 238/273/242
f 230/262/243 231/264/243 246/274/243
f 224/265/244 239/275/244 238/273/244
f 232/266/245 247/276/245 246/274/245
f 225/267/246 240/277/246 239/275/246
f 218/269/247 233/279/247 82/278/247
f 308/280/248 247/276/248 232/266/248
f 225/267/249 226/254/249 241/281/249
f 218/269/250 219/255/250 234/282/250
f 226/254/251 227/256/251 242/283/251
f 220/257/252 235/284/252 234/282/252
f 228/258/253 243/285/253 242/283/253
f 220/257/254 221/259/254 236/286/254
f 228/258/255 229/260/255 244/271/255
f 222/261/256 237/287/256 236/286/256
f 241/281/257 242/283/257 257/288/257
f 234/282/258 235/284/258 250/289/258
f 243/285/259 258/290/259 257/288/259
f 235/284/260 236/286/260 251/291/260
f 243/285/261 244/271/261 259/292/261
f 237/287/262 252/293/262 251/291/262
f 245/272/263 260/294/263 259/292/263
f 237/287/264 238/273/264 253/295/264
f 245/272/265 246/274/265 261/296/265
f 239/275/266 254/297/266 253/295/266
f 246/274/267 247/276/267 262/298/267
f 240/277/268 255/299/268 254/297/268
f 233/279/269 248/301/269 82/300/269
f 308/302/270 262/298/270 247/276/270
f 240/277/271 241/281/271 256/303/271
f 233/279/272 234/282/272 249/304/272
f 260/294/273 261/296/273 276/305/273
f 254/297/274 269/307/274 268/306/274
f 261/296/275 262/298/275 277/308/275
f 255/299/276 270/309/276 269/307/276
f 248/301/277 263/311/277 82/310/277
f 308/312/278 277/308/278 262/298/278
f 255/299/279 256/303/279 271/313/279
f 249/304/280 264/314/280 263/311/280
f 256/303/281 257/288/281 272/315/281
f 249/304/282 250/289/282 265/316/282
f 258/290/283 273/317/283 272/315/283
f 250/289/284 251/291/284 266/318/284
f 258/290/285 259/292/285 274/319/285
f 252/293/286 267/320/286 266/318/286
f 260/294/287 275/321/287 274/319/287
f 252/293/288 253/295/288 268/306/288
f 264/314/289 265/316/289 280/322/289
f 273/317/290 288/324/290 287/323/290
f 265/316/291 266/318/291 281/325/291
f 273/317/292 274/319/292 289/326/292
f 267/320/293 282/327/293 281/325/293
f 275/321/294 290/328/294 289/326/294
f 267/320/295 268/306/295 283/329/295
f 275/321/296 276/305/296 291/330/296
f 269/307/297 284/331/297 283/329/297
f 277/308/298 292/332/298 291/330/298
f 270/309/299 285/333/299 284/331/299
f 263/311/300 278/335/300 82/334/300
f 308/336/301 292/332/301 277/308/301
f 270/309/302 271/313/302 286/337/302
f 264/314/303 279/338/303 278/335/303
f 271/313/304 272/315/304 287/323/304
f 284/331/305 299/340/305 298/339/305
f 292/332/306 307/342/306 306/341/306
f 285/333/307 300/343/307 299/340/307
f 278/335/308 293/345/308 82/344/308
f 308/346/309 307/342/309 292/332/309
f 285/333/310 286/337/310 301/347/310
f 278/335/311 279/338/311 294/348/311
f 286/337/312 287/323/312 302/349/312
f 279/338/313 280/322/313 295/350/313
f 288/324/314 303/351/314 302/349/314
f 280/322/315 281/325/315 296/352/315
f 288/324/316 289/326/316 304/353/316
f 282/327/317 297/354/317 296/352/317
f 290/328/318 305/355/318 304/353/318
f 282/327/319 283/329/319 298/339/319
f 290/328/320 291/330/320 306/341/320
f 303/351/321 319/357/321 318/356/321
f 295/350/322 296/352/322 312/358/322
f 303/351/323 304/353/323 320/359/323
f 297/354/324 313/360/324 312/358/324
f 305/355/325 321/361/325 320/359/325
f 297/354/326 298/339/326 314/362/326
f 305/355/327 306/341/327 322/363/327
f 299/340/328 315/364/328 314/362/328
f 306/341/329 307/342/329 323/365/329
f 300/343/330 316/366/330 315/364/330
f 293/345/331 309/368/331 82/367/331
f 308/369/332 323/365/332 307/342/332
f 300/343/333 301/347/333 317/370/333
f 293/345/334 294/348/334 310/371/334
f 301/347/335 302/349/335 318/356/335
f 294/348/336 295/350/336 311/372/336
f 322/363/337 323/365/337 338/373/337
f 316/366/338 331/375/338 330/374/338
f 309/368/339 324/377/339 82/376/339
f 308/378/340 338/373/340 323/365/340
f 316/366/341 317/370/341 332/379/341
f 309/368/342 310/371/342 325/380/342
f 317/370/343 318/356/343 333/381/343
f 310/371/344 311/372/344 326/382/344
f 319/357/345 334/383/345 333/381/345
f 311/372/346 312/358/346 327/384/346
f 319/357/347 320/359/347 335/385/347
f 312/358/348 313/360/348 328/386/348
f 321/361/349 336/387/349 335/385/349
f 313/360/350 314/362/350 329/388/350
f 321/361/351 322/363/351 337/389/351
f 315/364/352 330/374/352 329/388/352
f 326/382/353 327/384/353 342/390/353
f 334/383/354 335/385/354 350/391/354
f 328/386/355 343/392/355 342/390/355
f 336/387/356 351/393/356 350/391/356
f 328/386/357 329/388/357 344/394/357
f 336/387/358 337/389/358 352/395/358
f 330/374/359 345/396/359 344/394/359
f 337/389/360 338/373/360 353/397/360
f 331/375/361 346/398/361 345/396/361
f 324/377/362 339/400/362 82/399/362
f 308/401/363 353/397/363 338/373/363
f 331/375/364 332/379/364 347/402/364
f 324/377/365 325/380/365 340/403/365
f 332/379/366 333/381/366 348/404/366
f 325/380/367 326/382/367 341/405/367
f 334/383/368 349/406/368 348/404/368
f 346/398/369 361/408/369 360/407/369
f 339/400/370 354/410/370 82/409/370
f 308/411/371 368/412/371 353/397/371
f 346/398/372 347/402/372 362/413/372
f 339/400/373 340/403/373 355/414/373
f 347/402/374 348/404/374 363/415/374
f 341/405/375 356/416/375 355/414/375
f 349/406/376 364/417/376 363/415/376
f 341/405/377 342/390/377 357/418/377
f 349/406/378 350/391/378 365/419/378
f 343/392/379 358/420/379 357/418/379
f 351/393/380 366/421/380 365/419/380
f 343/392/381 344/394/381 359/422/381
f 351/393/382 352/395/382 367/423/382
f 345/396/383 360/407/383 359/422/383
f 352/395/384 353/397/384 368/412/384
f 364/424/385 365/426/385 380/425/385
f 358/427/386 373/429/386 372/428/386
f 366/430/387 381/431/387 380/425/387
f 358/427/388 359/433/388 374/432/388
f 366/430/389 367/435/389 382/434/389
f 360/436/390 375/437/390 374/432/390
f 367/435/391 368/439/391 383/438/391
f 361/440/392 376/441/392 375/437/392
f 354/442/393 369/444/393 82/443/393
f 308/445/394 383/438/394 368/439/394
f 361/440/395 362/447/395 377/446/395
f 354/442/396 355/449/396 370/448/396
f 362/447/397 363/451/397 378/450/397
f 356/452/398 371/453/398 370/448/398
f 364/424/399 379/454/399 378/450/399
f 356/452/400 357/455/400 372/428/400
f 308/456/401 398/457/401 383/438/401
f 376/441/402 377/446/402 392/458/402
f 369/444/403 370/448/403 385/459/403
f 377/446/404 378/450/404 393/460/404
f 371/453/405 386/461/405 385/459/405
f 379/454/406 394/462/406 393/460/406
f 371/453/407 372/428/407 387/463/407
f 379/454/408 380/425/408 395/464/408
f 373/429/409 388/465/409 387/463/409
f 381/431/410 396/466/410 395/464/410
f 373/429/411 374/432/411 389/467/411
f 381/431/412 382/434/412 397/468/412
f 375/437/413 390/469/413 389/467/413
f 382/434/414 383/438/414 398/457/414
f 376/441/415 391/470/415 390/469/415
f 369/444/416 384/472/416 82/471/416
f 396/466/417 411/474/417 410/473/417
f 388/465/418 389/467/418 404/475/418
f 397/468/419 412/476/419 411/474/419
f 390/469/420 405/477/420 404/475/420
f 397/468/421 398/457/421 413/478/421
f 391/470/422 406/479/422 405/477/422
f 384/472/423 399/481/423 82/480/423
f 308/482/424 413/478/424 398/457/424
f 391/470/425 392/458/425 407/483/425
f 385/459/426 400/484/426 399/481/426
f 392/458/427 393/460/427 408/485/427
f 385/459/428 386/461/428 401/486/428
f 394/462/429 409/487/429 408/485/429
f 386/461/430 387/463/430 402/488/430
f 394/462/431 395/464/431 410/473/431
f 388/465/432 403/489/432 402/488/432
f 399/481/433 400/484/433 415/490/433
f 407/483/434 408/485/434 423/491/434
f 401/486/435 416/492/435 415/490/435
f 409/487/436 424/493/436 423/491/436
f 401/486/437 402/488/437 417/494/437
f 409/487/438 410/473/438 425/495/438
f 403/489/439 418/496/439 417/494/439
f 411/474/440 426/497/440 425/495/440
f 403/489/441 404/475/441 419/498/441
f 411/474/442 412/476/442 427/499/442
f 405/477/443 420/500/443 419/498/443
f 412/476/444 413/478/444 428/501/444
f 406/479/445 421/502/445 420/500/445
f 399/481/446 414/504/446 82/503/446
f 308/505/447 428/501/447 413/478/447
f 406/479/448 407/483/448 422/506/448
f 418/496/449 419/498/449 434/507/449
f 426/497/450 427/499/450 442/508/450
f 420/500/451 435/509/451 434/507/451
f 427/499/452 428/501/452 443/510/452
f 421/502/453 436/511/453 435/509/453
f 414/504/454 429/513/454 82/512/454
f 308/514/455 443/510/455 428/501/455
f 421/502/456 422/506/456 437/515/456
f 414/504/457 415/490/457 430/516/457
f 422/506/458 423/491/458 438/517/458
f 416/492/459 431/518/459 430/516/459
f 424/493/460 439/519/460 438/517/460
f 416/492/461 417/494/461 432/520/461
f 424/493/462 425/495/462 440/521/462
f 418/496/463 433/522/463 432/520/463
f 426/497/464 441/523/464 440/521/464
f 437/515/465 438/517/465 453/524/465
f 430/516/466 431/518/466 446/525/466
f 439/519/467 454/526/467 453/524/467
f 431/518/468 432/520/468 447/527/468
f 439/519/469 440/521/469 455/528/469
f 433/522/470 448/529/470 447/527/470
f 441/523/471 456/530/471 455/528/471
f 433/522/472 434/507/472 449/531/472
f 441/523/473 442/508/473 457/532/473
f 435/509/474 450/533/474 449/531/474
f 442/508/475 443/510/475 458/534/475
f 436/511/476 451/535/476 450/533/476
f 429/513/477 444/537/477 82/536/477
f 308/538/478 458/534/478 443/510/478
f 436/511/479 437/515/479 452/539/479
f 430/516/480 445/540/480 444/537/480
f 456/530/481 457/532/481 472/541/481
f 450/533/482 465/543/482 464/542/482
f 458/534/483 473/544/483 472/541/483
f 451/535/484 466/545/484 465/543/484
f 444/537/485 459/547/485 82/546/485
f 308/548/486 473/544/486 458/534/486
f 451/535/487 452/539/487 467/549/487
f 444/537/488 445/540/488 460/550/488
f 452/539/489 453/524/489 468/551/489
f 446/525/490 461/552/490 460/550/490
f 454/526/491 469/553/491 468/551/491
f 446/525/492 447/527/492 462/554/492
f 454/526/493 455/528/493 470/555/493
f 448/529/494 463/556/494 462/554/494
f 456/530/495 471/557/495 470/555/495
f 448/529/496 449/531/496 464/542/496
f 461/552/497 1/4/497 475/32/497
f 468/551/498 469/553/498 6/8/498
f 462/554/499 476/9/499 1/4/499
f 469/553/500 470/555/500 479/12/500
f 463/556/501 2/13/501 476/9/501
f 471/557/502 480/16/502 479/12/502
f 464/542/503 477/17/503 2/13/503
f 471/557/504 472/541/504 481/20/504
f 465/543/505 3/21/505 477/17/505
f 472/541/506 473/544/506 482/24/506
f 466/545/507 4/26/507 3/21/507
f 459/547/508 474/27/508 82/558/508
f 308/559/509 482/24/509 473/544/509
f 466/545/510 467/549/510 5/1/510
f 460/550/511 475/32/511 474/27/511
f 467/549/512 468/551/512 478/3/512
f 483/560/513 484/562/513 515/561/513
f 484/562/514 485/563/514 515/561/514
f 485/563/515 486/564/515 515/561/515
f 486/564/516 487/565/516 515/561/516
f 487/565/517 488/566/517 515/561/517
f 488/566/518 489/567/518 515/561/518
f 489/567/519 490/568/519 515/561/519
f 490/568/520 491/569/520 515/561/520
f 491/569/521 492/570/521 515/561/521
f 492/570/522 493/571/522 515/561/522
f 493/571/523 494/572/523 515/561/523
f 494/572/524 495/573/524 515/561/524
f 495/573/525 496/574/525 515/561/525
f 496/574/526 497/575/526 515/561/526
f 497/575/527 498/576/527 515/561/527
f 498/576/528 499/577/528 515/561/528
f 499/577/529 500/578/529 515/561/529
f 500/578/530 501/579/530 515/561/530
f 501/579/531 502/580/531 515/561/531
f 502/580/532 503/581/532 515/561/532
f 503/581/533 504/582/533 515/561/533
f 504/582/534 505/583/534 515/561/534
f 505/583/535 506/584/535 515/561/535
f 506/584/536 507/585/536 515/561/536
f 507/585/537 508/586/537 515/561/537
f 508/586/538 509/587/538 515/561/538
f 509/587/539 510/588/539 515/561/539
f 510/588/540 511/589/540 515/561/540
f 511/589/541 512/590/541 515/561/541
f 512/590/542 513/591/542 515/561/542
f 498/592/543 514/594/543 506/593/543
f 513/591/544 514/595/544 515/561/544
f 514/595/545 483/560/545 515/561/545
f 996/596/546 997/598/546 536/597/546
f 519/599/547 529/601/547 528/600/547
f 989/602/548 522/604/548 597/603/548
f 823/605/549 536/597/549 997/598/549
f 520/606/550 530/607/550 529/601/550
f 990/608/551 523/609/551 522/604/551
f 993/610/552 531/611/552 530/607/552
f 990/608/553 516/613/553 524/612/553
f 993/610/554 521/615/554 532/614/554
f 516/613/555 991/617/555 525/616/555
f 994/618/556 533/619/556 532/614/556
f 517/620/557 526/621/557 525/616/557
f 994/618/558 995/623/558 534/622/558
f 517/620/559 992/625/559 527/624/559
f 996/596/560 535/626/560 534/622/560
f 992/625/561 518/627/561 528/600/561
f 526/621/562 527/624/562 542/628/562
f 534/622/563 535/626/563 550/629/563
f 527/624/564 528/600/564 543/630/564
f 535/626/565 536/597/565 551/631/565
f 529/601/566 544/632/566 543/630/566
f 522/604/567 537/634/567 597/633/567
f 823/635/568 551/631/568 536/597/568
f 529/601/569 530/607/569 545/636/569
f 522/604/570 523/609/570 538/637/570
f 531/611/571 546/638/571 545/636/571
f 524/612/572 539/639/572 538/637/572
f 532/614/573 547/640/573 546/638/573
f 524/612/574 525/616/574 540/641/574
f 532/614/575 533/619/575 548/642/575
f 526/621/576 541/643/576 540/641/576
f 533/619/577 534/622/577 549/644/577
f 546/638/578 561/646/578 560/645/578
f 538/637/579 539/639/579 554/647/579
f 547/640/580 562/648/580 561/646/580
f 539/639/581 540/641/581 555/649/581
f 548/642/582 563/650/582 562/648/582
f 540/641/583 541/643/583 556/651/583
f 548/642/584 549/644/584 564/652/584
f 541/643/585 542/628/585 557/653/585
f 550/629/586 565/654/586 564/652/586
f 542/628/587 543/630/587 558/655/587
f 550/629/588 551/631/588 566/656/588
f 544/632/589 559/657/589 558/655/589
f 537/634/590 552/659/590 597/658/590
f 823/660/591 566/656/591 551/631/591
f 544/632/592 545/636/592 560/645/592
f 538/637/593 553/661/593 552/659/593
f 564/652/594 565/654/594 580/662/594
f 557/653/595 558/655/595 573/663/595
f 565/654/596 566/656/596 581/664/596
f 559/657/597 574/665/597 573/663/597
f 552/659/598 567/667/598 597/666/598
f 823/668/599 581/664/599 566/656/599
f 559/657/600 560/645/600 575/669/600
f 553/661/601 568/670/601 567/667/601
f 560/645/602 561/646/602 576/671/602
f 554/647/603 569/672/603 568/670/603
f 562/648/604 577/673/604 576/671/604
f 554/647/605 555/649/605 570/674/605
f 563/650/606 578/675/606 577/673/606
f 555/649/607 556/651/607 571/676/607
f 564/652/608 579/677/608 578/675/608
f 556/651/609 557/653/609 572/678/609
f 577/673/610 592/680/610 591/679/610
f 569/672/611 570/674/611 585/681/611
f 577/673/612 578/675/612 593/682/612
f 571/676/613 586/683/613 585/681/613
f 578/675/614 579/677/614 594/684/614
f 571/676/615 572/678/615 587/685/615
f 580/662/616 595/686/616 594/684/616
f 573/663/617 588/687/617 587/685/617
f 580/662/618 581/664/618 596/688/618
f 574/665/619 589/689/619 588/687/619
f 567/667/620 582/691/620 597/690/620
f 823/692/621 596/688/621 581/664/621
f 575/669/622 590/693/622 589/689/622
f 568/670/623 583/694/623 582/691/623
f 575/669/624 576/671/624 591/679/624
f 568/670/625 569/672/625 584/695/625
f 595/686/626 596/688/626 612/696/626
f 589/689/627 605/698/627 604/697/627
f 582/691/628 598/700/628 597/699/628
f 823/701/629 612/696/629 596/688/629
f 589/689/630 590/693/630 606/702/630
f 583/694/631 599/703/631 598/700/631
f 591/679/632 607/704/632 606/702/632
f 583/694/633 584/695/633 600/705/633
f 591/679/634 592/680/634 608/706/634
f 584/695/635 585/681/635 601/707/635
f 593/682/636 609/708/636 608/706/636
f 585/681/637 586/683/637 602/709/637
f 594/684/638 610/710/638 609/708/638
f 587/685/639 603/711/639 602/709/639
f 595/686/640 611/712/640 610/710/640
f 587/685/641 588/687/641 604/697/641
f 600/705/642 601/707/642 616/713/642
f 609/708/643 624/715/643 623/714/643
f 601/707/644 602/709/644 617/716/644
f 609/708/645 610/710/645 625/717/645
f 602/709/646 603/711/646 618/718/646
f 610/710/647 611/712/647 626/719/647
f 603/711/648 604/697/648 619/720/648
f 612/696/649 627/721/649 626/719/649
f 605/698/650 620/722/650 619/720/650
f 598/700/651 613/724/651 597/723/651
f 823/725/652 627/721/652 612/696/652
f 605/698/653 606/702/653 621/726/653
f 598/700/654 599/703/654 614/727/654
f 607/704/655 622/728/655 621/726/655
f 600/705/656 615/729/656 614/727/656
f 608/706/657 623/714/657 622/728/657
f 620/722/658 635/731/658 634/730/658
f 613/724/659 628/733/659 597/732/659
f 823/734/660 642/735/660 627/721/660
f 620/722/661 621/726/661 636/736/661
f 614/727/662 629/737/662 628/733/662
f 621/726/663 622/728/663 637/738/663
f 614/727/664 615/729/664 630/739/664
f 622/728/665 623/714/665 638/740/665
f 616/713/666 631/741/666 630/739/666
f 623/714/667 624/715/667 639/742/667
f 617/716/668 632/743/668 631/741/668
f 624/715/669 625/717/669 640/744/669
f 618/718/670 633/745/670 632/743/670
f 626/719/671 641/746/671 640/744/671
f 619/720/672 634/730/672 633/745/672
f 626/719/673 627/721/673 642/735/673
f 639/742/674 654/748/674 653/747/674
f 631/741/675 632/743/675 647/749/675
f 640/744/676 655/750/676 654/748/676
f 632/743/677 633/745/677 648/751/677
f 640/744/678 641/746/678 656/752/678
f 634/730/679 649/753/679 648/751/679
f 642/735/680 657/754/680 656/752/680
f 635/731/681 650/755/681 649/753/681
f 628/733/682 643/757/682 597/756/682
f 823/758/683 657/754/683 642/735/683
f 635/731/684 636/736/684 651/759/684
f 628/733/685 629/737/685 644/760/685
f 636/736/686 637/738/686 652/761/686
f 630/739/687 645/762/687 644/760/687
f 638/740/688 653/747/688 652/761/688
f 630/739/689 631/741/689 646/763/689
f 643/757/690 658/765/690 597/764/690
f 823/766/691 672/767/691 657/754/691
f 651/759/692 666/769/692 665/768/692
f 643/757/693 644/760/693 659/770/693
f 651/759/694 652/761/694 667/771/694
f 645/762/695 660/772/695 659/770/695
f 653/747/696 668/773/696 667/771/696
f 645/762/697 646/763/697 661/774/697
f 653/747/698 654/748/698 669/775/698
f 646/763/699 647/749/699 662/776/699
f 655/750/700 670/777/700 669/775/700
f 647/749/701 648/751/701 663/778/701
f 656/752/702 671/779/702 670/777/702
f 649/753/703 664/780/703 663/778/703
f 657/754/704 672/767/704 671/779/704
f 650/755/705 665/768/705 664/780/705
f 662/776/706 677/782/706 676/781/706
f 669/775/707 670/777/707 685/783/707
f 662/776/708 663/778/708 678/784/708
f 671/779/709 686/785/709 685/783/709
f 664/780/710 679/786/710 678/784/710
f 672/767/711 687/787/711 686/785/711
f 665/768/712 680/788/712 679/786/712
f 658/765/713 673/790/713 597/789/713
f 823/791/714 687/787/714 672/767/714
f 666/769/715 681/792/715 680/788/715
f 658/765/716 659/770/716 674/793/716
f 666/769/717 667/771/717 682/794/717
f 660/772/718 675/795/718 674/793/718
f 668/773/719 683/796/719 682/794/719
f 660/772/720 661/774/720 676/781/720
f 668/773/721 669/775/721 684/797/721
f 680/788/722 681/792/722 696/798/722
f 674/793/723 689/800/723 688/799/723
f 681/792/724 682/794/724 697/801/724
f 675/795/725 690/802/725 689/800/725
f 683/796/726 698/803/726 697/801/726
f 676/781/727 691/804/727 690/802/727
f 683/796/728 684/797/728 699/805/728
f 676/781/729 677/782/729 692/806/729
f 684/797/730 685/783/730 700/807/730
f 677/782/731 678/784/731 693/808/731
f 685/783/732 686/785/732 701/809/732
f 679/786/733 694/810/733 693/808/733
f 686/785/734 687/787/734 702/811/734
f 680/788/735 695/812/735 694/810/735
f 673/790/736 688/799/736 597/813/736
f 823/814/737 702/811/737 687/787/737
f 699/805/738 700/807/738 715/815/738
f 693/808/739 708/817/739 707/816/739
f 701/809/740 716/818/740 715/815/740
f 693/808/741 694/810/741 709/819/741
f 702/811/742 717/820/742 716/818/742
f 695/812/743 710/821/743 709/819/743
f 688/799/744 703/823/744 597/822/744
f 823/824/745 717/820/745 702/811/745
f 695/812/746 696/798/746 711/825/746
f 688/799/747 689/800/747 704/826/747
f 697/801/748 712/827/748 711/825/748
f 689/800/749 690/802/749 705/828/749
f 697/801/750 698/803/750 713/829/750
f 691/804/751 706/830/751 705/828/751
f 698/803/752 699/805/752 714/831/752
f 691/804/753 692/806/753 707/816/753
f 712/827/754 727/833/754 726/832/754
f 704/826/755 705/828/755 720/834/755
f 712/827/756 713/829/756 728/835/756
f 705/828/757 706/830/757 721/836/757
f 713/829/758 714/831/758 729/837/758
f 707/816/759 722/838/759 721/836/759
f 715/815/760 730/839/760 729/837/760
f 708/817/761 723/840/761 722/838/761
f 716/818/762 731/841/762 730/839/762
f 708/817/763 709/819/763 724/842/763
f 717/820/764 732/843/764 731/841/764
f 710/821/765 725/844/765 724/842/765
f 703/823/766 718/846/766 597/845/766
f 823/847/767 732/843/767 717/820/767
f 710/821/768 711/825/768 726/832/768
f 703/823/769 704/826/769 719/848/769
f 730/839/770 731/841/770 746/849/770
f 724/842/771 739/851/771 738/850/771
f 732/843/772 747/852/772 746/849/772
f 725/844/773 740/853/773 739/851/773
f 718/846/774 733/855/774 597/854/774
f 823/856/775 747/852/775 732/843/775
f 726/832/776 741/857/776 740/853/776
f 718/846/777 719/848/777 734/858/777
f 727/833/778 742/859/778 741/857/778
f 720/834/779 735/860/779 734/858/779
f 728/835/780 743/861/780 742/859/780
f 721/836/781 736/862/781 735/860/781
f 729/837/782 744/863/782 743/861/782
f 721/836/783 722/838/783 737/864/783
f 729/837/784 730/839/784 745/865/784
f 722/838/785 723/840/785 738/850/785
f 734/858/786 735/860/786 750/866/786
f 742/859/787 743/861/787 758/867/787
f 736/862/788 751/868/788 750/866/788
f 743/861/789 744/863/789 759/869/789
f 737/864/790 752/870/790 751/868/790
f 745/865/791 760/871/791 759/869/791
f 738/850/792 753/872/792 752/870/792
f 746/849/793 761/873/793 760/871/793
f 739/851/794 754/874/794 753/872/794
f 747/852/795 762/875/795 761/873/795
f 739/851/796 740/853/796 755/876/796
f 733/855/797 748/878/797 597/877/797
f 823/879/798 762/875/798 747/852/798
f 741/857/799 756/880/799 755/876/799
f 734/858/800 749/881/800 748/878/800
f 741/857/801 742/859/801 757/882/801
f 754/874/802 769/884/802 768/883/802
f 761/873/803 762/875/803 777/885/803
f 754/874/804 755/876/804 770/886/804
f 748/878/805 763/888/805 597/887/805
f 823/889/806 777/885/806 762/875/806
f 755/876/807 756/880/807 771/890/807
f 749/881/808 764/891/808 763/888/808
f 756/880/809 757/882/809 772/892/809
f 750/866/810 765/893/810 764/891/810
f 758/867/811 773/894/811 772/892/811
f 751/868/812 766/895/812 765/893/812
f 759/869/813 774/896/813 773/894/813
f 751/868/814 752/870/814 767/897/814
f 760/871/815 775/898/815 774/896/815
f 752/870/816 753/872/816 768/883/816
f 760/871/817 761/873/817 776/899/817
f 773/894/818 788/901/818 787/900/818
f 765/893/819 766/895/819 781/902/819
f 773/894/820 774/896/820 789/903/820
f 767/897/821 782/904/821 781/902/821
f 775/898/822 790/905/822 789/903/822
f 768/883/823 783/906/823 782/904/823
f 776/899/824 791/907/824 790/905/824
f 769/884/825 784/908/825 783/906/825
f 777/885/826 792/909/826 791/907/826
f 769/884/827 770/886/827 785/910/827
f 763/888/828 778/912/828 597/911/828
f 823/913/829 792/909/829 777/885/829
f 771/890/830 786/914/830 785/910/830
f 764/891/831 779/915/831 778/912/831
f 771/890/832 772/892/832 787/900/832
f 764/891/833 765/893/833 780/916/833
f 791/907/834 792/909/834 807/917/834
f 784/908/835 785/910/835 800/918/835
f 778/912/836 793/920/836 597/919/836
f 823/921/837 807/917/837 792/909/837
f 786/914/838 801/922/838 800/918/838
f 779/915/839 794/923/839 793/920/839
f 786/914/840 787/900/840 802/924/840
f 780/916/841 795/925/841 794/923/841
f 788/901/842 803/926/842 802/924/842
f 781/902/843 796/927/843 795/925/843
f 789/903/844 804/928/844 803/926/844
f 781/902/845 782/904/845 797/929/845
f 789/903/846 790/905/846 805/930/846
f 782/904/847 783/906/847 798/931/847
f 790/905/848 791/907/848 806/932/848
f 784/908/849 799/933/849 798/931/849
f 796/927/850 811/935/850 810/934/850
f 803/926/851 804/928/851 819/936/851
f 797/929/852 812/937/852 811/935/852
f 805/930/853 820/938/853 819/936/853
f 797/929/854 798/931/854 813/939/854
f 805/930/855 806/932/855 821/940/855
f 799/933/856 814/941/856 813/939/856
f 807/917/857 822/942/857 821/940/857
f 799/933/858 800/918/858 815/943/858
f 793/920/859 808/945/859 597/944/859
f 823/946/860 822/942/860 807/917/860
f 801/922/861 816/947/861 815/943/861
f 793/920/862 794/923/862 809/948/862
f 801/922/863 802/924/863 817/949/863
f 795/925/864 810/934/864 809/948/864
f 803/926/865 818/950/865 817/949/865
f 814/941/866 815/943/866 831/951/866
f 808/945/867 824/953/867 597/952/867
f 823/954/868 838/955/868 822/942/868
f 816/947/869 832/956/869 831/951/869
f 808/945/870 809/948/870 825/957/870
f 816/947/871 817/949/871 833/958/871
f 809/948/872 810/934/872 826/959/872
f 817/949/873 818/950/873 834/960/873
f 810/934/874 811/935/874 827/961/874
f 818/950/875 819/936/875 835/962/875
f 812/937/876 828/963/876 827/961/876
f 820/938/877 836/964/877 835/962/877
f 813/939/878 829/965/878 828/963/878
f 820/938/879 821/940/879 837/966/879
f 814/941/880 830/967/880 829/965/880
f 822/942/881 838/955/881 837/966/881
f 835/962/882 850/969/882 849/968/882
f 827/961/883 828/963/883 843/970/883
f 836/964/884 851/971/884 850/969/884
f 829/965/885 844/972/885 843/970/885
f 837/966/886 852/973/886 851/971/886
f 829/965/887 830/967/887 845/974/887
f 837/966/888 838/955/888 853/975/888
f 830/967/889 831/951/889 846/976/889
f 824/953/890 839/978/890 597/977/890
f 823/979/891 853/975/891 838/955/891
f 832/956/892 847/980/892 846/976/892
f 825/957/893 840/981/893 839/978/893
f 833/958/894 848/982/894 847/980/894
f 825/957/895 826/959/895 841/983/895
f 833/958/896 834/960/896 849/968/896
f 827/961/897 842/984/897 841/983/897
f 823/985/898 868/986/898 853/975/898
f 847/980/899 862/988/899 861/987/899
f 840/981/900 855/990/900 854/989/900
f 848/982/901 863/991/901 862/988/901
f 840/981/902 841/983/902 856/992/902
f 849/968/903 864/993/903 863/991/903
f 842/984/904 857/994/904 856/992/904
f 850/969/905 865/995/905 864/993/905
f 842/984/906 843/970/906 858/996/906
f 851/971/907 866/997/907 865/995/907
f 844/972/908 859/998/908 858/996/908
f 851/971/909 852/973/909 867/999/909
f 844/972/910 845/974/910 860/1000/910
f 852/973/911 853/975/911 868/986/911
f 845/974/912 846/976/912 861/987/912
f 839/978/913 854/989/913 597/1001/913
f 865/995/914 866/997/914 881/1002/914
f 858/996/915 859/998/915 874/1003/915
f 866/997/916 867/999/916 882/1004/916
f 860/1000/917 875/1005/917 874/1003/917
f 868/986/918 883/1006/918 882/1004/918
f 860/1000/919 861/987/919 876/1007/919
f 854/989/920 869/1009/920 597/1008/920
f 823/1010/921 883/1006/921 868/986/921
f 861/987/922 862/988/922 877/1011/922
f 854/989/923 855/990/923 870/1012/923
f 862/988/924 863/991/924 878/1013/924
f 856/992/925 871/1014/925 870/1012/925
f 864/993/926 879/1015/926 878/1013/926
f 857/994/927 872/1016/927 871/1014/927
f 865/995/928 880/1017/928 879/1015/928
f 857/994/929 858/996/929 873/1018/929
f 870/1019/930 885/1021/930 884/1020/930
f 877/1022/931 878/1024/931 893/1023/931
f 870/1019/932 871/1026/932 886/1025/932
f 879/1027/933 894/1028/933 893/1023/933
f 871/1026/934 872/1030/934 887/1029/934
f 879/1027/935 880/1032/935 895/1031/935
f 873/1033/936 888/1034/936 887/1029/936
f 881/1035/937 896/1036/937 895/1031/937
f 873/1033/938 874/1038/938 889/1037/938
f 881/1035/939 882/1040/939 897/1039/939
f 875/1041/940 890/1042/940 889/1037/940
f 882/1040/941 883/1044/941 898/1043/941
f 875/1041/942 876/1046/942 891/1045/942
f 869/1047/943 884/1020/943 597/1048/943
f 823/1049/944 898/1043/944 883/1044/944
f 877/1022/945 892/1050/945 891/1045/945
f 889/1037/946 904/1052/946 903/1051/946
f 897/1039/947 912/1054/947 911/1053/947
f 890/1042/948 905/1055/948 904/1052/948
f 898/1043/949 913/1056/949 912/1054/949
f 890/1042/950 891/1045/950 906/1057/950
f 884/1020/951 899/1059/951 597/1058/951
f 823/1060/952 913/1056/952 898/1043/952
f 892/1050/953 907/1061/953 906/1057/953
f 884/1020/954 885/1021/954 900/1062/954
f 892/1050/955 893/1023/955 908/1063/955
f 885/1021/956 886/1025/956 901/1064/956
f 893/1023/957 894/1028/957 909/1065/957
f 886/1025/958 887/1029/958 902/1066/958
f 895/1031/959 910/1067/959 909/1065/959
f 888/1034/960 903/1051/960 902/1066/960
f 896/1036/961 911/1053/961 910/1067/961
f 907/1061/962 908/1063/962 923/1068/962
f 901/1064/963 916/1070/963 915/1069/963
f 909/1065/964 924/1071/964 923/1068/964
f 901/1064/965 902/1066/965 917/1072/965
f 909/1065/966 910/1067/966 925/1073/966
f 903/1051/967 918/1074/967 917/1072/967
f 911/1053/968 926/1075/968 925/1073/968
f 903/1051/969 904/1052/969 919/1076/969
f 911/1053/970 912/1054/970 927/1077/970
f 905/1055/971 920/1078/971 919/1076/971
f 912/1054/972 913/1056/972 928/1079/972
f 905/1055/973 906/1057/973 921/1080/973
f 899/1059/974 914/1082/974 597/1081/974
f 823/1083/975 928/1079/975 913/1056/975
f 906/1057/976 907/1061/976 922/1084/976
f 899/1059/977 900/1062/977 915/1069/977
f 927/1077/978 942/1086/978 941/1085/978
f 920/1078/979 935/1088/979 934/1087/979
f 928/1079/980 943/1089/980 942/1086/980
f 920/1078/981 921/1080/981 936/1090/981
f 914/1082/982 929/1092/982 597/1091/982
f 823/1093/983 943/1089/983 928/1079/983
f 922/1084/984 937/1094/984 936/1090/984
f 914/1082/985 915/1069/985 930/1095/985
f 923/1068/986 938/1096/986 937/1094/986
f 915/1069/987 916/1070/987 931/1097/987
f 924/1071/988 939/1098/988 938/1096/988
f 916/1070/989 917/1072/989 932/1099/989
f 925/1073/990 940/1100/990 939/1098/990
f 917/1072/991 918/1074/991 933/1101/991
f 926/1075/992 941/1085/992 940/1100/992
f 918/1074/993 919/1076/993 934/1087/993
f 931/1097/994 946/1103/994 945/1102/994
f 938/1096/995 939/1098/995 954/1104/995
f 932/1099/996 947/1105/996 946/1103/996
f 940/1100/997 955/1106/997 954/1104/997
f 932/1099/998 933/1101/998 948/1107/998
f 940/1100/999 941/1085/999 956/1108/999
f 934/1087/1000 949/1109/1000 948/1107/1000
f 941/1085/1001 942/1086/1001 957/1110/1001
f 935/1088/1002 950/1111/1002 949/1109/1002
f 942/1086/1003 943/1089/1003 958/1112/1003
f 935/1088/1004 936/1090/1004 951/1113/1004
f 929/1092/1005 944/1115/1005 597/1114/1005
f 823/1116/1006 958/1112/1006 943/1089/1006
f 937/1094/1007 952/1117/1007 951/1113/1007
f 930/1095/1008 945/1102/1008 944/1115/1008
f 938/1096/1009 953/1118/1009 952/1117/1009
f 949/1109/1010 950/1111/1010 965/1119/1010
f 957/1110/1011 958/1112/1011 973/1120/1011
f 950/1111/1012 951/1113/1012 966/1121/1012
f 944/1115/1013 959/1123/1013 597/1122/1013
f 823/1124/1014 973/1120/1014 958/1112/1014
f 952/1117/1015 967/1125/1015 966/1121/1015
f 945/1102/1016 960/1126/1016 959/1123/1016
f 953/1118/1017 968/1127/1017 967/1125/1017
f 945/1102/1018 946/1103/1018 961/1128/1018
f 953/1118/1019 954/1104/1019 969/1129/1019
f 947/1105/1020 962/1130/1020 961/1128/1020
f 954/1104/1021 955/1106/1021 970/1131/1021
f 948/1107/1022 963/1132/1022 962/1130/1022
f 955/1106/1023 956/1108/1023 971/1133/1023
f 949/1109/1024 964/1134/1024 963/1132/1024
f 957/1110/1025 972/1135/1025 971/1133/1025
f 969/1129/1026 984/1137/1026 983/1136/1026
f 961/1128/1027 962/1130/1027 977/1138/1027
f 970/1131/1028 985/1139/1028 984/1137/1028
f 962/1130/1029 963/1132/1029 978/1140/1029
f 970/1131/1030 971/1133/1030 986/1141/1030
f 963/1132/1031 964/1134/1031 979/1142/1031
f 972/1135/1032 987/1143/1032 986/1141/1032
f 964/1134/1033 965/1119/1033 980/1144/1033
f 972/1135/1034 973/1120/1034 988/1145/1034
f 966/1121/1035 981/1146/1035 980/1144/1035
f 959/1123/1036 974/1148/1036 597/1147/1036
f 823/1149/1037 988/1145/1037 973/1120/1037
f 966/1121/1038 967/1125/1038 982/1150/1038
f 960/1126/1039 975/1151/1039 974/1148/1039
f 968/1127/1040 983/1136/1040 982/1150/1040
f 960/1126/1041 961/1128/1041 976/1152/1041
f 988/1145/1042 997/598/1042 996/596/1042
f 981/1146/1043 519/599/1043 518/627/1043
f 974/1148/1044 989/602/1044 597/1153/1044
f 823/1154/1045 997/598/1045 988/1145/1045
f 981/1146/1046 982/1150/1046 520/606/1046
f 974/1148/1047 975/1151/1047 990/608/1047
f 983/1136/1048 993/610/1048 520/606/1048
f 975/1151/1049 976/1152/1049 516/613/1049
f 983/1136/1050 984/1137/1050 521/615/1050
f 977/1138/1051 991/617/1051 516/613/1051
f 985/1139/1052 994/618/1052 521/615/1052
f 978/1140/1053 517/620/1053 991/617/1053
f 985/1139/1054 986/1141/1054 995/623/1054
f 978/1140/1055 979/1142/1055 992/625/1055
f 987/1143/1056 996/596/1056 995/623/1056
f 980/1144/1057 518/627/1057 992/625/1057
f 1478/1155/1058 1479/1157/1058 1018/1156/1058
f 1000/1158/547 1001/1160/547 1011/1159/547
f 1471/1161/548 1004/1163/548 1079/1162/548
f 1305/1164/549 1018/1156/549 1479/1157/549
f 1001/1160/550 1002/1166/550 1012/1165/550
f 1472/1167/551 1005/1168/551 1004/1163/551
f 1475/1169/552 1013/1170/552 1012/1165/552
f 998/1171/553 1006/1172/553 1005/1168/553
f 1475/1169/554 1003/1174/554 1014/1173/554
f 1473/1175/555 1007/1176/555 1006/1172/555
f 1003/1174/1059 1476/1178/1059 1015/1177/1059
f 999/1179/557 1008/1180/557 1007/1176/557
f 1476/1178/558 1477/1182/558 1016/1181/558
f 1474/1183/559 1009/1184/559 1008/1180/559
f 1477/1182/560 1478/1155/560 1017/1185/560
f 1474/1183/561 1000/1158/561 1010/1186/561
f 1009/1184/562 1024/1188/562 1023/1187/562
f 1016/1181/563 1017/1185/563 1032/1189/563
f 1010/1186/1060 1025/1190/1060 1024/1188/1060
f 1018/1156/565 1033/1191/565 1032/1189/565
f 1011/1159/1061 1026/1192/1061 1025/1190/1061
f 1004/1163/567 1019/1194/567 1079/1193/567
f 1305/1195/568 1033/1191/568 1018/1156/568
f 1012/1165/569 1027/1196/569 1026/1192/569
f 1004/1163/570 1005/1168/570 1020/1197/570
f 1013/1170/571 1028/1198/571 1027/1196/571
f 1005/1168/572 1006/1172/572 1021/1199/572
f 1013/1170/1062 1014/1173/1062 1029/1200/1062
f 1006/1172/574 1007/1176/574 1022/1201/574
f 1015/1177/575 1030/1202/575 1029/1200/575
f 1008/1180/1063 1023/1187/1063 1022/1201/1063
f 1015/1177/577 1016/1181/577 1031/1203/577
f 1027/1196/578 1028/1198/578 1043/1204/578
f 1021/1199/579 1036/1206/579 1035/1205/579
f 1029/1200/580 1044/1207/580 1043/1204/580
f 1021/1199/581 1022/1201/581 1037/1208/581
f 1030/1202/582 1045/1209/582 1044/1207/582
f 1022/1201/583 1023/1187/583 1038/1210/583
f 1031/1203/584 1046/1211/584 1045/1209/584
f 1023/1187/585 1024/1188/585 1039/1212/585
f 1031/1203/586 1032/1189/586 1047/1213/586
f 1024/1188/587 1025/1190/587 1040/1214/587
f 1032/1189/1064 1033/1191/1064 1048/1215/1064
f 1025/1190/589 1026/1192/589 1041/1216/589
f 1019/1194/590 1034/1218/590 1079/1217/590
f 1305/1219/591 1048/1215/591 1033/1191/591
f 1027/1196/592 1042/1220/592 1041/1216/592
f 1020/1197/593 1035/1205/593 1034/1218/593
f 1046/1211/594 1047/1213/594 1062/1221/594
f 1040/1214/595 1055/1223/595 1054/1222/595
f 1048/1215/1065 1063/1224/1065 1062/1221/1065
f 1041/1216/597 1056/1225/597 1055/1223/597
f 1034/1218/598 1049/1227/598 1079/1226/598
f 1305/1228/599 1063/1224/599 1048/1215/599
f 1041/1216/600 1042/1220/600 1057/1229/600
f 1034/1218/601 1035/1205/601 1050/1230/601
f 1042/1220/602 1043/1204/602 1058/1231/602
f 1036/1206/603 1051/1232/603 1050/1230/603
f 1044/1207/1066 1059/1233/1066 1058/1231/1066
f 1036/1206/605 1037/1208/605 1052/1234/605
f 1045/1209/606 1060/1235/606 1059/1233/606
f 1037/1208/607 1038/1210/607 1053/1236/607
f 1046/1211/608 1061/1237/608 1060/1235/608
f 1038/1210/609 1039/1212/609 1054/1222/609
f 1059/1233/610 1074/1239/610 1073/1238/610
f 1051/1232/611 1052/1234/611 1067/1240/611
f 1060/1235/1067 1075/1241/1067 1074/1239/1067
f 1052/1234/613 1053/1236/613 1068/1242/613
f 1061/1237/614 1076/1243/614 1075/1241/614
f 1053/1236/615 1054/1222/615 1069/1244/615
f 1061/1237/616 1062/1221/616 1077/1245/616
f 1055/1223/617 1070/1246/617 1069/1244/617
f 1062/1221/1068 1063/1224/1068 1078/1247/1068
f 1055/1223/619 1056/1225/619 1071/1248/619
f 1049/1227/620 1064/1250/620 1079/1249/620
f 1305/1251/621 1078/1247/621 1063/1224/621
f 1057/1229/1069 1072/1252/1069 1071/1248/1069
f 1049/1227/1070 1050/1230/1070 1065/1253/1070
f 1057/1229/624 1058/1231/624 1073/1238/624
f 1051/1232/625 1066/1254/625 1065/1253/625
f 1077/1245/626 1078/1247/626 1094/1255/626
f 1070/1246/627 1071/1248/627 1087/1256/627
f 1064/1250/628 1080/1258/628 1079/1257/628
f 1305/1259/629 1094/1255/629 1078/1247/629
f 1072/1252/630 1088/1260/630 1087/1256/630
f 1065/1253/631 1081/1261/631 1080/1258/631
f 1073/1238/632 1089/1262/632 1088/1260/632
f 1065/1253/633 1066/1254/633 1082/1263/633
f 1073/1238/634 1074/1239/634 1090/1264/634
f 1067/1240/635 1083/1265/635 1082/1263/635
f 1075/1241/636 1091/1266/636 1090/1264/636
f 1067/1240/1071 1068/1242/1071 1084/1267/1071
f 1075/1241/638 1076/1243/638 1092/1268/638
f 1069/1244/639 1085/1269/639 1084/1267/639
f 1077/1245/640 1093/1270/640 1092/1268/640
f 1069/1244/641 1070/1246/641 1086/1271/641
f 1083/1265/642 1098/1273/642 1097/1272/642
f 1091/1266/643 1106/1275/643 1105/1274/643
f 1083/1265/644 1084/1267/644 1099/1276/644
f 1091/1266/645 1092/1268/645 1107/1277/645
f 1084/1267/646 1085/1269/646 1100/1278/646
f 1092/1268/647 1093/1270/647 1108/1279/647
f 1085/1269/648 1086/1271/648 1101/1280/648
f 1094/1255/649 1109/1281/649 1108/1279/649
f 1087/1256/650 1102/1282/650 1101/1280/650
f 1080/1258/651 1095/1284/651 1079/1283/651
f 1305/1285/652 1109/1281/652 1094/1255/652
f 1087/1256/653 1088/1260/653 1103/1286/653
f 1080/1258/1072 1081/1261/1072 1096/1287/1072
f 1089/1262/655 1104/1288/655 1103/1286/655
f 1082/1263/656 1097/1272/656 1096/1287/656
f 1089/1262/1073 1090/1264/1073 1105/1274/1073
f 1102/1282/658 1117/1290/658 1116/1289/658
f 1095/1284/659 1110/1292/659 1079/1291/659
f 1305/1293/660 1124/1294/660 1109/1281/660
f 1102/1282/661 1103/1286/661 1118/1295/661
f 1096/1287/662 1111/1296/662 1110/1292/662
f 1103/1286/663 1104/1288/663 1119/1297/663
f 1097/1272/664 1112/1298/664 1111/1296/664
f 1104/1288/665 1105/1274/665 1120/1299/665
f 1098/1273/666 1113/1300/666 1112/1298/666
f 1106/1275/667 1121/1301/667 1120/1299/667
f 1098/1273/668 1099/1276/668 1114/1302/668
f 1106/1275/669 1107/1277/669 1122/1303/669
f 1100/1278/670 1115/1304/670 1114/1302/670
f 1108/1279/671 1123/1305/671 1122/1303/671
f 1101/1280/672 1116/1289/672 1115/1304/672
f 1108/1279/673 1109/1281/673 1124/1294/673
f 1120/1299/1074 1121/1301/1074 1136/1306/1074
f 1114/1302/675 1129/1308/675 1128/1307/675
f 1122/1303/676 1137/1309/676 1136/1306/676
f 1114/1302/677 1115/1304/677 1130/1310/677
f 1122/1303/678 1123/1305/678 1138/1311/678
f 1115/1304/679 1116/1289/679 1131/1312/679
f 1124/1294/1075 1139/1313/1075 1138/1311/1075
f 1116/1289/681 1117/1290/681 1132/1314/681
f 1110/1292/682 1125/1316/682 1079/1315/682
f 1305/1317/683 1139/1313/683 1124/1294/683
f 1118/1295/684 1133/1318/684 1132/1314/684
f 1110/1292/685 1111/1296/685 1126/1319/685
f 1119/1297/686 1134/1320/686 1133/1318/686
f 1112/1298/687 1127/1321/687 1126/1319/687
f 1120/1299/688 1135/1322/688 1134/1320/688
f 1112/1298/689 1113/1300/689 1128/1307/689
f 1125/1316/690 1140/1324/690 1079/1323/690
f 1305/1325/691 1154/1326/691 1139/1313/691
f 1133/1318/692 1148/1328/692 1147/1327/692
f 1125/1316/693 1126/1319/693 1141/1329/693
f 1133/1318/694 1134/1320/694 1149/1330/694
f 1127/1321/695 1142/1331/695 1141/1329/695
f 1135/1322/696 1150/1332/696 1149/1330/696
f 1127/1321/1076 1128/1307/1076 1143/1333/1076
f 1135/1322/698 1136/1306/698 1151/1334/698
f 1129/1308/1077 1144/1335/1077 1143/1333/1077
f 1137/1309/700 1152/1336/700 1151/1334/700
f 1129/1308/701 1130/1310/701 1145/1337/701
f 1137/1309/702 1138/1311/702 1153/1338/702
f 1131/1312/703 1146/1339/703 1145/1337/703
f 1139/1313/704 1154/1326/704 1153/1338/704
f 1131/1312/1078 1132/1314/1078 1147/1327/1078
f 1144/1335/706 1159/1341/706 1158/1340/706
f 1151/1334/707 1152/1336/707 1167/1342/707
f 1144/1335/708 1145/1337/708 1160/1343/708
f 1152/1336/709 1153/1338/709 1168/1344/709
f 1146/1339/710 1161/1345/710 1160/1343/710
f 1153/1338/711 1154/1326/711 1169/1346/711
f 1146/1339/712 1147/1327/712 1162/1347/712
f 1140/1324/1079 1155/1349/1079 1079/1348/1079
f 1305/1350/1080 1169/1346/1080 1154/1326/1080
f 1148/1328/1081 1163/1351/1081 1162/1347/1081
f 1141/1329/716 1156/1352/716 1155/1349/716
f 1148/1328/717 1149/1330/717 1164/1353/717
f 1142/1331/718 1157/1354/718 1156/1352/718
f 1149/1330/1082 1150/1332/1082 1165/1355/1082
f 1143/1333/720 1158/1340/720 1157/1354/720
f 1150/1332/721 1151/1334/721 1166/1356/721
f 1162/1347/722 1163/1351/722 1178/1357/722
f 1156/1352/1083 1171/1359/1083 1170/1358/1083
f 1163/1351/724 1164/1353/724 1179/1360/724
f 1157/1354/725 1172/1361/725 1171/1359/725
f 1164/1353/726 1165/1355/726 1180/1362/726
f 1158/1340/727 1173/1363/727 1172/1361/727
f 1166/1356/728 1181/1364/728 1180/1362/728
f 1158/1340/729 1159/1341/729 1174/1365/729
f 1166/1356/1084 1167/1342/1084 1182/1366/1084
f 1160/1343/731 1175/1367/731 1174/1365/731
f 1168/1344/732 1183/1368/732 1182/1366/732
f 1161/1345/733 1176/1369/733 1175/1367/733
f 1168/1344/734 1169/1346/734 1184/1370/734
f 1162/1347/735 1177/1371/735 1176/1369/735
f 1155/1349/736 1170/1358/736 1079/1372/736
f 1305/1373/1085 1184/1370/1085 1169/1346/1085
f 1181/1364/738 1182/1366/738 1197/1374/738
f 1175/1367/739 1190/1376/739 1189/1375/739
f 1183/1368/740 1198/1377/740 1197/1374/740
f 1175/1367/741 1176/1369/741 1191/1378/741
f 1183/1368/742 1184/1370/742 1199/1379/742
f 1177/1371/743 1192/1380/743 1191/1378/743
f 1170/1358/744 1185/1382/744 1079/1381/744
f 1305/1383/745 1199/1379/745 1184/1370/745
f 1177/1371/746 1178/1357/746 1193/1384/746
f 1171/1359/747 1186/1385/747 1185/1382/747
f 1179/1360/1086 1194/1386/1086 1193/1384/1086
f 1172/1361/749 1187/1387/749 1186/1385/749
f 1179/1360/750 1180/1362/750 1195/1388/750
f 1173/1363/751 1188/1389/751 1187/1387/751
f 1180/1362/752 1181/1364/752 1196/1390/752
f 1174/1365/753 1189/1375/753 1188/1389/753
f 1194/1386/1087 1209/1392/1087 1208/1391/1087
f 1186/1385/755 1187/1387/755 1202/1393/755
f 1194/1386/756 1195/1388/756 1210/1394/756
f 1187/1387/757 1188/1389/757 1203/1395/757
f 1195/1388/758 1196/1390/758 1211/1396/758
f 1189/1375/759 1204/1397/759 1203/1395/759
f 1196/1390/760 1197/1374/760 1212/1398/760
f 1190/1376/761 1205/1399/761 1204/1397/761
f 1198/1377/762 1213/1400/762 1212/1398/762
f 1190/1376/763 1191/1378/763 1206/1401/763
f 1199/1379/1088 1214/1402/1088 1213/1400/1088
f 1192/1380/765 1207/1403/765 1206/1401/765
f 1185/1382/1089 1200/1405/1089 1079/1404/1089
f 1305/1406/1090 1214/1402/1090 1199/1379/1090
f 1192/1380/768 1193/1384/768 1208/1391/768
f 1185/1382/769 1186/1385/769 1201/1407/769
f 1212/1398/770 1213/1400/770 1228/1408/770
f 1206/1401/1091 1221/1410/1091 1220/1409/1091
f 1214/1402/1092 1229/1411/1092 1228/1408/1092
f 1207/1403/773 1222/1412/773 1221/1410/773
f 1200/1405/774 1215/1414/774 1079/1413/774
f 1305/1415/775 1229/1411/775 1214/1402/775
f 1207/1403/776 1208/1391/776 1223/1416/776
f 1200/1405/777 1201/1407/777 1216/1417/777
f 1209/1392/778 1224/1418/778 1223/1416/778
f 1202/1393/779 1217/1419/779 1216/1417/779
f 1210/1394/1093 1225/1420/1093 1224/1418/1093
f 1202/1393/1094 1203/1395/1094 1218/1421/1094
f 1211/1396/782 1226/1422/782 1225/1420/782
f 1203/1395/783 1204/1397/783 1219/1423/783
f 1212/1398/1095 1227/1424/1095 1226/1422/1095
f 1204/1397/785 1205/1399/785 1220/1409/785
f 1216/1417/786 1217/1419/786 1232/1425/786
f 1224/1418/787 1225/1420/787 1240/1426/787
f 1218/1421/788 1233/1427/788 1232/1425/788
f 1225/1420/789 1226/1422/789 1241/1428/789
f 1219/1423/790 1234/1429/790 1233/1427/790
f 1226/1422/791 1227/1424/791 1242/1430/791
f 1220/1409/792 1235/1431/792 1234/1429/792
f 1228/1408/793 1243/1432/793 1242/1430/793
f 1221/1410/794 1236/1433/794 1235/1431/794
f 1228/1408/795 1229/1411/795 1244/1434/795
f 1222/1412/796 1237/1435/796 1236/1433/796
f 1215/1414/1096 1230/1437/1096 1079/1436/1096
f 1305/1438/798 1244/1434/798 1229/1411/798
f 1222/1412/799 1223/1416/799 1238/1439/799
f 1216/1417/1097 1231/1440/1097 1230/1437/1097
f 1223/1416/801 1224/1418/801 1239/1441/801
f 1235/1431/802 1236/1433/802 1251/1442/802
f 1244/1434/803 1259/1444/803 1258/1443/803
f 1237/1435/804 1252/1445/804 1251/1442/804
f 1230/1437/805 1245/1447/805 1079/1446/805
f 1305/1448/806 1259/1444/806 1244/1434/806
f 1237/1435/807 1238/1439/807 1253/1449/807
f 1230/1437/808 1231/1440/808 1246/1450/808
f 1238/1439/809 1239/1441/809 1254/1451/809
f 1232/1425/810 1247/1452/810 1246/1450/810
f 1240/1426/811 1255/1453/811 1254/1451/811
f 1232/1425/812 1233/1427/812 1248/1454/812
f 1241/1428/813 1256/1455/813 1255/1453/813
f 1234/1429/1098 1249/1456/1098 1248/1454/1098
f 1242/1430/815 1257/1457/815 1256/1455/815
f 1234/1429/816 1235/1431/816 1250/1458/816
f 1242/1430/817 1243/1432/817 1258/1443/817
f 1254/1451/818 1255/1453/818 1270/1459/818
f 1247/1452/819 1248/1454/819 1263/1460/819
f 1255/1453/820 1256/1455/820 1271/1461/820
f 1249/1456/821 1264/1462/821 1263/1460/821
f 1257/1457/822 1272/1463/822 1271/1461/822
f 1249/1456/1099 1250/1458/1099 1265/1464/1099
f 1257/1457/1100 1258/1443/1100 1273/1465/1100
f 1251/1442/825 1266/1466/825 1265/1464/825
f 1258/1443/826 1259/1444/826 1274/1467/826
f 1252/1445/827 1267/1468/827 1266/1466/827
f 1245/1447/828 1260/1470/828 1079/1469/828
f 1305/1471/829 1274/1467/829 1259/1444/829
f 1252/1445/1101 1253/1449/1101 1268/1472/1101
f 1246/1450/831 1261/1473/831 1260/1470/831
f 1253/1449/832 1254/1451/832 1269/1474/832
f 1246/1450/833 1247/1452/833 1262/1475/833
f 1273/1465/834 1274/1467/834 1289/1476/834
f 1266/1466/835 1267/1468/835 1282/1477/835
f 1260/1470/836 1275/1479/836 1079/1478/836
f 1305/1480/837 1289/1476/837 1274/1467/837
f 1268/1472/838 1283/1481/838 1282/1477/838
f 1261/1473/839 1276/1482/839 1275/1479/839
f 1268/1472/840 1269/1474/840 1284/1483/840
f 1262/1475/841 1277/1484/841 1276/1482/841
f 1270/1459/842 1285/1485/842 1284/1483/842
f 1262/1475/843 1263/1460/843 1278/1486/843
f 1271/1461/844 1286/1487/844 1285/1485/844
f 1263/1460/845 1264/1462/845 1279/1488/845
f 1272/1463/1102 1287/1489/1102 1286/1487/1102
f 1264/1462/847 1265/1464/847 1280/1490/847
f 1273/1465/848 1288/1491/848 1287/1489/848
f 1266/1466/849 1281/1492/849 1280/1490/849
f 1277/1484/850 1278/1486/850 1293/1493/850
f 1286/1487/851 1301/1495/851 1300/1494/851
f 1278/1486/852 1279/1488/852 1294/1496/852
f 1287/1489/853 1302/1497/853 1301/1495/853
f 1279/1488/854 1280/1490/854 1295/1498/854
f 1288/1491/855 1303/1499/855 1302/1497/855
f 1281/1492/856 1296/1500/856 1295/1498/856
f 1289/1476/857 1304/1501/857 1303/1499/857
f 1281/1492/858 1282/1477/858 1297/1502/858
f 1275/1479/1103 1290/1504/1103 1079/1503/1103
f 1305/1505/1104 1304/1501/1104 1289/1476/1104
f 1283/1481/861 1298/1506/861 1297/1502/861
f 1275/1479/862 1276/1482/862 1291/1507/862
f 1283/1481/863 1284/1483/863 1299/1508/863
f 1276/1482/864 1277/1484/864 1292/1509/864
f 1285/1485/865 1300/1494/865 1299/1508/865
f 1296/1500/1105 1297/1502/1105 1313/1510/1105
f 1290/1504/867 1306/1512/867 1079/1511/867
f 1305/1513/868 1320/1514/868 1304/1501/868
f 1298/1506/869 1314/1515/869 1313/1510/869
f 1290/1504/870 1291/1507/870 1307/1516/870
f 1298/1506/1106 1299/1508/1106 1315/1517/1106
f 1292/1509/872 1308/1518/872 1307/1516/872
f 1300/1494/873 1316/1519/873 1315/1517/873
f 1292/1509/874 1293/1493/874 1309/1520/874
f 1300/1494/875 1301/1495/875 1317/1521/875
f 1294/1496/1107 1310/1522/1107 1309/1520/1107
f 1302/1497/877 1318/1523/877 1317/1521/877
f 1295/1498/1108 1311/1524/1108 1310/1522/1108
f 1302/1497/879 1303/1499/879 1319/1525/879
f 1296/1500/880 1312/1526/880 1311/1524/880
f 1303/1499/1109 1304/1501/1109 1320/1514/1109
f 1316/1519/882 1317/1521/882 1332/1527/882
f 1310/1522/883 1325/1529/883 1324/1528/883
f 1318/1523/1110 1333/1530/1110 1332/1527/1110
f 1311/1524/885 1326/1531/885 1325/1529/885
f 1319/1525/886 1334/1532/886 1333/1530/886
f 1311/1524/887 1312/1526/887 1327/1533/887
f 1319/1525/888 1320/1514/888 1335/1534/888
f 1312/1526/889 1313/1510/889 1328/1535/889
f 1306/1512/890 1321/1537/890 1079/1536/890
f 1305/1538/891 1335/1534/891 1320/1514/891
f 1314/1515/892 1329/1539/892 1328/1535/892
f 1306/1512/893 1307/1516/893 1322/1540/893
f 1315/1517/894 1330/1541/894 1329/1539/894
f 1307/1516/895 1308/1518/895 1323/1542/895
f 1315/1517/896 1316/1519/896 1331/1543/896
f 1308/1518/1111 1309/1520/1111 1324/1528/1111
f 1305/1544/898 1350/1545/898 1335/1534/898
f 1329/1539/899 1344/1547/899 1343/1546/899
f 1322/1540/900 1337/1549/900 1336/1548/900
f 1330/1541/901 1345/1550/901 1344/1547/901
f 1322/1540/902 1323/1542/902 1338/1551/902
f 1330/1541/903 1331/1543/903 1346/1552/903
f 1323/1542/904 1324/1528/904 1339/1553/904
f 1331/1543/905 1332/1527/905 1347/1554/905
f 1325/1529/906 1340/1555/906 1339/1553/906
f 1332/1527/907 1333/1530/907 1348/1556/907
f 1325/1529/908 1326/1531/908 1341/1557/908
f 1334/1532/909 1349/1558/909 1348/1556/909
f 1326/1531/910 1327/1533/910 1342/1559/910
f 1334/1532/911 1335/1534/911 1350/1545/911
f 1327/1533/912 1328/1535/912 1343/1546/912
f 1321/1537/913 1336/1548/913 1079/1560/913
f 1348/1556/914 1363/1562/914 1362/1561/914
f 1340/1555/915 1341/1557/915 1356/1563/915
f 1349/1558/916 1364/1564/916 1363/1562/916
f 1342/1559/917 1357/1565/917 1356/1563/917
f 1350/1545/918 1365/1566/918 1364/1564/918
f 1342/1559/919 1343/1546/919 1358/1567/919
f 1336/1548/920 1351/1569/920 1079/1568/920
f 1305/1570/921 1365/1566/921 1350/1545/921
f 1344/1547/922 1359/1571/922 1358/1567/922
f 1336/1548/923 1337/1549/923 1352/1572/923
f 1344/1547/924 1345/1550/924 1360/1573/924
f 1337/1549/925 1338/1551/925 1353/1574/925
f 1346/1552/926 1361/1575/926 1360/1573/926
f 1338/1551/927 1339/1553/927 1354/1576/927
f 1347/1554/928 1362/1561/928 1361/1575/928
f 1339/1553/929 1340/1555/929 1355/1577/929
f 1352/1578/930 1367/1580/930 1366/1579/930
f 1359/1581/931 1360/1583/931 1375/1582/931
f 1353/1584/932 1368/1585/932 1367/1580/932
f 1360/1583/1112 1361/1587/1112 1376/1586/1112
f 1354/1588/934 1369/1589/934 1368/1585/934
f 1361/1587/935 1362/1591/935 1377/1590/935
f 1355/1592/936 1370/1593/936 1369/1589/936
f 1362/1591/937 1363/1595/937 1378/1594/937
f 1355/1592/938 1356/1597/938 1371/1596/938
f 1363/1595/939 1364/1599/939 1379/1598/939
f 1357/1600/940 1372/1601/940 1371/1596/940
f 1364/1599/941 1365/1603/941 1380/1602/941
f 1357/1600/942 1358/1605/942 1373/1604/942
f 1351/1606/943 1366/1579/943 1079/1607/943
f 1305/1608/944 1380/1602/944 1365/1603/944
f 1359/1581/945 1374/1609/945 1373/1604/945
f 1370/1593/946 1371/1596/946 1386/1610/946
f 1379/1598/947 1394/1612/947 1393/1611/947
f 1372/1601/948 1387/1613/948 1386/1610/948
f 1380/1602/949 1395/1614/949 1394/1612/949
f 1372/1601/950 1373/1604/950 1388/1615/950
f 1366/1579/951 1381/1617/951 1079/1616/951
f 1305/1618/952 1395/1614/952 1380/1602/952
f 1374/1609/1113 1389/1619/1113 1388/1615/1113
f 1366/1579/954 1367/1580/954 1382/1620/954
f 1375/1582/955 1390/1621/955 1389/1619/955
f 1367/1580/956 1368/1585/956 1383/1622/956
f 1376/1586/957 1391/1623/957 1390/1621/957
f 1368/1585/958 1369/1589/958 1384/1624/958
f 1377/1590/1114 1392/1625/1114 1391/1623/1114
f 1369/1589/960 1370/1593/960 1385/1626/960
f 1378/1594/961 1393/1611/961 1392/1625/961
f 1389/1619/962 1390/1621/962 1405/1627/962
f 1383/1622/963 1398/1629/963 1397/1628/963
f 1391/1623/964 1406/1630/964 1405/1627/964
f 1384/1624/965 1399/1631/965 1398/1629/965
f 1391/1623/966 1392/1625/966 1407/1632/966
f 1385/1626/967 1400/1633/967 1399/1631/967
f 1392/1625/968 1393/1611/968 1408/1634/968
f 1385/1626/969 1386/1610/969 1401/1635/969
f 1393/1611/970 1394/1612/970 1409/1636/970
f 1387/1613/971 1402/1637/971 1401/1635/971
f 1394/1612/972 1395/1614/972 1410/1638/972
f 1387/1613/973 1388/1615/973 1403/1639/973
f 1381/1617/974 1396/1641/974 1079/1640/974
f 1305/1642/975 1410/1638/975 1395/1614/975
f 1388/1615/976 1389/1619/976 1404/1643/976
f 1381/1617/977 1382/1620/977 1397/1628/977
f 1409/1636/978 1424/1645/978 1423/1644/978
f 1402/1637/979 1417/1647/979 1416/1646/979
f 1410/1638/980 1425/1648/980 1424/1645/980
f 1403/1639/981 1418/1649/981 1417/1647/981
f 1396/1641/1115 1411/1651/1115 1079/1650/1115
f 1305/1652/1116 1425/1648/1116 1410/1638/1116
f 1403/1639/984 1404/1643/984 1419/1653/984
f 1396/1641/985 1397/1628/985 1412/1654/985
f 1404/1643/986 1405/1627/986 1420/1655/986
f 1397/1628/987 1398/1629/987 1413/1656/987
f 1406/1630/988 1421/1657/988 1420/1655/988
f 1398/1629/1117 1399/1631/1117 1414/1658/1117
f 1407/1632/990 1422/1659/990 1421/1657/990
f 1399/1631/991 1400/1633/991 1415/1660/991
f 1408/1634/992 1423/1644/992 1422/1659/992
f 1400/1633/993 1401/1635/993 1416/1646/993
f 1413/1656/994 1428/1662/994 1427/1661/994
f 1420/1655/995 1421/1657/995 1436/1663/995
f 1414/1658/996 1429/1664/996 1428/1662/996
f 1422/1659/997 1437/1665/997 1436/1663/997
f 1415/1660/998 1430/1666/998 1429/1664/998
f 1422/1659/1118 1423/1644/1118 1438/1667/1118
f 1416/1646/1000 1431/1668/1000 1430/1666/1000
f 1423/1644/1001 1424/1645/1001 1439/1669/1001
f 1417/1647/1002 1432/1670/1002 1431/1668/1002
f 1424/1645/1003 1425/1648/1003 1440/1671/1003
f 1417/1647/1004 1418/1649/1004 1433/1672/1004
f 1411/1651/1005 1426/1674/1005 1079/1673/1005
f 1305/1675/1119 1440/1671/1119 1425/1648/1119
f 1419/1653/1007 1434/1676/1007 1433/1672/1007
f 1412/1654/1008 1427/1661/1008 1426/1674/1008
f 1419/1653/1120 1420/1655/1120 1435/1677/1120
f 1431/1668/1010 1432/1670/1010 1447/1678/1010
f 1440/1671/1011 1455/1680/1011 1454/1679/1011
f 1432/1670/1012 1433/1672/1012 1448/1681/1012
f 1426/1674/1013 1441/1683/1013 1079/1682/1013
f 1305/1684/1121 1455/1680/1121 1440/1671/1121
f 1434/1676/1015 1449/1685/1015 1448/1681/1015
f 1426/1674/1016 1427/1661/1016 1442/1686/1016
f 1435/1677/1122 1450/1687/1122 1449/1685/1122
f 1428/1662/1018 1443/1688/1018 1442/1686/1018
f 1435/1677/1019 1436/1663/1019 1451/1689/1019
f 1429/1664/1020 1444/1690/1020 1443/1688/1020
f 1436/1663/1021 1437/1665/1021 1452/1691/1021
f 1430/1666/1123 1445/1692/1123 1444/1690/1123
f 1437/1665/1023 1438/1667/1023 1453/1693/1023
f 1431/1668/1024 1446/1694/1024 1445/1692/1024
f 1439/1669/1124 1454/1679/1124 1453/1693/1124
f 1451/1689/1026 1466/1696/1026 1465/1695/1026
f 1444/1690/1027 1459/1698/1027 1458/1697/1027
f 1452/1691/1028 1467/1699/1028 1466/1696/1028
f 1444/1690/1029 1445/1692/1029 1460/1700/1029
f 1452/1691/1125 1453/1693/1125 1468/1701/1125
f 1445/1692/1126 1446/1694/1126 1461/1702/1126
f 1454/1679/1032 1469/1703/1032 1468/1701/1032
f 1446/1694/1033 1447/1678/1033 1462/1704/1033
f 1454/1679/1034 1455/1680/1034 1470/1705/1034
f 1448/1681/1035 1463/1706/1035 1462/1704/1035
f 1441/1683/1036 1456/1708/1036 1079/1707/1036
f 1305/1709/1037 1470/1705/1037 1455/1680/1037
f 1448/1681/1038 1449/1685/1038 1464/1710/1038
f 1442/1686/1039 1457/1711/1039 1456/1708/1039
f 1450/1687/1040 1465/1695/1040 1464/1710/1040
f 1442/1686/1041 1443/1688/1041 1458/1697/1041
f 1470/1705/1042 1479/1157/1042 1478/1155/1042
f 1463/1706/1043 1001/1160/1043 1000/1158/1043
f 1456/1708/1127 1471/1161/1127 1079/1712/1127
f 1305/1713/1128 1479/1157/1128 1470/1705/1128
f 1463/1706/1046 1464/1710/1046 1002/1166/1046
f 1456/1708/1047 1457/1711/1047 1472/1167/1047
f 1465/1695/1048 1475/1169/1048 1002/1166/1048
f 1457/1711/1049 1458/1697/1049 998/1171/1049
f 1465/1695/1050 1466/1696/1050 1003/1174/1050
f 1459/1698/1051 1473/1175/1051 998/1171/1051
f 1467/1699/1052 1476/1178/1052 1003/1174/1052
f 1459/1698/1053 1460/1700/1053 999/1179/1053
f 1467/1699/1054 1468/1701/1054 1477/1182/1054
f 1461/1702/1055 1474/1183/1055 999/1179/1055
f 1469/1703/1129 1478/1155/1129 1477/1182/1129
f 1462/1704/1130 1000/1158/1130 1474/1183/1130
f 5/1/1 16/2/1 15/31/1
f 1/4/2 8/5/2 475/32/2
f 478/3/3 17/7/3 16/2/3
f 476/9/4 9/6/4 1/4/4
f 6/8/5 18/11/5 17/7/5
f 2/13/6 10/10/6 476/9/6
f 479/12/7 19/15/7 18/11/7
f 477/17/8 11/14/8 2/13/8
f 480/16/9 20/19/9 19/15/9
f 3/21/10 12/18/10 477/17/10
f 481/20/11 21/23/11 20/19/11
f 3/21/1131 14/25/1131 13/22/1131
f 4/26/1132 15/31/1132 14/25/1132
f 475/32/16 7/29/16 474/27/16
f 14/25/17 30/33/17 29/46/17
f 7/29/18 23/34/18 22/48/18
f 15/31/19 31/35/19 30/33/19
f 8/5/20 24/36/20 23/34/20
f 16/2/21 32/37/21 31/35/21
f 9/6/22 25/38/22 24/36/22
f 17/7/23 33/39/23 32/37/23
f 10/10/24 26/40/24 25/38/24
f 19/15/25 33/39/25 18/11/25
f 11/14/26 27/42/26 26/40/26
f 20/19/27 34/41/27 19/15/27
f 13/22/28 27/42/28 12/18/28
f 20/19/29 36/45/29 35/43/29
f 13/22/30 29/46/30 28/44/30
f 34/41/33 48/50/33 33/39/33
f 26/40/34 42/52/34 41/66/34
f 34/41/1133 50/53/1133 49/51/1133
f 27/42/36 43/54/36 42/52/36
f 35/43/37 51/55/37 50/53/37
f 28/44/38 44/56/38 43/54/38
f 30/33/41 44/56/41 29/46/41
f 22/48/42 38/61/42 37/58/42
f 30/33/43 46/62/43 45/60/43
f 23/34/1134 39/63/1134 38/61/1134
f 32/37/45 46/62/45 31/35/45
f 24/36/46 40/65/46 39/63/46
f 33/39/47 47/64/47 32/37/47
f 25/38/48 41/66/48 40/65/48
f 37/58/49 53/67/49 52/81/49
f 45/60/50 61/68/50 60/83/50
f 38/61/51 54/69/51 53/67/51
f 47/64/52 61/68/52 46/62/52
f 39/63/53 55/71/53 54/69/53
f 47/64/54 63/72/54 62/70/54
f 40/65/55 56/73/55 55/71/55
f 48/50/56 64/74/56 63/72/56
f 41/66/57 57/75/57 56/73/57
f 49/51/58 65/76/58 64/74/58
f 43/54/59 57/75/59 42/52/59
f 50/53/60 66/78/60 65/76/60
f 44/56/61 58/77/61 43/54/61
f 44/56/64 60/83/64 59/79/64
f 56/73/65 72/84/65 71/100/65
f 65/76/66 79/85/66 64/74/66
f 58/77/67 72/84/67 57/75/67
f 65/76/1135 81/88/1135 80/86/1135
f 59/79/69 73/87/69 58/77/69
f 59/79/72 75/93/72 74/89/72
f 52/81/73 68/94/73 67/91/73
f 60/83/74 76/95/74 75/93/74
f 53/67/75 69/96/75 68/94/75
f 62/70/76 76/95/76 61/68/76
f 54/69/77 70/98/77 69/96/77
f 62/70/78 78/99/78 77/97/78
f 56/73/79 70/98/79 55/71/79
f 63/72/80 79/85/80 78/99/80
f 75/93/81 92/101/81 91/116/81
f 68/94/82 85/102/82 84/117/82
f 77/97/83 92/101/83 76/95/83
f 69/96/84 86/104/84 85/102/84
f 77/97/85 94/105/85 93/103/85
f 71/100/86 86/104/86 70/98/86
f 78/99/87 95/107/87 94/105/87
f 71/100/88 88/108/88 87/106/88
f 79/85/89 96/109/89 95/107/89
f 73/87/90 88/108/90 72/84/90
f 81/88/91 96/109/91 80/86/91
f 74/89/92 89/110/92 73/87/92
f 74/89/95 91/116/95 90/112/95
f 67/91/96 84/117/96 83/114/96
f 96/109/97 110/118/97 95/107/97
f 89/110/98 103/120/98 88/108/98
f 96/109/99 112/122/99 111/119/99
f 90/112/100 104/121/100 89/110/100
f 90/112/103 106/127/103 105/123/103
f 84/117/104 98/125/104 83/114/104
f 91/116/105 107/129/105 106/127/105
f 84/117/106 100/130/106 99/128/106
f 93/103/107 107/129/107 92/101/107
f 85/102/108 101/132/108 100/130/108
f 93/103/109 109/133/109 108/131/109
f 87/106/110 101/132/110 86/104/110
f 95/107/111 109/133/111 94/105/111
f 87/106/112 103/120/112 102/134/112
f 108/131/113 122/135/113 107/129/113
f 100/130/114 116/137/114 115/151/114
f 108/131/115 124/138/115 123/136/115
f 102/134/116 116/137/116 101/132/116
f 110/118/117 124/138/117 109/133/117
f 102/134/118 118/141/118 117/139/118
f 110/118/119 126/142/119 125/140/119
f 104/121/120 118/141/120 103/120/120
f 111/119/121 127/144/121 126/142/121
f 105/123/122 119/143/122 104/121/122
f 105/123/125 121/149/125 120/145/125
f 99/128/126 113/147/126 98/125/126
f 106/127/127 122/135/127 121/149/127
f 99/128/128 115/151/128 114/150/128
f 126/142/129 142/152/129 141/168/129
f 120/145/130 134/153/130 119/143/130
f 120/145/133 136/158/133 135/154/133
f 113/147/134 129/159/134 128/156/134
f 121/149/135 137/160/135 136/158/135
f 114/150/136 130/161/136 129/159/136
f 123/136/137 137/160/137 122/135/137
f 115/151/138 131/163/138 130/161/138
f 123/136/139 139/164/139 138/162/139
f 117/139/140 131/163/140 116/137/140
f 125/140/141 139/164/141 124/138/141
f 117/139/142 133/167/142 132/165/142
f 125/140/143 141/168/143 140/166/143
f 119/143/144 133/167/144 118/141/144
f 130/161/145 146/169/145 145/184/145
f 138/162/146 154/170/146 153/185/146
f 132/165/147 146/169/147 131/163/147
f 140/166/148 154/170/148 139/164/148
f 132/165/149 148/173/149 147/171/149
f 140/166/150 156/174/150 155/172/150
f 134/153/151 148/173/151 133/167/151
f 142/152/152 156/174/152 141/168/152
f 135/154/153 149/175/153 134/153/153
f 135/154/156 151/181/156 150/177/156
f 128/156/157 144/182/157 143/179/157
f 136/158/158 152/183/158 151/181/158
f 130/161/159 144/182/159 129/159/159
f 138/162/160 152/183/160 137/160/160
f 150/177/161 164/186/161 149/175/161
f 150/177/164 166/192/164 165/187/164
f 143/179/165 159/193/165 158/189/165
f 151/181/166 167/194/166 166/192/166
f 145/184/1136 159/193/1136 144/182/1136
f 153/185/168 167/194/168 152/183/168
f 145/184/169 161/197/169 160/195/169
f 153/185/170 169/198/170 168/196/170
f 147/171/171 161/197/171 146/169/171
f 155/172/172 169/198/172 154/170/172
f 147/171/173 163/201/173 162/199/173
f 155/172/1137 171/202/1137 170/200/1137
f 149/175/175 163/201/175 148/173/175
f 156/174/176 172/191/176 171/202/176
f 168/196/177 184/203/177 183/219/177
f 162/199/178 176/204/178 161/197/178
f 169/198/179 185/206/179 184/203/179
f 162/199/180 178/207/180 177/205/180
f 171/202/181 185/206/181 170/200/181
f 164/186/182 178/207/182 163/201/182
f 172/191/183 186/208/183 171/202/183
f 165/187/184 179/209/184 164/186/184
f 165/187/187 181/215/187 180/211/187
f 158/189/188 174/216/188 173/213/188
f 166/192/189 182/217/189 181/215/189
f 159/193/190 175/218/190 174/216/190
f 168/196/191 182/217/191 167/194/191
f 160/195/192 176/204/192 175/218/192
f 180/211/195 196/224/195 195/236/195
f 174/216/196 188/221/196 173/213/196
f 181/215/197 197/226/197 196/224/197
f 175/218/198 189/225/198 174/216/198
f 183/219/199 197/226/199 182/217/199
f 175/218/200 191/229/200 190/227/200
f 183/219/201 199/230/201 198/228/201
f 177/205/202 191/229/202 176/204/202
f 185/206/203 199/230/203 184/203/203
f 177/205/204 193/233/204 192/231/204
f 185/206/205 201/234/205 200/232/205
f 179/209/206 193/233/206 178/207/206
f 186/208/207 202/223/207 201/234/207
f 180/211/208 194/235/208 179/209/208
f 192/231/209 206/237/209 191/229/209
f 200/232/210 214/239/210 199/230/210
f 192/231/211 208/241/211 207/238/211
f 200/232/1138 216/242/1138 215/240/1138
f 194/235/213 208/241/213 193/233/213
f 201/234/214 217/244/214 216/242/214
f 195/236/215 209/243/215 194/235/215
f 195/236/218 211/249/218 210/245/218
f 188/221/219 204/250/219 203/247/219
f 196/224/220 212/251/220 211/249/220
f 189/225/221 205/252/221 204/250/221
f 198/228/222 212/251/222 197/226/222
f 190/227/223 206/237/223 205/252/223
f 198/228/224 214/239/224 213/253/224
f 210/245/225 226/254/225 225/267/225
f 203/247/226 219/255/226 218/269/226
f 211/249/227 227/256/227 226/254/227
f 204/250/228 220/257/228 219/255/228
f 213/253/229 227/256/229 212/251/229
f 205/252/230 221/259/230 220/257/230
f 213/253/231 229/260/231 228/258/231
f 207/238/232 221/259/232 206/237/232
f 215/240/233 229/260/233 214/239/233
f 207/238/234 223/263/234 222/261/234
f 215/240/235 231/264/235 230/262/235
f 209/243/236 223/263/236 208/241/236
f 216/242/237 232/266/237 231/264/237
f 210/245/238 224/265/238 209/243/238
f 230/262/241 244/271/241 229/260/241
f 222/261/242 238/273/242 237/287/242
f 230/262/243 246/274/243 245/272/243
f 224/265/244 238/273/244 223/263/244
f 232/266/245 246/274/245 231/264/245
f 225/267/246 239/275/246 224/265/246
f 225/267/249 241/281/249 240/277/249
f 218/269/250 234/282/250 233/279/250
f 226/254/251 242/283/251 241/281/251
f 220/257/252 234/282/252 219/255/252
f 228/258/253 242/283/253 227/256/253
f 220/257/254 236/286/254 235/284/254
f 228/258/255 244/271/255 243/285/255
f 222/261/256 236/286/256 221/259/256
f 241/281/257 257/288/257 256/303/257
f 234/282/258 250/289/258 249/304/258
f 243/285/259 257/288/259 242/283/259
f 235/284/260 251/291/260 250/289/260
f 243/285/261 259/292/261 258/290/261
f 237/287/262 251/291/262 236/286/262
f 245/272/263 259/292/263 244/271/263
f 237/287/264 253/295/264 252/293/264
f 245/272/265 261/296/265 260/294/265
f 239/275/266 253/295/266 238/273/266
f 246/274/267 262/298/267 261/296/267
f 240/277/1139 254/297/1139 239/275/1139
f 240/277/1140 256/303/1140 255/299/1140
f 233/279/272 249/304/272 248/301/272
f 260/294/273 276/305/273 275/321/273
f 254/297/274 268/306/274 253/295/274
f 261/296/275 277/308/275 276/305/275
f 255/299/276 269/307/276 254/297/276
f 255/299/279 271/313/279 270/309/279
f 249/304/280 263/311/280 248/301/280
f 256/303/281 272/315/281 271/313/281
f 249/304/282 265/316/282 264/314/282
f 258/290/283 272/315/283 257/288/283
f 250/289/284 266/318/284 265/316/284
f 258/290/285 274/319/285 273/317/285
f 252/293/286 266/318/286 251/291/286
f 260/294/287 274/319/287 259/292/287
f 252/293/288 268/306/288 267/320/288
f 264/314/1141 280/322/1141 279/338/1141
f 273/317/290 287/323/290 272/315/290
f 265/316/291 281/325/291 280/322/291
f 273/317/292 289/326/292 288/324/292
f 267/320/293 281/325/293 266/318/293
f 275/321/294 289/326/294 274/319/294
f 267/320/295 283/329/295 282/327/295
f 275/321/1142 291/330/1142 290/328/1142
f 269/307/297 283/329/297 268/306/297
f 277/308/298 291/330/298 276/305/298
f 270/309/299 284/331/299 269/307/299
f 270/309/302 286/337/302 285/333/302
f 264/314/303 278/335/303 263/311/303
f 271/313/304 287/323/304 286/337/304
f 284/331/305 298/339/305 283/329/305
f 292/332/306 306/341/306 291/330/306
f 285/333/307 299/340/307 284/331/307
f 285/333/310 301/347/310 300/343/310
f 278/335/311 294/348/311 293/345/311
f 286/337/312 302/349/312 301/347/312
f 279/338/313 295/350/313 294/348/313
f 288/324/314 302/349/314 287/323/314
f 280/322/315 296/352/315 295/350/315
f 288/324/316 304/353/316 303/351/316
f 282/327/317 296/352/317 281/325/317
f 290/328/318 304/353/318 289/326/318
f 282/327/319 298/339/319 297/354/319
f 290/328/320 306/341/320 305/355/320
f 303/351/321 318/356/321 302/349/321
f 295/350/322 312/358/322 311/372/322
f 303/351/323 320/359/323 319/357/323
f 297/354/324 312/358/324 296/352/324
f 305/355/325 320/359/325 304/353/325
f 297/354/326 314/362/326 313/360/326
f 305/355/327 322/363/327 321/361/327
f 299/340/328 314/362/328 298/339/328
f 306/341/1143 323/365/1143 322/363/1143
f 300/343/330 315/364/330 299/340/330
f 300/343/333 317/370/333 316/366/333
f 293/345/334 310/371/334 309/368/334
f 301/347/335 318/356/335 317/370/335
f 294/348/336 311/372/336 310/371/336
f 322/363/337 338/373/337 337/389/337
f 316/366/338 330/374/338 315/364/338
f 316/366/341 332/379/341 331/375/341
f 309/368/342 325/380/342 324/377/342
f 317/370/343 333/381/343 332/379/343
f 310/371/344 326/382/344 325/380/344
f 319/357/345 333/381/345 318/356/345
f 311/372/346 327/384/346 326/382/346
f 319/357/347 335/385/347 334/383/347
f 312/358/348 328/386/348 327/384/348
f 321/361/349 335/385/349 320/359/349
f 313/360/350 329/388/350 328/386/350
f 321/361/1144 337/389/1144 336/387/1144
f 315/364/352 329/388/352 314/362/352
f 326/382/353 342/390/353 341/405/353
f 334/383/354 350/391/354 349/406/354
f 328/386/355 342/390/355 327/384/355
f 336/387/356 350/391/356 335/385/356
f 328/386/357 344/394/357 343/392/357
f 336/387/358 352/395/358 351/393/358
f 330/374/359 344/394/359 329/388/359
f 337/389/360 353/397/360 352/395/360
f 331/375/361 345/396/361 330/374/361
f 331/375/364 347/402/364 346/398/364
f 324/377/365 340/403/365 339/400/365
f 332/379/366 348/404/366 347/402/366
f 325/380/367 341/405/367 340/403/367
f 334/383/368 348/404/368 333/381/368
f 346/398/1145 360/407/1145 345/396/1145
f 346/398/1146 362/413/1146 361/408/1146
f 339/400/373 355/414/373 354/410/373
f 347/402/374 363/415/374 362/413/374
f 341/405/375 355/414/375 340/403/375
f 349/406/376 363/415/376 348/404/376
f 341/405/377 357/418/377 356/416/377
f 349/406/378 365/419/378 364/417/378
f 343/392/379 357/418/379 342/390/379
f 351/393/380 365/419/380 350/391/380
f 343/392/381 359/422/381 358/420/381
f 351/393/382 367/423/382 366/421/382
f 345/396/383 359/422/383 344/394/383
f 352/395/384 368/412/384 367/423/384
f 364/424/385 380/425/385 379/454/385
f 358/427/386 372/428/386 357/455/386
f 366/430/387 380/425/387 365/426/387
f 358/427/388 374/432/388 373/429/388
f 366/430/389 382/434/389 381/431/389
f 360/436/390 374/432/390 359/433/390
f 367/435/391 383/438/391 382/434/391
f 361/440/1147 375/437/1147 360/436/1147
f 361/440/1148 377/446/1148 376/441/1148
f 354/442/396 370/448/396 369/444/396
f 362/447/397 378/450/397 377/446/397
f 356/452/398 370/448/398 355/449/398
f 364/424/399 378/450/399 363/451/399
f 356/452/400 372/428/400 371/453/400
f 376/441/402 392/458/402 391/470/402
f 369/444/403 385/459/403 384/472/403
f 377/446/404 393/460/404 392/458/404
f 371/453/405 385/459/405 370/448/405
f 379/454/406 393/460/406 378/450/406
f 371/453/407 387/463/407 386/461/407
f 379/454/408 395/464/408 394/462/408
f 373/429/409 387/463/409 372/428/409
f 381/431/410 395/464/410 380/425/410
f 373/429/411 389/467/411 388/465/411
f 381/431/412 397/468/412 396/466/412
f 375/437/413 389/467/413 374/432/413
f 382/434/414 398/457/414 397/468/414
f 376/441/415 390/469/415 375/437/415
f 396/466/417 410/473/417 395/464/417
f 388/465/418 404/475/418 403/489/418
f 397/468/419 411/474/419 396/466/419
f 390/469/420 404/475/420 389/467/420
f 397/468/421 413/478/421 412/476/421
f 391/470/422 405/477/422 390/469/422
f 391/470/425 407/483/425 406/479/425
f 385/459/426 399/481/426 384/472/426
f 392/458/427 408/485/427 407/483/427
f 385/459/428 401/486/428 400/484/428
f 394/462/429 408/485/429 393/460/429
f 386/461/430 402/488/430 401/486/430
f 394/462/431 410/473/431 409/487/431
f 388/465/432 402/488/432 387/463/432
f 399/481/433 415/490/433 414/504/433
f 407/483/434 423/491/434 422/506/434
f 401/486/435 415/490/435 400/484/435
f 409/487/436 423/491/436 408/485/436
f 401/486/437 417/494/437 416/492/437
f 409/487/438 425/495/438 424/493/438
f 403/489/439 417/494/439 402/488/439
f 411/474/440 425/495/440 410/473/440
f 403/489/441 419/498/441 418/496/441
f 411/474/442 427/499/442 426/497/442
f 405/477/443 419/498/443 404/475/443
f 412/476/444 428/501/444 427/499/444
f 406/479/445 420/500/445 405/477/445
f 406/479/448 422/506/448 421/502/448
f 418/496/449 434/507/449 433/522/449
f 426/497/450 442/508/450 441/523/450
f 420/500/451 434/507/451 419/498/451
f 427/499/452 443/510/452 442/508/452
f 421/502/453 435/509/453 420/500/453
f 421/502/456 437/515/456 436/511/456
f 414/504/457 430/516/457 429/513/457
f 422/506/458 438/517/458 437/515/458
f 416/492/459 430/516/459 415/490/459
f 424/493/460 438/517/460 423/491/460
f 416/492/461 432/520/461 431/518/461
f 424/493/462 440/521/462 439/519/462
f 418/496/463 432/520/463 417/494/463
f 426/497/464 440/521/464 425/495/464
f 437/515/465 453/524/465 452/539/465
f 430/516/466 446/525/466 445/540/466
f 439/519/467 453/524/467 438/517/467
f 431/518/468 447/527/468 446/525/468
f 439/519/469 455/528/469 454/526/469
f 433/522/470 447/527/470 432/520/470
f 441/523/471 455/528/471 440/521/471
f 433/522/472 449/531/472 448/529/472
f 441/523/473 457/532/473 456/530/473
f 435/509/474 449/531/474 434/507/474
f 442/508/475 458/534/475 457/532/475
f 436/511/476 450/533/476 435/509/476
f 436/511/479 452/539/479 451/535/479
f 430/516/480 444/537/480 429/513/480
f 456/530/481 472/541/481 471/557/481
f 450/533/482 464/542/482 449/531/482
f 458/534/483 472/541/483 457/532/483
f 451/535/484 465/543/484 450/533/484
f 451/535/487 467/549/487 466/545/487
f 444/537/488 460/550/488 459/547/488
f 452/539/489 468/551/489 467/549/489
f 446/525/490 460/550/490 445/540/490
f 454/526/491 468/551/491 453/524/491
f 446/525/492 462/554/492 461/552/492
f 454/526/493 470/555/493 469/553/493
f 448/529/494 462/554/494 447/527/494
f 456/530/495 470/555/495 455/528/495
f 448/529/496 464/542/496 463/556/496
f 461/552/497 475/32/497 460/550/497
f 468/551/498 6/8/498 478/3/498
f 462/554/499 1/4/499 461/552/499
f 469/553/500 479/12/500 6/8/500
f 463/556/501 476/9/501 462/554/501
f 471/557/502 479/12/502 470/555/502
f 464/542/503 2/13/503 463/556/503
f 471/557/504 481/20/504 480/16/504
f 465/543/505 477/17/505 464/542/505
f 472/541/506 482/24/506 481/20/506
f 466/545/507 3/21/507 465/543/507
f 466/545/510 5/1/510 4/26/510
f 460/550/511 474/27/511 459/547/511
f 467/549/512 478/3/512 5/1/512
f 514/594/543 484/1715/543 483/1714/543
f 484/1715/543 486/1717/543 485/1716/543
f 486/1717/543 488/1719/543 487/1718/543
f 488/1719/1149 490/1721/1149 489/1720/1149
f 490/1721/1150 492/1723/1150 491/1722/1150
f 492/1723/1150 494/1725/1150 493/1724/1150
f 494/1725/543 496/1727/543 495/1726/543
f 496/1727/543 498/592/543 497/1728/543
f 498/592/543 500/1730/543 499/1729/543
f 500/1730/543 502/1732/543 501/1731/543
f 502/1732/1149 504/1734/1149 503/1733/1149
f 504/1734/543 506/593/543 505/1735/543
f 506/593/543 508/1737/543 507/1736/543
f 508/1737/543 510/1739/543 509/1738/543
f 510/1739/543 512/1741/543 511/1740/543
f 512/1741/543 514/594/543 513/1742/543
f 514/594/543 486/1717/543 484/1715/543
f 486/1717/543 490/1721/543 488/1719/543
f 490/1721/543 494/1725/543 492/1723/543
f 494/1725/543 498/592/543 496/1727/543
f 498/592/543 502/1732/543 500/1730/543
f 502/1732/543 506/593/543 504/1734/543
f 506/593/543 510/1739/543 508/1737/543
f 510/1739/543 514/594/543 512/1741/543
f 514/594/543 490/1721/543 486/1717/543
f 490/1721/543 498/592/543 494/1725/543
f 498/592/543 506/593/543 502/1732/543
f 506/593/543 514/594/543 510/1739/543
f 514/594/543 498/592/543 490/1721/543
f 996/596/1058 536/597/1058 535/626/1058
f 519/599/547 528/600/547 518/627/547
f 520/606/550 529/601/550 519/599/550
f 990/608/551 522/604/551 989/602/551
f 993/610/552 530/607/552 520/606/552
f 990/608/553 524/612/553 523/609/553
f 993/610/554 532/614/554 531/611/554
f 516/613/555 525/616/555 524/612/555
f 994/618/556 532/614/556 521/615/556
f 517/620/557 525/616/557 991/617/557
f 994/618/558 534/622/558 533/619/558
f 517/620/559 527/624/559 526/621/559
f 996/596/560 534/622/560 995/623/560
f 992/625/561 528/600/561 527/624/561
f 526/621/562 542/628/562 541/643/562
f 534/622/563 550/629/563 549/644/563
f 527/624/564 543/630/564 542/628/564
f 535/626/1151 551/631/1151 550/629/1151
f 529/601/1061 543/630/1061 528/600/1061
f 529/601/1152 545/636/1152 544/632/1152
f 522/604/1153 538/637/1153 537/634/1153
f 531/611/571 545/636/571 530/607/571
f 524/612/572 538/637/572 523/609/572
f 532/614/573 546/638/573 531/611/573
f 524/612/574 540/641/574 539/639/574
f 532/614/575 548/642/575 547/640/575
f 526/621/576 540/641/576 525/616/576
f 533/619/577 549/644/577 548/642/577
f 546/638/578 560/645/578 545/636/578
f 538/637/579 554/647/579 553/661/579
f 547/640/580 561/646/580 546/638/580
f 539/639/1154 555/649/1154 554/647/1154
f 548/642/582 562/648/582 547/640/582
f 540/641/1155 556/651/1155 555/649/1155
f 548/642/584 564/652/584 563/650/584
f 541/643/585 557/653/585 556/651/585
f 550/629/586 564/652/586 549/644/586
f 542/628/587 558/655/587 557/653/587
f 550/629/588 566/656/588 565/654/588
f 544/632/589 558/655/589 543/630/589
f 544/632/592 560/645/592 559/657/592
f 538/637/593 552/659/593 537/634/593
f 564/652/594 580/662/594 579/677/594
f 557/653/595 573/663/595 572/678/595
f 565/654/1065 581/664/1065 580/662/1065
f 559/657/597 573/663/597 558/655/597
f 559/657/600 575/669/600 574/665/600
f 553/661/1156 567/667/1156 552/659/1156
f 560/645/602 576/671/602 575/669/602
f 554/647/603 568/670/603 553/661/603
f 562/648/604 576/671/604 561/646/604
f 554/647/605 570/674/605 569/672/605
f 563/650/606 577/673/606 562/648/606
f 555/649/607 571/676/607 570/674/607
f 564/652/608 578/675/608 563/650/608
f 556/651/609 572/678/609 571/676/609
f 577/673/610 591/679/610 576/671/610
f 569/672/611 585/681/611 584/695/611
f 577/673/612 593/682/612 592/680/612
f 571/676/613 585/681/613 570/674/613
f 578/675/614 594/684/614 593/682/614
f 571/676/615 587/685/615 586/683/615
f 580/662/616 594/684/616 579/677/616
f 573/663/617 587/685/617 572/678/617
f 580/662/618 596/688/618 595/686/618
f 574/665/619 588/687/619 573/663/619
f 575/669/622 589/689/622 574/665/622
f 568/670/1070 582/691/1070 567/667/1070
f 575/669/624 591/679/624 590/693/624
f 568/670/625 584/695/625 583/694/625
f 595/686/626 612/696/626 611/712/626
f 589/689/1157 604/697/1157 588/687/1157
f 589/689/630 606/702/630 605/698/630
f 583/694/1158 598/700/1158 582/691/1158
f 591/679/632 606/702/632 590/693/632
f 583/694/633 600/705/633 599/703/633
f 591/679/634 608/706/634 607/704/634
f 584/695/1159 601/707/1159 600/705/1159
f 593/682/636 608/706/636 592/680/636
f 585/681/1071 602/709/1071 601/707/1071
f 594/684/638 609/708/638 593/682/638
f 587/685/639 602/709/639 586/683/639
f 595/686/640 610/710/640 594/684/640
f 587/685/641 604/697/641 603/711/641
f 600/705/642 616/713/642 615/729/642
f 609/708/643 623/714/643 608/706/643
f 601/707/644 617/716/644 616/713/644
f 609/708/645 625/717/645 624/715/645
f 602/709/646 618/718/646 617/716/646
f 610/710/647 626/719/647 625/717/647
f 603/711/648 619/720/648 618/718/648
f 612/696/649 626/719/649 611/712/649
f 605/698/1160 619/720/1160 604/697/1160
f 605/698/653 621/726/653 620/722/653
f 598/700/654 614/727/654 613/724/654
f 607/704/655 621/726/655 606/702/655
f 600/705/656 614/727/656 599/703/656
f 608/706/1073 622/728/1073 607/704/1073
f 620/722/658 634/730/658 619/720/658
f 620/722/661 636/736/661 635/731/661
f 614/727/662 628/733/662 613/724/662
f 621/726/1161 637/738/1161 636/736/1161
f 614/727/1162 630/739/1162 629/737/1162
f 622/728/665 638/740/665 637/738/665
f 616/713/666 630/739/666 615/729/666
f 623/714/667 639/742/667 638/740/667
f 617/716/668 631/741/668 616/713/668
f 624/715/669 640/744/669 639/742/669
f 618/718/670 632/743/670 617/716/670
f 626/719/671 640/744/671 625/717/671
f 619/720/1163 633/745/1163 618/718/1163
f 626/719/673 642/735/673 641/746/673
f 639/742/1164 653/747/1164 638/740/1164
f 631/741/675 647/749/675 646/763/675
f 640/744/676 654/748/676 639/742/676
f 632/743/677 648/751/677 647/749/677
f 640/744/678 656/752/678 655/750/678
f 634/730/679 648/751/679 633/745/679
f 642/735/680 656/752/680 641/746/680
f 635/731/681 649/753/681 634/730/681
f 635/731/684 651/759/684 650/755/684
f 628/733/685 644/760/685 643/757/685
f 636/736/1165 652/761/1165 651/759/1165
f 630/739/687 644/760/687 629/737/687
f 638/740/688 652/761/688 637/738/688
f 630/739/689 646/763/689 645/762/689
f 651/759/692 665/768/692 650/755/692
f 643/757/693 659/770/693 658/765/693
f 651/759/694 667/771/694 666/769/694
f 645/762/695 659/770/695 644/760/695
f 653/747/696 667/771/696 652/761/696
f 645/762/1076 661/774/1076 660/772/1076
f 653/747/698 669/775/698 668/773/698
f 646/763/1077 662/776/1077 661/774/1077
f 655/750/700 669/775/700 654/748/700
f 647/749/701 663/778/701 662/776/701
f 656/752/702 670/777/702 655/750/702
f 649/753/703 663/778/703 648/751/703
f 657/754/704 671/779/704 656/752/704
f 650/755/705 664/780/705 649/753/705
f 662/776/706 676/781/706 661/774/706
f 669/775/707 685/783/707 684/797/707
f 662/776/708 678/784/708 677/782/708
f 671/779/1166 685/783/1166 670/777/1166
f 664/780/710 678/784/710 663/778/710
f 672/767/1167 686/785/1167 671/779/1167
f 665/768/712 679/786/712 664/780/712
f 666/769/1081 680/788/1081 665/768/1081
f 658/765/1168 674/793/1168 673/790/1168
f 666/769/717 682/794/717 681/792/717
f 660/772/718 674/793/718 659/770/718
f 668/773/719 682/794/719 667/771/719
f 660/772/720 676/781/720 675/795/720
f 668/773/1169 684/797/1169 683/796/1169
f 680/788/722 696/798/722 695/812/722
f 674/793/1170 688/799/1170 673/790/1170
f 681/792/724 697/801/724 696/798/724
f 675/795/725 689/800/725 674/793/725
f 683/796/726 697/801/726 682/794/726
f 676/781/727 690/802/727 675/795/727
f 683/796/728 699/805/728 698/803/728
f 676/781/729 692/806/729 691/804/729
f 684/797/1084 700/807/1084 699/805/1084
f 677/782/731 693/808/731 692/806/731
f 685/783/732 701/809/732 700/807/732
f 679/786/733 693/808/733 678/784/733
f 686/785/734 702/811/734 701/809/734
f 680/788/735 694/810/735 679/786/735
f 699/805/738 715/815/738 714/831/738
f 693/808/739 707/816/739 692/806/739
f 701/809/740 715/815/740 700/807/740
f 693/808/741 709/819/741 708/817/741
f 702/811/742 716/818/742 701/809/742
f 695/812/1171 709/819/1171 694/810/1171
f 695/812/746 711/825/746 710/821/746
f 688/799/1172 704/826/1172 703/823/1172
f 697/801/1086 711/825/1086 696/798/1086
f 689/800/749 705/828/749 704/826/749
f 697/801/750 713/829/750 712/827/750
f 691/804/751 705/828/751 690/802/751
f 698/803/752 714/831/752 713/829/752
f 691/804/753 707/816/753 706/830/753
f 712/827/1087 726/832/1087 711/825/1087
f 704/826/755 720/834/755 719/848/755
f 712/827/756 728/835/756 727/833/756
f 705/828/757 721/836/757 720/834/757
f 713/829/1173 729/837/1173 728/835/1173
f 707/816/759 721/836/759 706/830/759
f 715/815/760 729/837/760 714/831/760
f 708/817/761 722/838/761 707/816/761
f 716/818/762 730/839/762 715/815/762
f 708/817/1174 724/842/1174 723/840/1174
f 717/820/1088 731/841/1088 716/818/1088
f 710/821/765 724/842/765 709/819/765
f 710/821/768 726/832/768 725/844/768
f 703/823/769 719/848/769 718/846/769
f 730/839/770 746/849/770 745/865/770
f 724/842/771 738/850/771 723/840/771
f 732/843/772 746/849/772 731/841/772
f 725/844/773 739/851/773 724/842/773
f 726/832/776 740/853/776 725/844/776
f 718/846/1175 734/858/1175 733/855/1175
f 727/833/778 741/857/778 726/832/778
f 720/834/779 734/858/779 719/848/779
f 728/835/1176 742/859/1176 727/833/1176
f 721/836/781 735/860/781 720/834/781
f 729/837/782 743/861/782 728/835/782
f 721/836/783 737/864/783 736/862/783
f 729/837/1095 745/865/1095 744/863/1095
f 722/838/785 738/850/785 737/864/785
f 734/858/1177 750/866/1177 749/881/1177
f 742/859/787 758/867/787 757/882/787
f 736/862/788 750/866/788 735/860/788
f 743/861/1178 759/869/1178 758/867/1178
f 737/864/790 751/868/790 736/862/790
f 745/865/791 759/869/791 744/863/791
f 738/850/792 752/870/792 737/864/792
f 746/849/793 760/871/793 745/865/793
f 739/851/794 753/872/794 738/850/794
f 747/852/795 761/873/795 746/849/795
f 739/851/796 755/876/796 754/874/796
f 741/857/799 755/876/799 740/853/799
f 734/858/1179 748/878/1179 733/855/1179
f 741/857/801 757/882/801 756/880/801
f 754/874/802 768/883/802 753/872/802
f 761/873/803 777/885/803 776/899/803
f 754/874/804 770/886/804 769/884/804
f 755/876/807 771/890/807 770/886/807
f 749/881/808 763/888/808 748/878/808
f 756/880/809 772/892/809 771/890/809
f 750/866/810 764/891/810 749/881/810
f 758/867/811 772/892/811 757/882/811
f 751/868/812 765/893/812 750/866/812
f 759/869/813 773/894/813 758/867/813
f 751/868/1098 767/897/1098 766/895/1098
f 760/871/815 774/896/815 759/869/815
f 752/870/816 768/883/816 767/897/816
f 760/871/817 776/899/817 775/898/817
f 773/894/818 787/900/818 772/892/818
f 765/893/819 781/902/819 780/916/819
f 773/894/820 789/903/820 788/901/820
f 767/897/821 781/902/821 766/895/821
f 775/898/1180 789/903/1180 774/896/1180
f 768/883/1181 782/904/1181 767/897/1181
f 776/899/824 790/905/824 775/898/824
f 769/884/825 783/906/825 768/883/825
f 777/885/1182 791/907/1182 776/899/1182
f 769/884/827 785/910/827 784/908/827
f 771/890/1101 785/910/1101 770/886/1101
f 764/891/831 778/912/831 763/888/831
f 771/890/832 787/900/832 786/914/832
f 764/891/833 780/916/833 779/915/833
f 791/907/834 807/917/834 806/932/834
f 784/908/835 800/918/835 799/933/835
f 786/914/838 800/918/838 785/910/838
f 779/915/839 793/920/839 778/912/839
f 786/914/840 802/924/840 801/922/840
f 780/916/841 794/923/841 779/915/841
f 788/901/842 802/924/842 787/900/842
f 781/902/843 795/925/843 780/916/843
f 789/903/844 803/926/844 788/901/844
f 781/902/845 797/929/845 796/927/845
f 789/903/1183 805/930/1183 804/928/1183
f 782/904/847 798/931/847 797/929/847
f 790/905/848 806/932/848 805/930/848
f 784/908/849 798/931/849 783/906/849
f 796/927/850 810/934/850 795/925/850
f 803/926/851 819/936/851 818/950/851
f 797/929/852 811/935/852 796/927/852
f 805/930/853 819/936/853 804/928/853
f 797/929/854 813/939/854 812/937/854
f 805/930/855 821/940/855 820/938/855
f 799/933/856 813/939/856 798/931/856
f 807/917/1184 821/940/1184 806/932/1184
f 799/933/1185 815/943/1185 814/941/1185
f 801/922/861 815/943/861 800/918/861
f 793/920/862 809/948/862 808/945/862
f 801/922/863 817/949/863 816/947/863
f 795/925/864 809/948/864 794/923/864
f 803/926/865 817/949/865 802/924/865
f 814/941/866 831/951/866 830/967/866
f 816/947/869 831/951/869 815/943/869
f 808/945/1186 825/957/1186 824/953/1186
f 816/947/1106 833/958/1106 832/956/1106
f 809/948/872 826/959/872 825/957/872
f 817/949/873 834/960/873 833/958/873
f 810/934/874 827/961/874 826/959/874
f 818/950/1187 835/962/1187 834/960/1187
f 812/937/876 827/961/876 811/935/876
f 820/938/877 835/962/877 819/936/877
f 813/939/1108 828/963/1108 812/937/1108
f 820/938/1188 837/966/1188 836/964/1188
f 814/941/880 829/965/880 813/939/880
f 822/942/1109 837/966/1109 821/940/1109
f 835/962/882 849/968/882 834/960/882
f 827/961/883 843/970/883 842/984/883
f 836/964/884 850/969/884 835/962/884
f 829/965/885 843/970/885 828/963/885
f 837/966/886 851/971/886 836/964/886
f 829/965/887 845/974/887 844/972/887
f 837/966/888 853/975/888 852/973/888
f 830/967/889 846/976/889 845/974/889
f 832/956/1189 846/976/1189 831/951/1189
f 825/957/893 839/978/893 824/953/893
f 833/958/894 847/980/894 832/956/894
f 825/957/895 841/983/895 840/981/895
f 833/958/896 849/968/896 848/982/896
f 827/961/897 841/983/897 826/959/897
f 847/980/899 861/987/899 846/976/899
f 840/981/900 854/989/900 839/978/900
f 848/982/901 862/988/901 847/980/901
f 840/981/902 856/992/902 855/990/902
f 849/968/903 863/991/903 848/982/903
f 842/984/904 856/992/904 841/983/904
f 850/969/905 864/993/905 849/968/905
f 842/984/906 858/996/906 857/994/906
f 851/971/907 865/995/907 850/969/907
f 844/972/908 858/996/908 843/970/908
f 851/971/909 867/999/909 866/997/909
f 844/972/910 860/1000/910 859/998/910
f 852/973/1190 868/986/1190 867/999/1190
f 845/974/912 861/987/912 860/1000/912
f 865/995/914 881/1002/914 880/1017/914
f 858/996/915 874/1003/915 873/1018/915
f 866/997/1191 882/1004/1191 881/1002/1191
f 860/1000/1192 874/1003/1192 859/998/1192
f 868/986/918 882/1004/918 867/999/918
f 860/1000/919 876/1007/919 875/1005/919
f 861/987/922 877/1011/922 876/1007/922
f 854/989/923 870/1012/923 869/1009/923
f 862/988/1193 878/1013/1193 877/1011/1193
f 856/992/925 870/1012/925 855/990/925
f 864/993/1194 878/1013/1194 863/991/1194
f 857/994/927 871/1014/927 856/992/927
f 865/995/928 879/1015/928 864/993/928
f 857/994/929 873/1018/929 872/1016/929
f 870/1019/930 884/1020/930 869/1047/930
f 877/1022/931 893/1023/931 892/1050/931
f 870/1019/932 886/1025/932 885/1021/932
f 879/1027/1112 893/1023/1112 878/1024/1112
f 871/1026/934 887/1029/934 886/1025/934
f 879/1027/935 895/1031/935 894/1028/935
f 873/1033/936 887/1029/936 872/1030/936
f 881/1035/937 895/1031/937 880/1032/937
f 873/1033/938 889/1037/938 888/1034/938
f 881/1035/1195 897/1039/1195 896/1036/1195
f 875/1041/940 889/1037/940 874/1038/940
f 882/1040/1196 898/1043/1196 897/1039/1196
f 875/1041/942 891/1045/942 890/1042/942
f 877/1022/945 891/1045/945 876/1046/945
f 889/1037/946 903/1051/946 888/1034/946
f 897/1039/947 911/1053/947 896/1036/947
f 890/1042/948 904/1052/948 889/1037/948
f 898/1043/949 912/1054/949 897/1039/949
f 890/1042/950 906/1057/950 905/1055/950
f 892/1050/953 906/1057/953 891/1045/953
f 884/1020/954 900/1062/954 899/1059/954
f 892/1050/1197 908/1063/1197 907/1061/1197
f 885/1021/956 901/1064/956 900/1062/956
f 893/1023/957 909/1065/957 908/1063/957
f 886/1025/958 902/1066/958 901/1064/958
f 895/1031/959 909/1065/959 894/1028/959
f 888/1034/960 902/1066/960 887/1029/960
f 896/1036/961 910/1067/961 895/1031/961
f 907/1061/962 923/1068/962 922/1084/962
f 901/1064/1198 915/1069/1198 900/1062/1198
f 909/1065/964 923/1068/964 908/1063/964
f 901/1064/965 917/1072/965 916/1070/965
f 909/1065/966 925/1073/966 924/1071/966
f 903/1051/967 917/1072/967 902/1066/967
f 911/1053/968 925/1073/968 910/1067/968
f 903/1051/969 919/1076/969 918/1074/969
f 911/1053/970 927/1077/970 926/1075/970
f 905/1055/1199 919/1076/1199 904/1052/1199
f 912/1054/972 928/1079/972 927/1077/972
f 905/1055/973 921/1080/973 920/1078/973
f 906/1057/1200 922/1084/1200 921/1080/1200
f 899/1059/1201 915/1069/1201 914/1082/1201
f 927/1077/978 941/1085/978 926/1075/978
f 920/1078/979 934/1087/979 919/1076/979
f 928/1079/1202 942/1086/1202 927/1077/1202
f 920/1078/981 936/1090/981 935/1088/981
f 922/1084/984 936/1090/984 921/1080/984
f 914/1082/985 930/1095/985 929/1092/985
f 923/1068/986 937/1094/986 922/1084/986
f 915/1069/987 931/1097/987 930/1095/987
f 924/1071/988 938/1096/988 923/1068/988
f 916/1070/1203 932/1099/1203 931/1097/1203
f 925/1073/990 939/1098/990 924/1071/990
f 917/1072/991 933/1101/991 932/1099/991
f 926/1075/992 940/1100/992 925/1073/992
f 918/1074/993 934/1087/993 933/1101/993
f 931/1097/994 945/1102/994 930/1095/994
f 938/1096/995 954/1104/995 953/1118/995
f 932/1099/996 946/1103/996 931/1097/996
f 940/1100/997 954/1104/997 939/1098/997
f 932/1099/998 948/1107/998 947/1105/998
f 940/1100/1118 956/1108/1118 955/1106/1118
f 934/1087/1000 948/1107/1000 933/1101/1000
f 941/1085/1001 957/1110/1001 956/1108/1001
f 935/1088/1204 949/1109/1204 934/1087/1204
f 942/1086/1003 958/1112/1003 957/1110/1003
f 935/1088/1004 951/1113/1004 950/1111/1004
f 937/1094/1007 951/1113/1007 936/1090/1007
f 930/1095/1008 944/1115/1008 929/1092/1008
f 938/1096/1009 952/1117/1009 937/1094/1009
f 949/1109/1010 965/1119/1010 964/1134/1010
f 957/1110/1205 973/1120/1205 972/1135/1205
f 950/1111/1012 966/1121/1012 965/1119/1012
f 952/1117/1015 966/1121/1015 951/1113/1015
f 945/1102/1206 959/1123/1206 944/1115/1206
f 953/1118/1122 967/1125/1122 952/1117/1122
f 945/1102/1018 961/1128/1018 960/1126/1018
f 953/1118/1019 969/1129/1019 968/1127/1019
f 947/1105/1020 961/1128/1020 946/1103/1020
f 954/1104/1021 970/1131/1021 969/1129/1021
f 948/1107/1123 962/1130/1123 947/1105/1123
f 955/1106/1023 971/1133/1023 970/1131/1023
f 949/1109/1024 963/1132/1024 948/1107/1024
f 957/1110/1124 971/1133/1124 956/1108/1124
f 969/1129/1026 983/1136/1026 968/1127/1026
f 961/1128/1207 977/1138/1207 976/1152/1207
f 970/1131/1028 984/1137/1028 969/1129/1028
f 962/1130/1029 978/1140/1029 977/1138/1029
f 970/1131/1125 986/1141/1125 985/1139/1125
f 963/1132/1031 979/1142/1031 978/1140/1031
f 972/1135/1032 986/1141/1032 971/1133/1032
f 964/1134/1033 980/1144/1033 979/1142/1033
f 972/1135/1034 988/1145/1034 987/1143/1034
f 966/1121/1035 980/1144/1035 965/1119/1035
f 966/1121/1038 982/1150/1038 981/1146/1038
f 960/1126/1039 974/1148/1039 959/1123/1039
f 968/1127/1040 982/1150/1040 967/1125/1040
f 960/1126/1041 976/1152/1041 975/1151/1041
f 988/1145/1208 996/596/1208 987/1143/1208
f 981/1146/1043 518/627/1043 980/1144/1043
f 981/1146/1046 520/606/1046 519/599/1046
f 974/1148/1209 990/608/1209 989/602/1209
f 983/1136/1048 520/606/1048 982/1150/1048
f 975/1151/1049 516/613/1049 990/608/1049
f 983/1136/1050 521/615/1050 993/610/1050
f 977/1138/1051 516/613/1051 976/1152/1051
f 985/1139/1052 521/615/1052 984/1137/1052
f 978/1140/1053 991/617/1053 977/1138/1053
f 985/1139/1210 995/623/1210 994/618/1210
f 978/1140/1055 992/625/1055 517/620/1055
f 987/1143/1129 995/623/1129 986/1141/1129
f 980/1144/1057 992/625/1057 979/1142/1057
f 1478/1155/1058 1018/1156/1058 1017/1185/1058
f 1000/1158/547 1011/1159/547 1010/1186/547
f 1001/1160/550 1012/1165/550 1011/1159/550
f 1472/1167/551 1004/1163/551 1471/1161/551
f 1475/1169/552 1012/1165/552 1002/1166/552
f 998/1171/553 1005/1168/553 1472/1167/553
f 1475/1169/554 1014/1173/554 1013/1170/554
f 1473/1175/555 1006/1172/555 998/1171/555
f 1003/1174/1211 1015/1177/1211 1014/1173/1211
f 999/1179/557 1007/1176/557 1473/1175/557
f 1476/1178/558 1016/1181/558 1015/1177/558
f 1474/1183/559 1008/1180/559 999/1179/559
f 1477/1182/560 1017/1185/560 1016/1181/560
f 1474/1183/561 1010/1186/561 1009/1184/561
f 1009/1184/562 1023/1187/562 1008/1180/562
f 1016/1181/1212 1032/1189/1212 1031/1203/1212
f 1010/1186/564 1024/1188/564 1009/1184/564
f 1018/1156/565 1032/1189/565 1017/1185/565
f 1011/1159/1061 1025/1190/1061 1010/1186/1061
f 1012/1165/1152 1026/1192/1152 1011/1159/1152
f 1004/1163/570 1020/1197/570 1019/1194/570
f 1013/1170/571 1027/1196/571 1012/1165/571
f 1005/1168/572 1021/1199/572 1020/1197/572
f 1013/1170/573 1029/1200/573 1028/1198/573
f 1006/1172/574 1022/1201/574 1021/1199/574
f 1015/1177/575 1029/1200/575 1014/1173/575
f 1008/1180/576 1022/1201/576 1007/1176/576
f 1015/1177/577 1031/1203/577 1030/1202/577
f 1027/1196/578 1043/1204/578 1042/1220/578
f 1021/1199/579 1035/1205/579 1020/1197/579
f 1029/1200/580 1043/1204/580 1028/1198/580
f 1021/1199/1154 1037/1208/1154 1036/1206/1154
f 1030/1202/582 1044/1207/582 1029/1200/582
f 1022/1201/1155 1038/1210/1155 1037/1208/1155
f 1031/1203/584 1045/1209/584 1030/1202/584
f 1023/1187/585 1039/1212/585 1038/1210/585
f 1031/1203/586 1047/1213/586 1046/1211/586
f 1024/1188/587 1040/1214/587 1039/1212/587
f 1032/1189/588 1048/1215/588 1047/1213/588
f 1025/1190/589 1041/1216/589 1040/1214/589
f 1027/1196/592 1041/1216/592 1026/1192/592
f 1020/1197/593 1034/1218/593 1019/1194/593
f 1046/1211/594 1062/1221/594 1061/1237/594
f 1040/1214/595 1054/1222/595 1039/1212/595
f 1048/1215/596 1062/1221/596 1047/1213/596
f 1041/1216/597 1055/1223/597 1040/1214/597
f 1041/1216/1213 1057/1229/1213 1056/1225/1213
f 1034/1218/601 1050/1230/601 1049/1227/601
f 1042/1220/602 1058/1231/602 1057/1229/602
f 1036/1206/603 1050/1230/603 1035/1205/603
f 1044/1207/604 1058/1231/604 1043/1204/604
f 1036/1206/605 1052/1234/605 1051/1232/605
f 1045/1209/606 1059/1233/606 1044/1207/606
f 1037/1208/607 1053/1236/607 1052/1234/607
f 1046/1211/608 1060/1235/608 1045/1209/608
f 1038/1210/609 1054/1222/609 1053/1236/609
f 1059/1233/610 1073/1238/610 1058/1231/610
f 1051/1232/611 1067/1240/611 1066/1254/611
f 1060/1235/612 1074/1239/612 1059/1233/612
f 1052/1234/613 1068/1242/613 1067/1240/613
f 1061/1237/614 1075/1241/614 1060/1235/614
f 1053/1236/615 1069/1244/615 1068/1242/615
f 1061/1237/616 1077/1245/616 1076/1243/616
f 1055/1223/617 1069/1244/617 1054/1222/617
f 1062/1221/618 1078/1247/618 1077/1245/618
f 1055/1223/619 1071/1248/619 1070/1246/619
f 1057/1229/622 1071/1248/622 1056/1225/622
f 1049/1227/1070 1065/1253/1070 1064/1250/1070
f 1057/1229/624 1073/1238/624 1072/1252/624
f 1051/1232/625 1065/1253/625 1050/1230/625
f 1077/1245/626 1094/1255/626 1093/1270/626
f 1070/1246/1157 1087/1256/1157 1086/1271/1157
f 1072/1252/630 1087/1256/630 1071/1248/630
f 1065/1253/1158 1080/1258/1158 1064/1250/1158
f 1073/1238/632 1088/1260/632 1072/1252/632
f 1065/1253/633 1082/1263/633 1081/1261/633
f 1073/1238/634 1090/1264/634 1089/1262/634
f 1067/1240/635 1082/1263/635 1066/1254/635
f 1075/1241/636 1090/1264/636 1074/1239/636
f 1067/1240/1071 1084/1267/1071 1083/1265/1071
f 1075/1241/1214 1092/1268/1214 1091/1266/1214
f 1069/1244/639 1084/1267/639 1068/1242/639
f 1077/1245/640 1092/1268/640 1076/1243/640
f 1069/1244/641 1086/1271/641 1085/1269/641
f 1083/1265/642 1097/1272/642 1082/1263/642
f 1091/1266/643 1105/1274/643 1090/1264/643
f 1083/1265/644 1099/1276/644 1098/1273/644
f 1091/1266/645 1107/1277/645 1106/1275/645
f 1084/1267/646 1100/1278/646 1099/1276/646
f 1092/1268/647 1108/1279/647 1107/1277/647
f 1085/1269/648 1101/1280/648 1100/1278/648
f 1094/1255/649 1108/1279/649 1093/1270/649
f 1087/1256/1160 1101/1280/1160 1086/1271/1160
f 1087/1256/653 1103/1286/653 1102/1282/653
f 1080/1258/654 1096/1287/654 1095/1284/654
f 1089/1262/655 1103/1286/655 1088/1260/655
f 1082/1263/656 1096/1287/656 1081/1261/656
f 1089/1262/1073 1105/1274/1073 1104/1288/1073
f 1102/1282/658 1116/1289/658 1101/1280/658
f 1102/1282/661 1118/1295/661 1117/1290/661
f 1096/1287/662 1110/1292/662 1095/1284/662
f 1103/1286/663 1119/1297/663 1118/1295/663
f 1097/1272/1162 1111/1296/1162 1096/1287/1162
f 1104/1288/665 1120/1299/665 1119/1297/665
f 1098/1273/666 1112/1298/666 1097/1272/666
f 1106/1275/667 1120/1299/667 1105/1274/667
f 1098/1273/668 1114/1302/668 1113/1300/668
f 1106/1275/669 1122/1303/669 1121/1301/669
f 1100/1278/1215 1114/1302/1215 1099/1276/1215
f 1108/1279/671 1122/1303/671 1107/1277/671
f 1101/1280/1163 1115/1304/1163 1100/1278/1163
f 1108/1279/673 1124/1294/673 1123/1305/673
f 1120/1299/1216 1136/1306/1216 1135/1322/1216
f 1114/1302/675 1128/1307/675 1113/1300/675
f 1122/1303/676 1136/1306/676 1121/1301/676
f 1114/1302/677 1130/1310/677 1129/1308/677
f 1122/1303/678 1138/1311/678 1137/1309/678
f 1115/1304/679 1131/1312/679 1130/1310/679
f 1124/1294/680 1138/1311/680 1123/1305/680
f 1116/1289/681 1132/1314/681 1131/1312/681
f 1118/1295/684 1132/1314/684 1117/1290/684
f 1110/1292/685 1126/1319/685 1125/1316/685
f 1119/1297/1165 1133/1318/1165 1118/1295/1165
f 1112/1298/687 1126/1319/687 1111/1296/687
f 1120/1299/688 1134/1320/688 1119/1297/688
f 1112/1298/1217 1128/1307/1217 1127/1321/1217
f 1133/1318/692 1147/1327/692 1132/1314/692
f 1125/1316/693 1141/1329/693 1140/1324/693
f 1133/1318/694 1149/1330/694 1148/1328/694
f 1127/1321/695 1141/1329/695 1126/1319/695
f 1135/1322/696 1149/1330/696 1134/1320/696
f 1127/1321/1076 1143/1333/1076 1142/1331/1076
f 1135/1322/698 1151/1334/698 1150/1332/698
f 1129/1308/699 1143/1333/699 1128/1307/699
f 1137/1309/700 1151/1334/700 1136/1306/700
f 1129/1308/701 1145/1337/701 1144/1335/701
f 1137/1309/702 1153/1338/702 1152/1336/702
f 1131/1312/703 1145/1337/703 1130/1310/703
f 1139/1313/704 1153/1338/704 1138/1311/704
f 1131/1312/705 1147/1327/705 1146/1339/705
f 1144/1335/706 1158/1340/706 1143/1333/706
f 1151/1334/707 1167/1342/707 1166/1356/707
f 1144/1335/1218 1160/1343/1218 1159/1341/1218
f 1152/1336/1166 1168/1344/1166 1167/1342/1166
f 1146/1339/710 1160/1343/710 1145/1337/710
f 1153/1338/1167 1169/1346/1167 1168/1344/1167
f 1146/1339/712 1162/1347/712 1161/1345/712
f 1148/1328/1081 1162/1347/1081 1147/1327/1081
f 1141/1329/716 1155/1349/716 1140/1324/716
f 1148/1328/717 1164/1353/717 1163/1351/717
f 1142/1331/718 1156/1352/718 1141/1329/718
f 1149/1330/719 1165/1355/719 1164/1353/719
f 1143/1333/720 1157/1354/720 1142/1331/720
f 1150/1332/1169 1166/1356/1169 1165/1355/1169
f 1162/1347/722 1178/1357/722 1177/1371/722
f 1156/1352/1170 1170/1358/1170 1155/1349/1170
f 1163/1351/724 1179/1360/724 1178/1357/724
f 1157/1354/725 1171/1359/725 1156/1352/725
f 1164/1353/1219 1180/1362/1219 1179/1360/1219
f 1158/1340/727 1172/1361/727 1157/1354/727
f 1166/1356/728 1180/1362/728 1165/1355/728
f 1158/1340/729 1174/1365/729 1173/1363/729
f 1166/1356/1084 1182/1366/1084 1181/1364/1084
f 1160/1343/731 1174/1365/731 1159/1341/731
f 1168/1344/732 1182/1366/732 1167/1342/732
f 1161/1345/733 1175/1367/733 1160/1343/733
f 1168/1344/734 1184/1370/734 1183/1368/734
f 1162/1347/735 1176/1369/735 1161/1345/735
f 1181/1364/738 1197/1374/738 1196/1390/738
f 1175/1367/739 1189/1375/739 1174/1365/739
f 1183/1368/740 1197/1374/740 1182/1366/740
f 1175/1367/741 1191/1378/741 1190/1376/741
f 1183/1368/742 1199/1379/742 1198/1377/742
f 1177/1371/1171 1191/1378/1171 1176/1369/1171
f 1177/1371/746 1193/1384/746 1192/1380/746
f 1171/1359/747 1185/1382/747 1170/1358/747
f 1179/1360/1086 1193/1384/1086 1178/1357/1086
f 1172/1361/749 1186/1385/749 1171/1359/749
f 1179/1360/750 1195/1388/750 1194/1386/750
f 1173/1363/751 1187/1387/751 1172/1361/751
f 1180/1362/752 1196/1390/752 1195/1388/752
f 1174/1365/753 1188/1389/753 1173/1363/753
f 1194/1386/1087 1208/1391/1087 1193/1384/1087
f 1186/1385/755 1202/1393/755 1201/1407/755
f 1194/1386/756 1210/1394/756 1209/1392/756
f 1187/1387/757 1203/1395/757 1202/1393/757
f 1195/1388/758 1211/1396/758 1210/1394/758
f 1189/1375/759 1203/1395/759 1188/1389/759
f 1196/1390/760 1212/1398/760 1211/1396/760
f 1190/1376/761 1204/1397/761 1189/1375/761
f 1198/1377/762 1212/1398/762 1197/1374/762
f 1190/1376/1174 1206/1401/1174 1205/1399/1174
f 1199/1379/1088 1213/1400/1088 1198/1377/1088
f 1192/1380/765 1206/1401/765 1191/1378/765
f 1192/1380/768 1208/1391/768 1207/1403/768
f 1185/1382/769 1201/1407/769 1200/1405/769
f 1212/1398/770 1228/1408/770 1227/1424/770
f 1206/1401/1091 1220/1409/1091 1205/1399/1091
f 1214/1402/772 1228/1408/772 1213/1400/772
f 1207/1403/773 1221/1410/773 1206/1401/773
f 1207/1403/776 1223/1416/776 1222/1412/776
f 1200/1405/1175 1216/1417/1175 1215/1414/1175
f 1209/1392/778 1223/1416/778 1208/1391/778
f 1202/1393/779 1216/1417/779 1201/1407/779
f 1210/1394/1093 1224/1418/1093 1209/1392/1093
f 1202/1393/781 1218/1421/781 1217/1419/781
f 1211/1396/782 1225/1420/782 1210/1394/782
f 1203/1395/783 1219/1423/783 1218/1421/783
f 1212/1398/1095 1226/1422/1095 1211/1396/1095
f 1204/1397/785 1220/1409/785 1219/1423/785
f 1216/1417/786 1232/1425/786 1231/1440/786
f 1224/1418/787 1240/1426/787 1239/1441/787
f 1218/1421/1220 1232/1425/1220 1217/1419/1220
f 1225/1420/1178 1241/1428/1178 1240/1426/1178
f 1219/1423/790 1233/1427/790 1218/1421/790
f 1226/1422/791 1242/1430/791 1241/1428/791
f 1220/1409/792 1234/1429/792 1219/1423/792
f 1228/1408/793 1242/1430/793 1227/1424/793
f 1221/1410/794 1235/1431/794 1220/1409/794
f 1228/1408/795 1244/1434/795 1243/1432/795
f 1222/1412/796 1236/1433/796 1221/1410/796
f 1222/1412/799 1238/1439/799 1237/1435/799
f 1216/1417/1097 1230/1437/1097 1215/1414/1097
f 1223/1416/1221 1239/1441/1221 1238/1439/1221
f 1235/1431/802 1251/1442/802 1250/1458/802
f 1244/1434/803 1258/1443/803 1243/1432/803
f 1237/1435/804 1251/1442/804 1236/1433/804
f 1237/1435/807 1253/1449/807 1252/1445/807
f 1230/1437/808 1246/1450/808 1245/1447/808
f 1238/1439/809 1254/1451/809 1253/1449/809
f 1232/1425/810 1246/1450/810 1231/1440/810
f 1240/1426/811 1254/1451/811 1239/1441/811
f 1232/1425/812 1248/1454/812 1247/1452/812
f 1241/1428/813 1255/1453/813 1240/1426/813
f 1234/1429/1098 1248/1454/1098 1233/1427/1098
f 1242/1430/815 1256/1455/815 1241/1428/815
f 1234/1429/816 1250/1458/816 1249/1456/816
f 1242/1430/1222 1258/1443/1222 1257/1457/1222
f 1254/1451/818 1270/1459/818 1269/1474/818
f 1247/1452/819 1263/1460/819 1262/1475/819
f 1255/1453/820 1271/1461/820 1270/1459/820
f 1249/1456/1223 1263/1460/1223 1248/1454/1223
f 1257/1457/822 1271/1461/822 1256/1455/822
f 1249/1456/1099 1265/1464/1099 1264/1462/1099
f 1257/1457/1100 1273/1465/1100 1272/1463/1100
f 1251/1442/825 1265/1464/825 1250/1458/825
f 1258/1443/826 1274/1467/826 1273/1465/826
f 1252/1445/827 1266/1466/827 1251/1442/827
f 1252/1445/830 1268/1472/830 1267/1468/830
f 1246/1450/831 1260/1470/831 1245/1447/831
f 1253/1449/832 1269/1474/832 1268/1472/832
f 1246/1450/833 1262/1475/833 1261/1473/833
f 1273/1465/834 1289/1476/834 1288/1491/834
f 1266/1466/835 1282/1477/835 1281/1492/835
f 1268/1472/838 1282/1477/838 1267/1468/838
f 1261/1473/1224 1275/1479/1224 1260/1470/1224
f 1268/1472/840 1284/1483/840 1283/1481/840
f 1262/1475/841 1276/1482/841 1261/1473/841
f 1270/1459/842 1284/1483/842 1269/1474/842
f 1262/1475/843 1278/1486/843 1277/1484/843
f 1271/1461/844 1285/1485/844 1270/1459/844
f 1263/1460/845 1279/1488/845 1278/1486/845
f 1272/1463/1183 1286/1487/1183 1271/1461/1183
f 1264/1462/847 1280/1490/847 1279/1488/847
f 1273/1465/1225 1287/1489/1225 1272/1463/1225
f 1266/1466/849 1280/1490/849 1265/1464/849
f 1277/1484/850 1293/1493/850 1292/1509/850
f 1286/1487/851 1300/1494/851 1285/1485/851
f 1278/1486/852 1294/1496/852 1293/1493/852
f 1287/1489/853 1301/1495/853 1286/1487/853
f 1279/1488/1226 1295/1498/1226 1294/1496/1226
f 1288/1491/855 1302/1497/855 1287/1489/855
f 1281/1492/856 1295/1498/856 1280/1490/856
f 1289/1476/1184 1303/1499/1184 1288/1491/1184
f 1281/1492/1227 1297/1502/1227 1296/1500/1227
f 1283/1481/861 1297/1502/861 1282/1477/861
f 1275/1479/1228 1291/1507/1228 1290/1504/1228
f 1283/1481/863 1299/1508/863 1298/1506/863
f 1276/1482/864 1292/1509/864 1291/1507/864
f 1285/1485/865 1299/1508/865 1284/1483/865
f 1296/1500/1229 1313/1510/1229 1312/1526/1229
f 1298/1506/869 1313/1510/869 1297/1502/869
f 1290/1504/1230 1307/1516/1230 1306/1512/1230
f 1298/1506/871 1315/1517/871 1314/1515/871
f 1292/1509/872 1307/1516/872 1291/1507/872
f 1300/1494/873 1315/1517/873 1299/1508/873
f 1292/1509/874 1309/1520/874 1308/1518/874
f 1300/1494/875 1317/1521/875 1316/1519/875
f 1294/1496/876 1309/1520/876 1293/1493/876
f 1302/1497/877 1317/1521/877 1301/1495/877
f 1295/1498/1108 1310/1522/1108 1294/1496/1108
f 1302/1497/1188 1319/1525/1188 1318/1523/1188
f 1296/1500/880 1311/1524/880 1295/1498/880
f 1303/1499/1109 1320/1514/1109 1319/1525/1109
f 1316/1519/882 1332/1527/882 1331/1543/882
f 1310/1522/883 1324/1528/883 1309/1520/883
f 1318/1523/1110 1332/1527/1110 1317/1521/1110
f 1311/1524/885 1325/1529/885 1310/1522/885
f 1319/1525/886 1333/1530/886 1318/1523/886
f 1311/1524/887 1327/1533/887 1326/1531/887
f 1319/1525/888 1335/1534/888 1334/1532/888
f 1312/1526/889 1328/1535/889 1327/1533/889
f 1314/1515/1189 1328/1535/1189 1313/1510/1189
f 1306/1512/893 1322/1540/893 1321/1537/893
f 1315/1517/894 1329/1539/894 1314/1515/894
f 1307/1516/895 1323/1542/895 1322/1540/895
f 1315/1517/896 1331/1543/896 1330/1541/896
f 1308/1518/1111 1324/1528/1111 1323/1542/1111
f 1329/1539/899 1343/1546/899 1328/1535/899
f 1322/1540/900 1336/1548/900 1321/1537/900
f 1330/1541/901 1344/1547/901 1329/1539/901
f 1322/1540/902 1338/1551/902 1337/1549/902
f 1330/1541/903 1346/1552/903 1345/1550/903
f 1323/1542/904 1339/1553/904 1338/1551/904
f 1331/1543/905 1347/1554/905 1346/1552/905
f 1325/1529/906 1339/1553/906 1324/1528/906
f 1332/1527/907 1348/1556/907 1347/1554/907
f 1325/1529/908 1341/1557/908 1340/1555/908
f 1334/1532/909 1348/1556/909 1333/1530/909
f 1326/1531/910 1342/1559/910 1341/1557/910
f 1334/1532/1190 1350/1545/1190 1349/1558/1190
f 1327/1533/912 1343/1546/912 1342/1559/912
f 1348/1556/914 1362/1561/914 1347/1554/914
f 1340/1555/915 1356/1563/915 1355/1577/915
f 1349/1558/1191 1363/1562/1191 1348/1556/1191
f 1342/1559/917 1356/1563/917 1341/1557/917
f 1350/1545/918 1364/1564/918 1349/1558/918
f 1342/1559/919 1358/1567/919 1357/1565/919
f 1344/1547/922 1358/1567/922 1343/1546/922
f 1336/1548/923 1352/1572/923 1351/1569/923
f 1344/1547/1193 1360/1573/1193 1359/1571/1193
f 1337/1549/925 1353/1574/925 1352/1572/925
f 1346/1552/1194 1360/1573/1194 1345/1550/1194
f 1338/1551/927 1354/1576/927 1353/1574/927
f 1347/1554/928 1361/1575/928 1346/1552/928
f 1339/1553/929 1355/1577/929 1354/1576/929
f 1352/1578/930 1366/1579/930 1351/1606/930
f 1359/1581/931 1375/1582/931 1374/1609/931
f 1353/1584/932 1367/1580/932 1352/1578/932
f 1360/1583/1112 1376/1586/1112 1375/1582/1112
f 1354/1588/934 1368/1585/934 1353/1584/934
f 1361/1587/935 1377/1590/935 1376/1586/935
f 1355/1592/936 1369/1589/936 1354/1588/936
f 1362/1591/1231 1378/1594/1231 1377/1590/1231
f 1355/1592/938 1371/1596/938 1370/1593/938
f 1363/1595/939 1379/1598/939 1378/1594/939
f 1357/1600/940 1371/1596/940 1356/1597/940
f 1364/1599/1196 1380/1602/1196 1379/1598/1196
f 1357/1600/942 1373/1604/942 1372/1601/942
f 1359/1581/945 1373/1604/945 1358/1605/945
f 1370/1593/946 1386/1610/946 1385/1626/946
f 1379/1598/947 1393/1611/947 1378/1594/947
f 1372/1601/948 1386/1610/948 1371/1596/948
f 1380/1602/949 1394/1612/949 1379/1598/949
f 1372/1601/950 1388/1615/950 1387/1613/950
f 1374/1609/1113 1388/1615/1113 1373/1604/1113
f 1366/1579/954 1382/1620/954 1381/1617/954
f 1375/1582/955 1389/1619/955 1374/1609/955
f 1367/1580/1232 1383/1622/1232 1382/1620/1232
f 1376/1586/957 1390/1621/957 1375/1582/957
f 1368/1585/958 1384/1624/958 1383/1622/958
f 1377/1590/959 1391/1623/959 1376/1586/959
f 1369/1589/1233 1385/1626/1233 1384/1624/1233
f 1378/1594/1234 1392/1625/1234 1377/1590/1234
f 1389/1619/962 1405/1627/962 1404/1643/962
f 1383/1622/963 1397/1628/963 1382/1620/963
f 1391/1623/964 1405/1627/964 1390/1621/964
f 1384/1624/965 1398/1629/965 1383/1622/965
f 1391/1623/966 1407/1632/966 1406/1630/966
f 1385/1626/967 1399/1631/967 1384/1624/967
f 1392/1625/968 1408/1634/968 1407/1632/968
f 1385/1626/969 1401/1635/969 1400/1633/969
f 1393/1611/970 1409/1636/970 1408/1634/970
f 1387/1613/1199 1401/1635/1199 1386/1610/1199
f 1394/1612/972 1410/1638/972 1409/1636/972
f 1387/1613/973 1403/1639/973 1402/1637/973
f 1388/1615/976 1404/1643/976 1403/1639/976
f 1381/1617/1201 1397/1628/1201 1396/1641/1201
f 1409/1636/978 1423/1644/978 1408/1634/978
f 1402/1637/979 1416/1646/979 1401/1635/979
f 1410/1638/1202 1424/1645/1202 1409/1636/1202
f 1403/1639/981 1417/1647/981 1402/1637/981
f 1403/1639/984 1419/1653/984 1418/1649/984
f 1396/1641/985 1412/1654/985 1411/1651/985
f 1404/1643/986 1420/1655/986 1419/1653/986
f 1397/1628/987 1413/1656/987 1412/1654/987
f 1406/1630/988 1420/1655/988 1405/1627/988
f 1398/1629/989 1414/1658/989 1413/1656/989
f 1407/1632/990 1421/1657/990 1406/1630/990
f 1399/1631/991 1415/1660/991 1414/1658/991
f 1408/1634/992 1422/1659/992 1407/1632/992
f 1400/1633/993 1416/1646/993 1415/1660/993
f 1413/1656/994 1427/1661/994 1412/1654/994
f 1420/1655/995 1436/1663/995 1435/1677/995
f 1414/1658/996 1428/1662/996 1413/1656/996
f 1422/1659/997 1436/1663/997 1421/1657/997
f 1415/1660/998 1429/1664/998 1414/1658/998
f 1422/1659/1118 1438/1667/1118 1437/1665/1118
f 1416/1646/1000 1430/1666/1000 1415/1660/1000
f 1423/1644/1001 1439/1669/1001 1438/1667/1001
f 1417/1647/1235 1431/1668/1235 1416/1646/1235
f 1424/1645/1003 1440/1671/1003 1439/1669/1003
f 1417/1647/1004 1433/1672/1004 1432/1670/1004
f 1419/1653/1236 1433/1672/1236 1418/1649/1236
f 1412/1654/1008 1426/1674/1008 1411/1651/1008
f 1419/1653/1009 1435/1677/1009 1434/1676/1009
f 1431/1668/1010 1447/1678/1010 1446/1694/1010
f 1440/1671/1011 1454/1679/1011 1439/1669/1011
f 1432/1670/1012 1448/1681/1012 1447/1678/1012
f 1434/1676/1015 1448/1681/1015 1433/1672/1015
f 1426/1674/1016 1442/1686/1016 1441/1683/1016
f 1435/1677/1122 1449/1685/1122 1434/1676/1122
f 1428/1662/1018 1442/1686/1018 1427/1661/1018
f 1435/1677/1019 1451/1689/1019 1450/1687/1019
f 1429/1664/1020 1443/1688/1020 1428/1662/1020
f 1436/1663/1021 1452/1691/1021 1451/1689/1021
f 1430/1666/1123 1444/1690/1123 1429/1664/1123
f 1437/1665/1023 1453/1693/1023 1452/1691/1023
f 1431/1668/1024 1445/1692/1024 1430/1666/1024
f 1439/1669/1025 1453/1693/1025 1438/1667/1025
f 1451/1689/1026 1465/1695/1026 1450/1687/1026
f 1444/1690/1027 1458/1697/1027 1443/1688/1027
f 1452/1691/1028 1466/1696/1028 1451/1689/1028
f 1444/1690/1237 1460/1700/1237 1459/1698/1237
f 1452/1691/1125 1468/1701/1125 1467/1699/1125
f 1445/1692/1126 1461/1702/1126 1460/1700/1126
f 1454/1679/1032 1468/1701/1032 1453/1693/1032
f 1446/1694/1033 1462/1704/1033 1461/1702/1033
f 1454/1679/1034 1470/1705/1034 1469/1703/1034
f 1448/1681/1035 1462/1704/1035 1447/1678/1035
f 1448/1681/1038 1464/1710/1038 1463/1706/1038
f 1442/1686/1238 1456/1708/1238 1441/1683/1238
f 1450/1687/1040 1464/1710/1040 1449/1685/1040
f 1442/1686/1041 1458/1697/1041 1457/1711/1041
f 1470/1705/1208 1478/1155/1208 1469/1703/1208
f 1463/1706/1043 1000/1158/1043 1462/1704/1043
f 1463/1706/1046 1002/1166/1046 1001/1160/1046
f 1456/1708/1047 1472/1167/1047 1471/1161/1047
f 1465/1695/1048 1002/1166/1048 1464/1710/1048
f 1457/1711/1049 998/1171/1049 1472/1167/1049
f 1465/1695/1050 1003/1174/1050 1475/1169/1050
f 1459/1698/1051 998/1171/1051 1458/1697/1051
f 1467/1699/1052 1003/1174/1052 1466/1696/1052
f 1459/1698/1053 999/1179/1053 1473/1175/1053
f 1467/1699/1054 1477/1182/1054 1476/1178/1054
f 1461/1702/1055 999/1179/1055 1460/1700/1055
f 1469/1703/1129 1477/1182/1129 1468/1701/1129
f 1462/1704/1057 1474/1183/1057 1461/1702/1057
o ベジエカーブ
v -1.009297 0.056456 0.073550
v -0.871494 0.055015 0.161515
v -0.736685 0.053206 0.213106
v -0.602476 0.051045 0.233262
v -0.466473 0.048545 0.226923
v -0.326279 0.045721 0.199030
v -0.179500 0.042588 0.154523
v -0.023741 0.039159 0.098341
v 0.143393 0.035450 0.035426
v 0.324297 0.031474 -0.029284
v 0.521366 0.027247 -0.090847
v 0.736995 0.022781 -0.144324
v 0.973579 0.018093 -0.184774
l 1480 1481
l 1481 1482
l 1482 1483
l 1483 1484
l 1484 1485
l 1485 1486
l 1486 1487
l 1487 1488
l 1488 1489
l 1489 1490
l 1490 1491
l 1491 1492
o ベジエカーブ.001
v -1.009297 0.056456 0.073550
v -0.871494 0.055015 0.161515
v -0.736685 0.053206 0.213106
v -0.602476 0.051045 0.233262
v -0.466473 0.048545 0.226923
v -0.326279 0.045721 0.199030
v -0.179500 0.042588 0.154523
v -0.023741 0.039159 0.098341
v 0.143393 0.035450 0.035426
v 0.324297 0.031474 -0.029284
v 0.521366 0.027247 -0.090847
v 0.736995 0.022781 -0.144324
v 0.973579 0.018093 -0.184774
l 1493 1494
l 1494 1495
l 1495 1496
l 1496 1497
l 1497 1498
l 1498 1499
l 1499 1500
l 1500 1501
l 1501 1502
l 1502 1503
l 1503 1504
l 1504 1505
