# Blender 4.1.1
# www.blender.org
mtllib Title.mtl
o テキスト
v -2.635033 0.100000 -0.294882
v -2.620322 0.100000 -0.303521
v -2.605486 0.100000 -0.311359
v -2.590418 0.100000 -0.318382
v -2.575022 0.100000 -0.324576
v -2.559208 0.100000 -0.329927
v -2.542893 0.100000 -0.334430
v -2.525992 0.100000 -0.338085
v -2.508420 0.100000 -0.340899
v -2.490084 0.100000 -0.342887
v -2.470885 0.100000 -0.344065
v -2.450201 0.100000 -0.344463
v -2.412484 0.100000 -0.341850
v -2.376982 0.100000 -0.334126
v -2.344382 0.100000 -0.321698
v -2.314878 0.100000 -0.304996
v -2.288634 0.100000 -0.284493
v -2.265763 0.100000 -0.260678
v -2.246330 0.100000 -0.234031
v -2.230373 0.100000 -0.205010
v -2.217913 0.100000 -0.174045
v -2.208973 0.100000 -0.141545
v -2.203580 0.100000 -0.107902
v -2.201772 0.100000 -0.073492
v -2.203740 0.100000 -0.036607
v -2.209559 0.100000 -0.001721
v -2.219095 0.100000 0.030956
v -2.232206 0.100000 0.061195
v -2.248737 0.100000 0.088752
v -2.268511 0.100000 0.113370
v -2.291326 0.100000 0.134790
v -2.316950 0.100000 0.152760
v -2.345125 0.100000 0.167048
v -2.375584 0.100000 0.177451
v -2.408057 0.100000 0.183796
v -2.442260 0.100000 0.185937
v -2.475025 0.100000 0.184017
v -2.505955 0.100000 0.178183
v -2.534906 0.100000 0.168325
v -2.561600 0.100000 0.154378
v -2.585723 0.100000 0.136360
v -2.606983 0.100000 0.114379
v -2.625166 0.100000 0.088598
v -2.640145 0.100000 0.059175
v -2.651858 0.100000 0.026226
v -2.660273 0.100000 -0.010193
v -2.665358 0.100000 -0.050071
v -2.667853 0.100000 -0.113450
v -2.339645 0.100000 -0.113450
v -2.339166 0.100000 -0.111053
v -2.344706 0.100000 -0.129714
v -2.351567 0.100000 -0.146312
v -2.359682 0.100000 -0.160900
v -2.369008 0.100000 -0.173567
v -2.379550 0.100000 -0.184433
v -2.391376 0.100000 -0.193615
v -2.404603 0.100000 -0.201194
v -2.419366 0.100000 -0.207192
v -2.435781 0.100000 -0.211573
v -2.453924 0.100000 -0.214263
v -2.473953 0.100000 -0.215186
v -2.486688 0.100000 -0.214794
v -2.499482 0.100000 -0.213618
v -2.512215 0.100000 -0.211676
v -2.524916 0.100000 -0.208983
v -2.537609 0.100000 -0.205549
v -2.550316 0.100000 -0.201386
v -2.563054 0.100000 -0.196503
v -2.575841 0.100000 -0.190913
v -2.588688 0.100000 -0.184628
v -2.601609 0.100000 -0.177663
v -2.614613 0.100000 -0.170032
v -2.658650 0.100000 -0.142199
v -2.658650 0.100000 -0.279731
v -2.533254 0.100000 -0.017004
v -2.530548 0.100000 -0.002916
v -2.526630 0.100000 0.009819
v -2.521599 0.100000 0.021180
v -2.515540 0.100000 0.031178
v -2.508513 0.100000 0.039846
v -2.500534 0.100000 0.047235
v -2.491568 0.100000 0.053386
v -2.481545 0.100000 0.058304
v -2.470381 0.100000 0.061947
v -2.458006 0.100000 0.064226
v -2.444323 0.100000 0.065021
v -2.429241 0.100000 0.064261
v -2.415437 0.100000 0.062039
v -2.402962 0.100000 0.058457
v -2.391723 0.100000 0.053587
v -2.381603 0.100000 0.047462
v -2.372484 0.100000 0.040059
v -2.364281 0.100000 0.031313
v -2.356956 0.100000 0.021140
v -2.350521 0.100000 0.009467
v -2.345023 0.100000 -0.003752
v -2.340522 0.100000 -0.018531
v -2.342003 0.100000 -0.011500
v -2.532755 0.100000 -0.011500
v -1.699107 0.100000 0.114500
v -1.702849 0.100000 0.118898
v -1.713765 0.100000 0.130000
v -1.725335 0.100000 0.140190
v -1.737500 0.100000 0.149437
v -1.750200 0.100000 0.157715
v -1.763374 0.100000 0.164994
v -1.776965 0.100000 0.171244
v -1.790913 0.100000 0.176433
v -1.805158 0.100000 0.180529
v -1.819640 0.100000 0.183499
v -1.834294 0.100000 0.185307
v -1.849217 0.100000 0.185924
v -1.873347 0.100000 0.184522
v -1.896837 0.100000 0.180227
v -1.919296 0.100000 0.172963
v -1.940444 0.100000 0.162666
v -1.959973 0.100000 0.149310
v -1.977569 0.100000 0.132923
v -1.992943 0.100000 0.113585
v -2.005855 0.100000 0.091404
v -2.016122 0.100000 0.066482
v -2.023601 0.100000 0.038898
v -2.028173 0.100000 0.008693
v -2.029700 0.100000 -0.023678
v -2.029700 0.100000 -0.335000
v -1.896250 0.100000 -0.335000
v -1.896250 0.100000 -0.023537
v -1.895575 0.100000 -0.008099
v -1.893671 0.100000 0.005692
v -1.890621 0.100000 0.018191
v -1.886536 0.100000 0.029344
v -1.881525 0.100000 0.039126
v -1.875690 0.100000 0.047544
v -1.869100 0.100000 0.054634
v -1.861776 0.100000 0.060455
v -1.853680 0.100000 0.065055
v -1.844722 0.100000 0.068443
v -1.834800 0.100000 0.070564
v -1.823572 0.100000 0.071323
v -1.815421 0.100000 0.070999
v -1.807371 0.100000 0.069990
v -1.799581 0.100000 0.068286
v -1.791895 0.100000 0.065840
v -1.784163 0.100000 0.062579
v -1.776261 0.100000 0.058410
v -1.768090 0.100000 0.053239
v -1.759580 0.100000 0.046978
v -1.750676 0.100000 0.039554
v -1.741333 0.100000 0.030907
v -1.731507 0.100000 0.020989
v -1.726250 0.100000 0.015287
v -1.726250 0.100000 -0.335000
v -1.592800 0.100000 -0.335000
v -1.592800 0.100000 0.176450
v -1.726250 0.100000 0.176450
v -1.726250 0.100000 0.114500
v -1.397083 0.100000 -0.294882
v -1.382372 0.100000 -0.303521
v -1.367536 0.100000 -0.311359
v -1.352468 0.100000 -0.318382
v -1.337072 0.100000 -0.324576
v -1.321258 0.100000 -0.329927
v -1.304943 0.100000 -0.334430
v -1.288042 0.100000 -0.338085
v -1.270470 0.100000 -0.340899
v -1.252134 0.100000 -0.342887
v -1.232934 0.100000 -0.344065
v -1.212251 0.100000 -0.344463
v -1.174534 0.100000 -0.341850
v -1.139033 0.100000 -0.334126
v -1.106432 0.100000 -0.321698
v -1.076928 0.100000 -0.304996
v -1.050685 0.100000 -0.284493
v -1.027813 0.100000 -0.260678
v -1.008380 0.100000 -0.234031
v -0.992423 0.100000 -0.205010
v -0.979963 0.100000 -0.174045
v -0.971023 0.100000 -0.141545
v -0.965630 0.100000 -0.107902
v -0.963822 0.100000 -0.073492
v -0.965790 0.100000 -0.036606
v -0.971610 0.100000 -0.001721
v -0.981146 0.100000 0.030956
v -0.994257 0.100000 0.061195
v -1.010788 0.100000 0.088752
v -1.030562 0.100000 0.113370
v -1.053377 0.100000 0.134790
v -1.079000 0.100000 0.152760
v -1.107176 0.100000 0.167048
v -1.137635 0.100000 0.177451
v -1.170107 0.100000 0.183796
v -1.204310 0.100000 0.185937
v -1.237075 0.100000 0.184017
v -1.268004 0.100000 0.178183
v -1.296956 0.100000 0.168325
v -1.323650 0.100000 0.154378
v -1.347773 0.100000 0.136360
v -1.369033 0.100000 0.114379
v -1.387216 0.100000 0.088598
v -1.402194 0.100000 0.059175
v -1.413907 0.100000 0.026226
v -1.422323 0.100000 -0.010193
v -1.427408 0.100000 -0.050071
v -1.429903 0.100000 -0.113450
v -1.101695 0.100000 -0.113450
v -1.101216 0.100000 -0.111053
v -1.106756 0.100000 -0.129714
v -1.113618 0.100000 -0.146312
v -1.121732 0.100000 -0.160900
v -1.131058 0.100000 -0.173567
v -1.141601 0.100000 -0.184433
v -1.153427 0.100000 -0.193615
v -1.166653 0.100000 -0.201194
v -1.181416 0.100000 -0.207192
v -1.197831 0.100000 -0.211573
v -1.215974 0.100000 -0.214263
v -1.236003 0.100000 -0.215186
v -1.248738 0.100000 -0.214794
v -1.261532 0.100000 -0.213618
v -1.274266 0.100000 -0.211676
v -1.286966 0.100000 -0.208983
v -1.299659 0.100000 -0.205549
v -1.312366 0.100000 -0.201386
v -1.325104 0.100000 -0.196503
v -1.337891 0.100000 -0.190913
v -1.350738 0.100000 -0.184628
v -1.363659 0.100000 -0.177663
v -1.376663 0.100000 -0.170032
v -1.420700 0.100000 -0.142199
v -1.420700 0.100000 -0.279731
v -1.295304 0.100000 -0.017004
v -1.292598 0.100000 -0.002916
v -1.288680 0.100000 0.009819
v -1.283648 0.100000 0.021180
v -1.277590 0.100000 0.031178
v -1.270563 0.100000 0.039846
v -1.262583 0.100000 0.047235
v -1.253618 0.100000 0.053386
v -1.243595 0.100000 0.058304
v -1.232432 0.100000 0.061947
v -1.220055 0.100000 0.064226
v -1.206373 0.100000 0.065021
v -1.191291 0.100000 0.064261
v -1.177487 0.100000 0.062039
v -1.165012 0.100000 0.058457
v -1.153773 0.100000 0.053587
v -1.143653 0.100000 0.047462
v -1.134534 0.100000 0.040059
v -1.126331 0.100000 0.031313
v -1.119006 0.100000 0.021140
v -1.112571 0.100000 0.009467
v -1.107073 0.100000 -0.003751
v -1.102572 0.100000 -0.018531
v -1.104054 0.100000 -0.011500
v -1.294805 0.100000 -0.011500
v -0.764956 0.100000 0.025024
v -0.753203 0.100000 0.032066
v -0.742136 0.100000 0.038135
v -0.731679 0.100000 0.043295
v -0.721750 0.100000 0.047611
v -0.712260 0.100000 0.051153
v -0.703108 0.100000 0.053992
v -0.694182 0.100000 0.056198
v -0.685363 0.100000 0.057831
v -0.676527 0.100000 0.058947
v -0.667553 0.100000 0.059589
v -0.658761 0.100000 0.059786
v -0.640247 0.100000 0.058609
v -0.623419 0.100000 0.055266
v -0.607904 0.100000 0.049875
v -0.593714 0.100000 0.042547
v -0.580863 0.100000 0.033360
v -0.569382 0.100000 0.022362
v -0.559332 0.100000 0.009582
v -0.550803 0.100000 -0.004955
v -0.543913 0.100000 -0.021218
v -0.538803 0.100000 -0.039160
v -0.535622 0.100000 -0.058718
v -0.534528 0.100000 -0.079771
v -0.535701 0.100000 -0.101118
v -0.539097 0.100000 -0.120600
v -0.544553 0.100000 -0.138217
v -0.551923 0.100000 -0.153993
v -0.561098 0.100000 -0.167979
v -0.572019 0.100000 -0.180230
v -0.584673 0.100000 -0.190780
v -0.599074 0.100000 -0.199621
v -0.615237 0.100000 -0.206693
v -0.633159 0.100000 -0.211900
v -0.652808 0.100000 -0.215121
v -0.674398 0.100000 -0.216239
v -0.683155 0.100000 -0.216046
v -0.692166 0.100000 -0.215448
v -0.701185 0.100000 -0.214450
v -0.710267 0.100000 -0.213047
v -0.719464 0.100000 -0.211235
v -0.728828 0.100000 -0.209004
v -0.738404 0.100000 -0.206349
v -0.748237 0.100000 -0.203261
v -0.758368 0.100000 -0.199734
v -0.768836 0.100000 -0.195762
v -0.779679 0.100000 -0.191342
v -0.819050 0.100000 -0.174299
v -0.819050 0.100000 -0.310328
v -0.798019 0.100000 -0.319358
v -0.787640 0.100000 -0.323188
v -0.776484 0.100000 -0.326771
v -0.764639 0.100000 -0.330103
v -0.752207 0.100000 -0.333164
v -0.739298 0.100000 -0.335930
v -0.726027 0.100000 -0.338370
v -0.712511 0.100000 -0.340451
v -0.698869 0.100000 -0.342139
v -0.685217 0.100000 -0.343395
v -0.671668 0.100000 -0.344182
v -0.657971 0.100000 -0.344462
v -0.621703 0.100000 -0.342344
v -0.586938 0.100000 -0.336026
v -0.554299 0.100000 -0.325698
v -0.524049 0.100000 -0.311542
v -0.496459 0.100000 -0.293757
v -0.471799 0.100000 -0.272564
v -0.450334 0.100000 -0.248204
v -0.432311 0.100000 -0.220937
v -0.417960 0.100000 -0.191032
v -0.407489 0.100000 -0.158765
v -0.401084 0.100000 -0.124404
v -0.398920 0.100000 -0.088305
v -0.400886 0.100000 -0.048513
v -0.406718 0.100000 -0.011194
v -0.416348 0.100000 0.023599
v -0.429701 0.100000 0.055667
v -0.446684 0.100000 0.084780
v -0.467174 0.100000 0.110683
v -0.491002 0.100000 0.133113
v -0.517953 0.100000 0.151823
v -0.547778 0.100000 0.166602
v -0.580222 0.100000 0.177287
v -0.615042 0.100000 0.183760
v -0.651658 0.100000 0.185911
v -0.666144 0.100000 0.185629
v -0.679623 0.100000 0.184812
v -0.692568 0.100000 0.183467
v -0.705047 0.100000 0.181613
v -0.717128 0.100000 0.179270
v -0.728878 0.100000 0.176466
v -0.740366 0.100000 0.173231
v -0.751663 0.100000 0.169595
v -0.762850 0.100000 0.165590
v -0.774011 0.100000 0.161247
v -0.785236 0.100000 0.156593
v -0.808550 0.100000 0.146470
v -0.808550 0.100000 -0.003111
v -0.180865 0.100000 0.241911
v -0.166745 0.100000 0.253140
v -0.152851 0.100000 0.262863
v -0.139207 0.100000 0.271178
v -0.125833 0.100000 0.278183
v -0.112745 0.100000 0.283971
v -0.099956 0.100000 0.288636
v -0.087480 0.100000 0.292269
v -0.075327 0.100000 0.294955
v -0.063510 0.100000 0.296776
v -0.052041 0.100000 0.297813
v -0.041094 0.100000 0.298137
v -0.026625 0.100000 0.297499
v -0.013269 0.100000 0.295668
v -0.000988 0.100000 0.292738
v 0.010126 0.100000 0.288817
v 0.019994 0.100000 0.284020
v 0.028558 0.100000 0.278468
v 0.035789 0.100000 0.272276
v 0.041688 0.100000 0.265535
v 0.046286 0.100000 0.258291
v 0.049615 0.100000 0.250528
v 0.051672 0.100000 0.242164
v 0.052299 0.100000 0.234222
v 0.047413 0.100000 0.208813
v 0.033897 0.100000 0.187030
v 0.011468 0.100000 0.165967
v -0.018596 0.100000 0.145298
v -0.054076 0.100000 0.124475
v -0.092638 0.100000 0.102512
v -0.132029 0.100000 0.078145
v -0.170026 0.100000 0.049923
v -0.204295 0.100000 0.016260
v -0.232189 0.100000 -0.024366
v -0.250782 0.100000 -0.073014
v -0.257374 0.100000 -0.129673
v -0.255437 0.100000 -0.160192
v -0.249834 0.100000 -0.188759
v -0.240711 0.100000 -0.215656
v -0.228265 0.100000 -0.240635
v -0.212710 0.100000 -0.263449
v -0.194274 0.100000 -0.283865
v -0.173196 0.100000 -0.301661
v -0.149719 0.100000 -0.316628
v -0.124091 0.100000 -0.328571
v -0.096559 0.100000 -0.337307
v -0.067367 0.100000 -0.342666
v -0.037114 0.100000 -0.344464
v -0.016682 0.100000 -0.343994
v 0.002866 0.100000 -0.342598
v 0.021933 0.100000 -0.340247
v 0.040546 0.100000 -0.336923
v 0.058728 0.100000 -0.332612
v 0.076501 0.100000 -0.327303
v 0.093886 0.100000 -0.320987
v 0.110904 0.100000 -0.313661
v 0.127580 0.100000 -0.305325
v 0.143940 0.100000 -0.295980
v 0.160015 0.100000 -0.285630
v 0.183800 0.100000 -0.268566
v 0.183800 0.100000 -0.072655
v 0.135389 0.100000 -0.131027
v 0.122302 0.100000 -0.144989
v 0.108815 0.100000 -0.157651
v 0.094967 0.100000 -0.169002
v 0.080796 0.100000 -0.179034
v 0.066336 0.100000 -0.187744
v 0.051616 0.100000 -0.195129
v 0.036661 0.100000 -0.201185
v 0.021491 0.100000 -0.205910
v 0.006119 0.100000 -0.209300
v -0.009447 0.100000 -0.211345
v -0.025103 0.100000 -0.212027
v -0.042061 0.100000 -0.211124
v -0.057041 0.100000 -0.208608
v -0.070210 0.100000 -0.204725
v -0.081667 0.100000 -0.199708
v -0.091516 0.100000 -0.193766
v -0.099853 0.100000 -0.187088
v -0.106759 0.100000 -0.179851
v -0.112295 0.100000 -0.172229
v -0.116509 0.100000 -0.164403
v -0.119443 0.100000 -0.156574
v -0.121147 0.100000 -0.148956
v -0.121617 0.100000 -0.142752
v -0.116551 0.100000 -0.114113
v -0.102585 0.100000 -0.089190
v -0.079931 0.100000 -0.065376
v -0.049907 0.100000 -0.042296
v -0.014618 0.100000 -0.019516
v 0.023670 0.100000 0.003742
v 0.062740 0.100000 0.028500
v 0.100424 0.100000 0.055969
v 0.134504 0.100000 0.087539
v 0.162475 0.100000 0.124684
v 0.181363 0.100000 0.168541
v 0.188084 0.100000 0.218742
v 0.186108 0.100000 0.250270
v 0.180362 0.100000 0.279335
v 0.170896 0.100000 0.306454
v 0.157845 0.100000 0.331390
v 0.141392 0.100000 0.353905
v 0.121762 0.100000 0.373784
v 0.099208 0.100000 0.390854
v 0.073981 0.100000 0.404985
v 0.046317 0.100000 0.416089
v 0.016423 0.100000 0.424095
v -0.015515 0.100000 0.428943
v -0.049125 0.100000 0.430562
v -0.064022 0.100000 0.430180
v -0.078676 0.100000 0.429052
v -0.093290 0.100000 0.427172
v -0.107847 0.100000 0.424542
v -0.122327 0.100000 0.421163
v -0.136712 0.100000 0.417039
v -0.150985 0.100000 0.412172
v -0.165126 0.100000 0.406564
v -0.179119 0.100000 0.400219
v -0.192947 0.100000 0.393141
v -0.206595 0.100000 0.385332
v -0.228950 0.100000 0.371145
v -0.228950 0.100000 0.198826
v 0.361668 0.100000 -0.294882
v 0.376378 0.100000 -0.303521
v 0.391214 0.100000 -0.311359
v 0.406282 0.100000 -0.318382
v 0.421678 0.100000 -0.324576
v 0.437492 0.100000 -0.329927
v 0.453807 0.100000 -0.334430
v 0.470708 0.100000 -0.338085
v 0.488280 0.100000 -0.340899
v 0.506616 0.100000 -0.342887
v 0.525816 0.100000 -0.344065
v 0.546500 0.100000 -0.344463
v 0.584216 0.100000 -0.341850
v 0.619718 0.100000 -0.334126
v 0.652318 0.100000 -0.321698
v 0.681822 0.100000 -0.304996
v 0.708066 0.100000 -0.284493
v 0.730937 0.100000 -0.260678
v 0.750370 0.100000 -0.234031
v 0.766327 0.100000 -0.205010
v 0.778787 0.100000 -0.174045
v 0.787727 0.100000 -0.141545
v 0.793120 0.100000 -0.107902
v 0.794928 0.100000 -0.073492
v 0.792960 0.100000 -0.036606
v 0.787140 0.100000 -0.001721
v 0.777604 0.100000 0.030956
v 0.764494 0.100000 0.061195
v 0.747963 0.100000 0.088752
v 0.728188 0.100000 0.113370
v 0.705373 0.100000 0.134790
v 0.679750 0.100000 0.152760
v 0.651574 0.100000 0.167048
v 0.621116 0.100000 0.177451
v 0.588643 0.100000 0.183796
v 0.554440 0.100000 0.185937
v 0.521675 0.100000 0.184017
v 0.490746 0.100000 0.178183
v 0.461794 0.100000 0.168325
v 0.435100 0.100000 0.154378
v 0.410977 0.100000 0.136360
v 0.389717 0.100000 0.114379
v 0.371534 0.100000 0.088598
v 0.356556 0.100000 0.059175
v 0.344843 0.100000 0.026226
v 0.336427 0.100000 -0.010193
v 0.331343 0.100000 -0.050071
v 0.328847 0.100000 -0.113450
v 0.657055 0.100000 -0.113450
v 0.657534 0.100000 -0.111053
v 0.651994 0.100000 -0.129714
v 0.645133 0.100000 -0.146312
v 0.637018 0.100000 -0.160900
v 0.627692 0.100000 -0.173567
v 0.617150 0.100000 -0.184433
v 0.605324 0.100000 -0.193615
v 0.592097 0.100000 -0.201194
v 0.577334 0.100000 -0.207192
v 0.560920 0.100000 -0.211573
v 0.542776 0.100000 -0.214263
v 0.522747 0.100000 -0.215186
v 0.510013 0.100000 -0.214794
v 0.497218 0.100000 -0.213618
v 0.484485 0.100000 -0.211676
v 0.471784 0.100000 -0.208983
v 0.459091 0.100000 -0.205549
v 0.446385 0.100000 -0.201386
v 0.433646 0.100000 -0.196503
v 0.420860 0.100000 -0.190913
v 0.408012 0.100000 -0.184628
v 0.395091 0.100000 -0.177663
v 0.382087 0.100000 -0.170032
v 0.338050 0.100000 -0.142199
v 0.338050 0.100000 -0.279731
v 0.463446 0.100000 -0.017004
v 0.466152 0.100000 -0.002916
v 0.470070 0.100000 0.009819
v 0.475102 0.100000 0.021180
v 0.481160 0.100000 0.031178
v 0.488187 0.100000 0.039846
v 0.496167 0.100000 0.047235
v 0.505132 0.100000 0.053386
v 0.515155 0.100000 0.058304
v 0.526319 0.100000 0.061947
v 0.538695 0.100000 0.064226
v 0.552377 0.100000 0.065021
v 0.567460 0.100000 0.064261
v 0.581263 0.100000 0.062039
v 0.593738 0.100000 0.058457
v 0.604977 0.100000 0.053587
v 0.615097 0.100000 0.047462
v 0.624216 0.100000 0.040059
v 0.632419 0.100000 0.031313
v 0.639744 0.100000 0.021140
v 0.646179 0.100000 0.009468
v 0.651677 0.100000 -0.003752
v 0.656178 0.100000 -0.018531
v 0.654697 0.100000 -0.011500
v 0.463945 0.100000 -0.011500
v 1.104650 0.100000 -0.335000
v 1.104650 0.100000 0.421100
v 0.971200 0.100000 0.421100
v 0.971200 0.100000 -0.335000
v 1.263100 0.100000 0.176450
v 1.263100 0.100000 0.052450
v 1.412200 0.100000 0.052450
v 1.412200 0.100000 -0.168439
v 1.411519 0.100000 -0.179580
v 1.409786 0.100000 -0.188327
v 1.407230 0.100000 -0.195484
v 1.404046 0.100000 -0.201325
v 1.400339 0.100000 -0.206122
v 1.396146 0.100000 -0.210093
v 1.391489 0.100000 -0.213365
v 1.386423 0.100000 -0.215993
v 1.381057 0.100000 -0.217996
v 1.375555 0.100000 -0.219384
v 1.370121 0.100000 -0.220178
v 1.364801 0.100000 -0.220436
v 1.357712 0.100000 -0.220234
v 1.350350 0.100000 -0.219606
v 1.342891 0.100000 -0.218555
v 1.335321 0.100000 -0.217072
v 1.327623 0.100000 -0.215149
v 1.319785 0.100000 -0.212778
v 1.311797 0.100000 -0.209952
v 1.303651 0.100000 -0.206660
v 1.295341 0.100000 -0.202898
v 1.286861 0.100000 -0.198659
v 1.278207 0.100000 -0.193937
v 1.238950 0.100000 -0.170788
v 1.238950 0.100000 -0.305149
v 1.258697 0.100000 -0.315314
v 1.268588 0.100000 -0.319838
v 1.278882 0.100000 -0.324050
v 1.289474 0.100000 -0.327941
v 1.300258 0.100000 -0.331491
v 1.311124 0.100000 -0.334678
v 1.321963 0.100000 -0.337475
v 1.332669 0.100000 -0.339853
v 1.343144 0.100000 -0.341782
v 1.353298 0.100000 -0.343225
v 1.363063 0.100000 -0.344139
v 1.372530 0.100000 -0.344468
v 1.398963 0.100000 -0.343073
v 1.423652 0.100000 -0.338899
v 1.446375 0.100000 -0.332023
v 1.467030 0.100000 -0.322534
v 1.485481 0.100000 -0.310561
v 1.501583 0.100000 -0.296291
v 1.515218 0.100000 -0.279963
v 1.526319 0.100000 -0.261847
v 1.534874 0.100000 -0.242211
v 1.540915 0.100000 -0.221296
v 1.544496 0.100000 -0.199308
v 1.545650 0.100000 -0.176915
v 1.545650 0.100000 0.052450
v 1.627550 0.100000 0.052450
v 1.627550 0.100000 0.091377
v 1.412200 0.100000 0.301569
v 1.412200 0.100000 0.176450
v 1.837219 0.100000 0.224253
v 1.847065 0.100000 0.226296
v 1.856404 0.100000 0.229577
v 1.865133 0.100000 0.233993
v 1.873163 0.100000 0.239444
v 1.880414 0.100000 0.245836
v 1.886806 0.100000 0.253087
v 1.892257 0.100000 0.261117
v 1.896673 0.100000 0.269846
v 1.899954 0.100000 0.279185
v 1.901997 0.100000 0.289031
v 1.902697 0.100000 0.299250
v 1.901997 0.100000 0.309469
v 1.899954 0.100000 0.319315
v 1.896673 0.100000 0.328654
v 1.892257 0.100000 0.337383
v 1.886806 0.100000 0.345413
v 1.880414 0.100000 0.352664
v 1.873163 0.100000 0.359056
v 1.865133 0.100000 0.364507
v 1.856404 0.100000 0.368923
v 1.847065 0.100000 0.372204
v 1.837219 0.100000 0.374246
v 1.827000 0.100000 0.374947
v 1.816781 0.100000 0.374246
v 1.806935 0.100000 0.372204
v 1.797596 0.100000 0.368923
v 1.788867 0.100000 0.364507
v 1.780837 0.100000 0.359056
v 1.773586 0.100000 0.352664
v 1.767194 0.100000 0.345413
v 1.761743 0.100000 0.337383
v 1.757327 0.100000 0.328654
v 1.754046 0.100000 0.319315
v 1.752003 0.100000 0.309469
v 1.751303 0.100000 0.299250
v 1.752003 0.100000 0.289031
v 1.754046 0.100000 0.279185
v 1.757327 0.100000 0.269846
v 1.761743 0.100000 0.261117
v 1.767194 0.100000 0.253087
v 1.773586 0.100000 0.245836
v 1.780837 0.100000 0.239444
v 1.788867 0.100000 0.233993
v 1.797596 0.100000 0.229577
v 1.806935 0.100000 0.226296
v 1.816781 0.100000 0.224253
v 1.827000 0.100000 0.223553
v 1.894250 0.100000 -0.335000
v 1.894250 0.100000 0.176450
v 1.760800 0.100000 0.176450
v 1.760800 0.100000 -0.335000
v 2.293150 0.100000 0.288700
v 2.293150 0.100000 -0.335000
v 2.436050 0.100000 -0.335000
v 2.436050 0.100000 0.288700
v 2.683850 0.100000 0.288700
v 2.683850 0.100000 0.421100
v 2.045350 0.100000 0.421100
v 2.045350 0.100000 0.288700
v -2.635033 -0.100000 -0.294882
v -2.620322 -0.100000 -0.303521
v -2.605486 -0.100000 -0.311359
v -2.590418 -0.100000 -0.318382
v -2.575022 -0.100000 -0.324576
v -2.559208 -0.100000 -0.329927
v -2.542893 -0.100000 -0.334430
v -2.525992 -0.100000 -0.338085
v -2.508420 -0.100000 -0.340899
v -2.490084 -0.100000 -0.342887
v -2.470885 -0.100000 -0.344065
v -2.450201 -0.100000 -0.344463
v -2.412484 -0.100000 -0.341850
v -2.376982 -0.100000 -0.334126
v -2.344382 -0.100000 -0.321698
v -2.314878 -0.100000 -0.304996
v -2.288634 -0.100000 -0.284493
v -2.265763 -0.100000 -0.260678
v -2.246330 -0.100000 -0.234031
v -2.230373 -0.100000 -0.205010
v -2.217913 -0.100000 -0.174045
v -2.208973 -0.100000 -0.141545
v -2.203580 -0.100000 -0.107902
v -2.201772 -0.100000 -0.073492
v -2.203740 -0.100000 -0.036607
v -2.209559 -0.100000 -0.001721
v -2.219095 -0.100000 0.030956
v -2.232206 -0.100000 0.061195
v -2.248737 -0.100000 0.088752
v -2.268511 -0.100000 0.113370
v -2.291326 -0.100000 0.134790
v -2.316950 -0.100000 0.152760
v -2.345125 -0.100000 0.167048
v -2.375584 -0.100000 0.177451
v -2.408057 -0.100000 0.183796
v -2.442260 -0.100000 0.185937
v -2.475025 -0.100000 0.184017
v -2.505955 -0.100000 0.178183
v -2.534906 -0.100000 0.168325
v -2.561600 -0.100000 0.154378
v -2.585723 -0.100000 0.136360
v -2.606983 -0.100000 0.114379
v -2.625166 -0.100000 0.088598
v -2.640145 -0.100000 0.059175
v -2.651858 -0.100000 0.026226
v -2.660273 -0.100000 -0.010193
v -2.665358 -0.100000 -0.050071
v -2.667853 -0.100000 -0.113450
v -2.339645 -0.100000 -0.113450
v -2.339166 -0.100000 -0.111053
v -2.344706 -0.100000 -0.129714
v -2.351567 -0.100000 -0.146312
v -2.359682 -0.100000 -0.160900
v -2.369008 -0.100000 -0.173567
v -2.379550 -0.100000 -0.184433
v -2.391376 -0.100000 -0.193615
v -2.404603 -0.100000 -0.201194
v -2.419366 -0.100000 -0.207192
v -2.435781 -0.100000 -0.211573
v -2.453924 -0.100000 -0.214263
v -2.473953 -0.100000 -0.215186
v -2.486688 -0.100000 -0.214794
v -2.499482 -0.100000 -0.213618
v -2.512215 -0.100000 -0.211676
v -2.524916 -0.100000 -0.208983
v -2.537609 -0.100000 -0.205549
v -2.550316 -0.100000 -0.201386
v -2.563054 -0.100000 -0.196503
v -2.575841 -0.100000 -0.190913
v -2.588688 -0.100000 -0.184628
v -2.601609 -0.100000 -0.177663
v -2.614613 -0.100000 -0.170032
v -2.658650 -0.100000 -0.142199
v -2.658650 -0.100000 -0.279731
v -2.533254 -0.100000 -0.017004
v -2.530548 -0.100000 -0.002916
v -2.526630 -0.100000 0.009819
v -2.521599 -0.100000 0.021180
v -2.515540 -0.100000 0.031178
v -2.508513 -0.100000 0.039846
v -2.500534 -0.100000 0.047235
v -2.491568 -0.100000 0.053386
v -2.481545 -0.100000 0.058304
v -2.470381 -0.100000 0.061947
v -2.458006 -0.100000 0.064226
v -2.444323 -0.100000 0.065021
v -2.429241 -0.100000 0.064261
v -2.415437 -0.100000 0.062039
v -2.402962 -0.100000 0.058457
v -2.391723 -0.100000 0.053587
v -2.381603 -0.100000 0.047462
v -2.372484 -0.100000 0.040059
v -2.364281 -0.100000 0.031313
v -2.356956 -0.100000 0.021140
v -2.350521 -0.100000 0.009467
v -2.345023 -0.100000 -0.003752
v -2.340522 -0.100000 -0.018531
v -2.342003 -0.100000 -0.011500
v -2.532755 -0.100000 -0.011500
v -1.699107 -0.100000 0.114500
v -1.702849 -0.100000 0.118898
v -1.713765 -0.100000 0.130000
v -1.725335 -0.100000 0.140190
v -1.737500 -0.100000 0.149437
v -1.750200 -0.100000 0.157715
v -1.763374 -0.100000 0.164994
v -1.776965 -0.100000 0.171244
v -1.790913 -0.100000 0.176433
v -1.805158 -0.100000 0.180529
v -1.819640 -0.100000 0.183499
v -1.834294 -0.100000 0.185307
v -1.849217 -0.100000 0.185924
v -1.873347 -0.100000 0.184522
v -1.896837 -0.100000 0.180227
v -1.919296 -0.100000 0.172963
v -1.940444 -0.100000 0.162666
v -1.959973 -0.100000 0.149310
v -1.977569 -0.100000 0.132923
v -1.992943 -0.100000 0.113585
v -2.005855 -0.100000 0.091404
v -2.016122 -0.100000 0.066482
v -2.023601 -0.100000 0.038898
v -2.028173 -0.100000 0.008693
v -2.029700 -0.100000 -0.023678
v -2.029700 -0.100000 -0.335000
v -1.896250 -0.100000 -0.335000
v -1.896250 -0.100000 -0.023537
v -1.895575 -0.100000 -0.008099
v -1.893671 -0.100000 0.005692
v -1.890621 -0.100000 0.018191
v -1.886536 -0.100000 0.029344
v -1.881525 -0.100000 0.039126
v -1.875690 -0.100000 0.047544
v -1.869100 -0.100000 0.054634
v -1.861776 -0.100000 0.060455
v -1.853680 -0.100000 0.065055
v -1.844722 -0.100000 0.068443
v -1.834800 -0.100000 0.070564
v -1.823572 -0.100000 0.071323
v -1.815421 -0.100000 0.070999
v -1.807371 -0.100000 0.069990
v -1.799581 -0.100000 0.068286
v -1.791895 -0.100000 0.065840
v -1.784163 -0.100000 0.062579
v -1.776261 -0.100000 0.058410
v -1.768090 -0.100000 0.053239
v -1.759580 -0.100000 0.046978
v -1.750676 -0.100000 0.039554
v -1.741333 -0.100000 0.030907
v -1.731507 -0.100000 0.020989
v -1.726250 -0.100000 0.015287
v -1.726250 -0.100000 -0.335000
v -1.592800 -0.100000 -0.335000
v -1.592800 -0.100000 0.176450
v -1.726250 -0.100000 0.176450
v -1.726250 -0.100000 0.114500
v -1.397083 -0.100000 -0.294882
v -1.382372 -0.100000 -0.303521
v -1.367536 -0.100000 -0.311359
v -1.352468 -0.100000 -0.318382
v -1.337072 -0.100000 -0.324576
v -1.321258 -0.100000 -0.329927
v -1.304943 -0.100000 -0.334430
v -1.288042 -0.100000 -0.338085
v -1.270470 -0.100000 -0.340899
v -1.252134 -0.100000 -0.342887
v -1.232934 -0.100000 -0.344065
v -1.212251 -0.100000 -0.344463
v -1.174534 -0.100000 -0.341850
v -1.139033 -0.100000 -0.334126
v -1.106432 -0.100000 -0.321698
v -1.076928 -0.100000 -0.304996
v -1.050685 -0.100000 -0.284493
v -1.027813 -0.100000 -0.260678
v -1.008380 -0.100000 -0.234031
v -0.992423 -0.100000 -0.205010
v -0.979963 -0.100000 -0.174045
v -0.971023 -0.100000 -0.141545
v -0.965630 -0.100000 -0.107902
v -0.963822 -0.100000 -0.073492
v -0.965790 -0.100000 -0.036606
v -0.971610 -0.100000 -0.001721
v -0.981146 -0.100000 0.030956
v -0.994257 -0.100000 0.061195
v -1.010788 -0.100000 0.088752
v -1.030562 -0.100000 0.113370
v -1.053377 -0.100000 0.134790
v -1.079000 -0.100000 0.152760
v -1.107176 -0.100000 0.167048
v -1.137635 -0.100000 0.177451
v -1.170107 -0.100000 0.183796
v -1.204310 -0.100000 0.185937
v -1.237075 -0.100000 0.184017
v -1.268004 -0.100000 0.178183
v -1.296956 -0.100000 0.168325
v -1.323650 -0.100000 0.154378
v -1.347773 -0.100000 0.136360
v -1.369033 -0.100000 0.114379
v -1.387216 -0.100000 0.088598
v -1.402194 -0.100000 0.059175
v -1.413907 -0.100000 0.026226
v -1.422323 -0.100000 -0.010193
v -1.427408 -0.100000 -0.050071
v -1.429903 -0.100000 -0.113450
v -1.101695 -0.100000 -0.113450
v -1.101216 -0.100000 -0.111053
v -1.106756 -0.100000 -0.129714
v -1.113618 -0.100000 -0.146312
v -1.121732 -0.100000 -0.160900
v -1.131058 -0.100000 -0.173567
v -1.141601 -0.100000 -0.184433
v -1.153427 -0.100000 -0.193615
v -1.166653 -0.100000 -0.201194
v -1.181416 -0.100000 -0.207192
v -1.197831 -0.100000 -0.211573
v -1.215974 -0.100000 -0.214263
v -1.236003 -0.100000 -0.215186
v -1.248738 -0.100000 -0.214794
v -1.261532 -0.100000 -0.213618
v -1.274266 -0.100000 -0.211676
v -1.286966 -0.100000 -0.208983
v -1.299659 -0.100000 -0.205549
v -1.312366 -0.100000 -0.201386
v -1.325104 -0.100000 -0.196503
v -1.337891 -0.100000 -0.190913
v -1.350738 -0.100000 -0.184628
v -1.363659 -0.100000 -0.177663
v -1.376663 -0.100000 -0.170032
v -1.420700 -0.100000 -0.142199
v -1.420700 -0.100000 -0.279731
v -1.295304 -0.100000 -0.017004
v -1.292598 -0.100000 -0.002916
v -1.288680 -0.100000 0.009819
v -1.283648 -0.100000 0.021180
v -1.277590 -0.100000 0.031178
v -1.270563 -0.100000 0.039846
v -1.262583 -0.100000 0.047235
v -1.253618 -0.100000 0.053386
v -1.243595 -0.100000 0.058304
v -1.232432 -0.100000 0.061947
v -1.220055 -0.100000 0.064226
v -1.206373 -0.100000 0.065021
v -1.191291 -0.100000 0.064261
v -1.177487 -0.100000 0.062039
v -1.165012 -0.100000 0.058457
v -1.153773 -0.100000 0.053587
v -1.143653 -0.100000 0.047462
v -1.134534 -0.100000 0.040059
v -1.126331 -0.100000 0.031313
v -1.119006 -0.100000 0.021140
v -1.112571 -0.100000 0.009467
v -1.107073 -0.100000 -0.003751
v -1.102572 -0.100000 -0.018531
v -1.104054 -0.100000 -0.011500
v -1.294805 -0.100000 -0.011500
v -0.764956 -0.100000 0.025024
v -0.753203 -0.100000 0.032066
v -0.742136 -0.100000 0.038135
v -0.731679 -0.100000 0.043295
v -0.721750 -0.100000 0.047611
v -0.712260 -0.100000 0.051153
v -0.703108 -0.100000 0.053992
v -0.694182 -0.100000 0.056198
v -0.685363 -0.100000 0.057831
v -0.676527 -0.100000 0.058947
v -0.667553 -0.100000 0.059589
v -0.658761 -0.100000 0.059786
v -0.640247 -0.100000 0.058609
v -0.623419 -0.100000 0.055266
v -0.607904 -0.100000 0.049875
v -0.593714 -0.100000 0.042547
v -0.580863 -0.100000 0.033360
v -0.569382 -0.100000 0.022362
v -0.559332 -0.100000 0.009582
v -0.550803 -0.100000 -0.004955
v -0.543913 -0.100000 -0.021218
v -0.538803 -0.100000 -0.039160
v -0.535622 -0.100000 -0.058718
v -0.534528 -0.100000 -0.079771
v -0.535701 -0.100000 -0.101118
v -0.539097 -0.100000 -0.120600
v -0.544553 -0.100000 -0.138217
v -0.551923 -0.100000 -0.153993
v -0.561098 -0.100000 -0.167979
v -0.572019 -0.100000 -0.180230
v -0.584673 -0.100000 -0.190780
v -0.599074 -0.100000 -0.199621
v -0.615237 -0.100000 -0.206693
v -0.633159 -0.100000 -0.211900
v -0.652808 -0.100000 -0.215121
v -0.674398 -0.100000 -0.216239
v -0.683155 -0.100000 -0.216046
v -0.692166 -0.100000 -0.215448
v -0.701185 -0.100000 -0.214450
v -0.710267 -0.100000 -0.213047
v -0.719464 -0.100000 -0.211235
v -0.728828 -0.100000 -0.209004
v -0.738404 -0.100000 -0.206349
v -0.748237 -0.100000 -0.203261
v -0.758368 -0.100000 -0.199734
v -0.768836 -0.100000 -0.195762
v -0.779679 -0.100000 -0.191342
v -0.819050 -0.100000 -0.174299
v -0.819050 -0.100000 -0.310328
v -0.798019 -0.100000 -0.319358
v -0.787640 -0.100000 -0.323188
v -0.776484 -0.100000 -0.326771
v -0.764639 -0.100000 -0.330103
v -0.752207 -0.100000 -0.333164
v -0.739298 -0.100000 -0.335930
v -0.726027 -0.100000 -0.338370
v -0.712511 -0.100000 -0.340451
v -0.698869 -0.100000 -0.342139
v -0.685217 -0.100000 -0.343395
v -0.671668 -0.100000 -0.344182
v -0.657971 -0.100000 -0.344462
v -0.621703 -0.100000 -0.342344
v -0.586938 -0.100000 -0.336026
v -0.554299 -0.100000 -0.325698
v -0.524049 -0.100000 -0.311542
v -0.496459 -0.100000 -0.293757
v -0.471799 -0.100000 -0.272564
v -0.450334 -0.100000 -0.248204
v -0.432311 -0.100000 -0.220937
v -0.417960 -0.100000 -0.191032
v -0.407489 -0.100000 -0.158765
v -0.401084 -0.100000 -0.124404
v -0.398920 -0.100000 -0.088305
v -0.400886 -0.100000 -0.048513
v -0.406718 -0.100000 -0.011194
v -0.416348 -0.100000 0.023599
v -0.429701 -0.100000 0.055667
v -0.446684 -0.100000 0.084780
v -0.467174 -0.100000 0.110683
v -0.491002 -0.100000 0.133113
v -0.517953 -0.100000 0.151823
v -0.547778 -0.100000 0.166602
v -0.580222 -0.100000 0.177287
v -0.615042 -0.100000 0.183760
v -0.651658 -0.100000 0.185911
v -0.666144 -0.100000 0.185629
v -0.679623 -0.100000 0.184812
v -0.692568 -0.100000 0.183467
v -0.705047 -0.100000 0.181613
v -0.717128 -0.100000 0.179270
v -0.728878 -0.100000 0.176466
v -0.740366 -0.100000 0.173231
v -0.751663 -0.100000 0.169595
v -0.762850 -0.100000 0.165590
v -0.774011 -0.100000 0.161247
v -0.785236 -0.100000 0.156593
v -0.808550 -0.100000 0.146470
v -0.808550 -0.100000 -0.003111
v -0.180865 -0.100000 0.241911
v -0.166745 -0.100000 0.253140
v -0.152851 -0.100000 0.262863
v -0.139207 -0.100000 0.271178
v -0.125833 -0.100000 0.278183
v -0.112745 -0.100000 0.283971
v -0.099956 -0.100000 0.288636
v -0.087480 -0.100000 0.292269
v -0.075327 -0.100000 0.294955
v -0.063510 -0.100000 0.296776
v -0.052041 -0.100000 0.297813
v -0.041094 -0.100000 0.298137
v -0.026625 -0.100000 0.297499
v -0.013269 -0.100000 0.295668
v -0.000988 -0.100000 0.292738
v 0.010126 -0.100000 0.288817
v 0.019994 -0.100000 0.284020
v 0.028558 -0.100000 0.278468
v 0.035789 -0.100000 0.272276
v 0.041688 -0.100000 0.265535
v 0.046286 -0.100000 0.258291
v 0.049615 -0.100000 0.250528
v 0.051672 -0.100000 0.242164
v 0.052299 -0.100000 0.234222
v 0.047413 -0.100000 0.208813
v 0.033897 -0.100000 0.187030
v 0.011468 -0.100000 0.165967
v -0.018596 -0.100000 0.145298
v -0.054076 -0.100000 0.124475
v -0.092638 -0.100000 0.102512
v -0.132029 -0.100000 0.078145
v -0.170026 -0.100000 0.049923
v -0.204295 -0.100000 0.016260
v -0.232189 -0.100000 -0.024366
v -0.250782 -0.100000 -0.073014
v -0.257374 -0.100000 -0.129673
v -0.255437 -0.100000 -0.160192
v -0.249834 -0.100000 -0.188759
v -0.240711 -0.100000 -0.215656
v -0.228265 -0.100000 -0.240635
v -0.212710 -0.100000 -0.263449
v -0.194274 -0.100000 -0.283865
v -0.173196 -0.100000 -0.301661
v -0.149719 -0.100000 -0.316628
v -0.124091 -0.100000 -0.328571
v -0.096559 -0.100000 -0.337307
v -0.067367 -0.100000 -0.342666
v -0.037114 -0.100000 -0.344464
v -0.016682 -0.100000 -0.343994
v 0.002866 -0.100000 -0.342598
v 0.021933 -0.100000 -0.340247
v 0.040546 -0.100000 -0.336923
v 0.058728 -0.100000 -0.332612
v 0.076501 -0.100000 -0.327303
v 0.093886 -0.100000 -0.320987
v 0.110904 -0.100000 -0.313661
v 0.127580 -0.100000 -0.305325
v 0.143940 -0.100000 -0.295980
v 0.160015 -0.100000 -0.285630
v 0.183800 -0.100000 -0.268566
v 0.183800 -0.100000 -0.072655
v 0.135389 -0.100000 -0.131027
v 0.122302 -0.100000 -0.144989
v 0.108815 -0.100000 -0.157651
v 0.094967 -0.100000 -0.169002
v 0.080796 -0.100000 -0.179034
v 0.066336 -0.100000 -0.187744
v 0.051616 -0.100000 -0.195129
v 0.036661 -0.100000 -0.201185
v 0.021491 -0.100000 -0.205910
v 0.006119 -0.100000 -0.209300
v -0.009447 -0.100000 -0.211345
v -0.025103 -0.100000 -0.212027
v -0.042061 -0.100000 -0.211124
v -0.057041 -0.100000 -0.208608
v -0.070210 -0.100000 -0.204725
v -0.081667 -0.100000 -0.199708
v -0.091516 -0.100000 -0.193766
v -0.099853 -0.100000 -0.187088
v -0.106759 -0.100000 -0.179851
v -0.112295 -0.100000 -0.172229
v -0.116509 -0.100000 -0.164403
v -0.119443 -0.100000 -0.156574
v -0.121147 -0.100000 -0.148956
v -0.121617 -0.100000 -0.142752
v -0.116551 -0.100000 -0.114113
v -0.102585 -0.100000 -0.089190
v -0.079931 -0.100000 -0.065376
v -0.049907 -0.100000 -0.042296
v -0.014618 -0.100000 -0.019516
v 0.023670 -0.100000 0.003742
v 0.062740 -0.100000 0.028500
v 0.100424 -0.100000 0.055969
v 0.134504 -0.100000 0.087539
v 0.162475 -0.100000 0.124684
v 0.181363 -0.100000 0.168541
v 0.188084 -0.100000 0.218742
v 0.186108 -0.100000 0.250270
v 0.180362 -0.100000 0.279335
v 0.170896 -0.100000 0.306454
v 0.157845 -0.100000 0.331390
v 0.141392 -0.100000 0.353905
v 0.121762 -0.100000 0.373784
v 0.099208 -0.100000 0.390854
v 0.073981 -0.100000 0.404985
v 0.046317 -0.100000 0.416089
v 0.016423 -0.100000 0.424095
v -0.015515 -0.100000 0.428943
v -0.049125 -0.100000 0.430562
v -0.064022 -0.100000 0.430180
v -0.078676 -0.100000 0.429052
v -0.093290 -0.100000 0.427172
v -0.107847 -0.100000 0.424542
v -0.122327 -0.100000 0.421163
v -0.136712 -0.100000 0.417039
v -0.150985 -0.100000 0.412172
v -0.165126 -0.100000 0.406564
v -0.179119 -0.100000 0.400219
v -0.192947 -0.100000 0.393141
v -0.206595 -0.100000 0.385332
v -0.228950 -0.100000 0.371145
v -0.228950 -0.100000 0.198826
v 0.361668 -0.100000 -0.294882
v 0.376378 -0.100000 -0.303521
v 0.391214 -0.100000 -0.311359
v 0.406282 -0.100000 -0.318382
v 0.421678 -0.100000 -0.324576
v 0.437492 -0.100000 -0.329927
v 0.453807 -0.100000 -0.334430
v 0.470708 -0.100000 -0.338085
v 0.488280 -0.100000 -0.340899
v 0.506616 -0.100000 -0.342887
v 0.525816 -0.100000 -0.344065
v 0.546500 -0.100000 -0.344463
v 0.584216 -0.100000 -0.341850
v 0.619718 -0.100000 -0.334126
v 0.652318 -0.100000 -0.321698
v 0.681822 -0.100000 -0.304996
v 0.708066 -0.100000 -0.284493
v 0.730937 -0.100000 -0.260678
v 0.750370 -0.100000 -0.234031
v 0.766327 -0.100000 -0.205010
v 0.778787 -0.100000 -0.174045
v 0.787727 -0.100000 -0.141545
v 0.793120 -0.100000 -0.107902
v 0.794928 -0.100000 -0.073492
v 0.792960 -0.100000 -0.036606
v 0.787140 -0.100000 -0.001721
v 0.777604 -0.100000 0.030956
v 0.764494 -0.100000 0.061195
v 0.747963 -0.100000 0.088752
v 0.728188 -0.100000 0.113370
v 0.705373 -0.100000 0.134790
v 0.679750 -0.100000 0.152760
v 0.651574 -0.100000 0.167048
v 0.621116 -0.100000 0.177451
v 0.588643 -0.100000 0.183796
v 0.554440 -0.100000 0.185937
v 0.521675 -0.100000 0.184017
v 0.490746 -0.100000 0.178183
v 0.461794 -0.100000 0.168325
v 0.435100 -0.100000 0.154378
v 0.410977 -0.100000 0.136360
v 0.389717 -0.100000 0.114379
v 0.371534 -0.100000 0.088598
v 0.356556 -0.100000 0.059175
v 0.344843 -0.100000 0.026226
v 0.336427 -0.100000 -0.010193
v 0.331343 -0.100000 -0.050071
v 0.328847 -0.100000 -0.113450
v 0.657055 -0.100000 -0.113450
v 0.657534 -0.100000 -0.111053
v 0.651994 -0.100000 -0.129714
v 0.645133 -0.100000 -0.146312
v 0.637018 -0.100000 -0.160900
v 0.627692 -0.100000 -0.173567
v 0.617150 -0.100000 -0.184433
v 0.605324 -0.100000 -0.193615
v 0.592097 -0.100000 -0.201194
v 0.577334 -0.100000 -0.207192
v 0.560920 -0.100000 -0.211573
v 0.542776 -0.100000 -0.214263
v 0.522747 -0.100000 -0.215186
v 0.510013 -0.100000 -0.214794
v 0.497218 -0.100000 -0.213618
v 0.484485 -0.100000 -0.211676
v 0.471784 -0.100000 -0.208983
v 0.459091 -0.100000 -0.205549
v 0.446385 -0.100000 -0.201386
v 0.433646 -0.100000 -0.196503
v 0.420860 -0.100000 -0.190913
v 0.408012 -0.100000 -0.184628
v 0.395091 -0.100000 -0.177663
v 0.382087 -0.100000 -0.170032
v 0.338050 -0.100000 -0.142199
v 0.338050 -0.100000 -0.279731
v 0.463446 -0.100000 -0.017004
v 0.466152 -0.100000 -0.002916
v 0.470070 -0.100000 0.009819
v 0.475102 -0.100000 0.021180
v 0.481160 -0.100000 0.031178
v 0.488187 -0.100000 0.039846
v 0.496167 -0.100000 0.047235
v 0.505132 -0.100000 0.053386
v 0.515155 -0.100000 0.058304
v 0.526319 -0.100000 0.061947
v 0.538695 -0.100000 0.064226
v 0.552377 -0.100000 0.065021
v 0.567460 -0.100000 0.064261
v 0.581263 -0.100000 0.062039
v 0.593738 -0.100000 0.058457
v 0.604977 -0.100000 0.053587
v 0.615097 -0.100000 0.047462
v 0.624216 -0.100000 0.040059
v 0.632419 -0.100000 0.031313
v 0.639744 -0.100000 0.021140
v 0.646179 -0.100000 0.009468
v 0.651677 -0.100000 -0.003752
v 0.656178 -0.100000 -0.018531
v 0.654697 -0.100000 -0.011500
v 0.463945 -0.100000 -0.011500
v 1.104650 -0.100000 -0.335000
v 1.104650 -0.100000 0.421100
v 0.971200 -0.100000 0.421100
v 0.971200 -0.100000 -0.335000
v 1.263100 -0.100000 0.176450
v 1.263100 -0.100000 0.052450
v 1.412200 -0.100000 0.052450
v 1.412200 -0.100000 -0.168439
v 1.411519 -0.100000 -0.179580
v 1.409786 -0.100000 -0.188327
v 1.407230 -0.100000 -0.195484
v 1.404046 -0.100000 -0.201325
v 1.400339 -0.100000 -0.206122
v 1.396146 -0.100000 -0.210093
v 1.391489 -0.100000 -0.213365
v 1.386423 -0.100000 -0.215993
v 1.381057 -0.100000 -0.217996
v 1.375555 -0.100000 -0.219384
v 1.370121 -0.100000 -0.220178
v 1.364801 -0.100000 -0.220436
v 1.357712 -0.100000 -0.220234
v 1.350350 -0.100000 -0.219606
v 1.342891 -0.100000 -0.218555
v 1.335321 -0.100000 -0.217072
v 1.327623 -0.100000 -0.215149
v 1.319785 -0.100000 -0.212778
v 1.311797 -0.100000 -0.209952
v 1.303651 -0.100000 -0.206660
v 1.295341 -0.100000 -0.202898
v 1.286861 -0.100000 -0.198659
v 1.278207 -0.100000 -0.193937
v 1.238950 -0.100000 -0.170788
v 1.238950 -0.100000 -0.305149
v 1.258697 -0.100000 -0.315314
v 1.268588 -0.100000 -0.319838
v 1.278882 -0.100000 -0.324050
v 1.289474 -0.100000 -0.327941
v 1.300258 -0.100000 -0.331491
v 1.311124 -0.100000 -0.334678
v 1.321963 -0.100000 -0.337475
v 1.332669 -0.100000 -0.339853
v 1.343144 -0.100000 -0.341782
v 1.353298 -0.100000 -0.343225
v 1.363063 -0.100000 -0.344139
v 1.372530 -0.100000 -0.344468
v 1.398963 -0.100000 -0.343073
v 1.423652 -0.100000 -0.338899
v 1.446375 -0.100000 -0.332023
v 1.467030 -0.100000 -0.322534
v 1.485481 -0.100000 -0.310561
v 1.501583 -0.100000 -0.296291
v 1.515218 -0.100000 -0.279963
v 1.526319 -0.100000 -0.261847
v 1.534874 -0.100000 -0.242211
v 1.540915 -0.100000 -0.221296
v 1.544496 -0.100000 -0.199308
v 1.545650 -0.100000 -0.176915
v 1.545650 -0.100000 0.052450
v 1.627550 -0.100000 0.052450
v 1.627550 -0.100000 0.091377
v 1.412200 -0.100000 0.301569
v 1.412200 -0.100000 0.176450
v 1.837219 -0.100000 0.224253
v 1.847065 -0.100000 0.226296
v 1.856404 -0.100000 0.229577
v 1.865133 -0.100000 0.233993
v 1.873163 -0.100000 0.239444
v 1.880414 -0.100000 0.245836
v 1.886806 -0.100000 0.253087
v 1.892257 -0.100000 0.261117
v 1.896673 -0.100000 0.269846
v 1.899954 -0.100000 0.279185
v 1.901997 -0.100000 0.289031
v 1.902697 -0.100000 0.299250
v 1.901997 -0.100000 0.309469
v 1.899954 -0.100000 0.319315
v 1.896673 -0.100000 0.328654
v 1.892257 -0.100000 0.337383
v 1.886806 -0.100000 0.345413
v 1.880414 -0.100000 0.352664
v 1.873163 -0.100000 0.359056
v 1.865133 -0.100000 0.364507
v 1.856404 -0.100000 0.368923
v 1.847065 -0.100000 0.372204
v 1.837219 -0.100000 0.374246
v 1.827000 -0.100000 0.374947
v 1.816781 -0.100000 0.374246
v 1.806935 -0.100000 0.372204
v 1.797596 -0.100000 0.368923
v 1.788867 -0.100000 0.364507
v 1.780837 -0.100000 0.359056
v 1.773586 -0.100000 0.352664
v 1.767194 -0.100000 0.345413
v 1.761743 -0.100000 0.337383
v 1.757327 -0.100000 0.328654
v 1.754046 -0.100000 0.319315
v 1.752003 -0.100000 0.309469
v 1.751303 -0.100000 0.299250
v 1.752003 -0.100000 0.289031
v 1.754046 -0.100000 0.279185
v 1.757327 -0.100000 0.269846
v 1.761743 -0.100000 0.261117
v 1.767194 -0.100000 0.253087
v 1.773586 -0.100000 0.245836
v 1.780837 -0.100000 0.239444
v 1.788867 -0.100000 0.233993
v 1.797596 -0.100000 0.229577
v 1.806935 -0.100000 0.226296
v 1.816781 -0.100000 0.224253
v 1.827000 -0.100000 0.223553
v 1.894250 -0.100000 -0.335000
v 1.894250 -0.100000 0.176450
v 1.760800 -0.100000 0.176450
v 1.760800 -0.100000 -0.335000
v 2.293150 -0.100000 0.288700
v 2.293150 -0.100000 -0.335000
v 2.436050 -0.100000 -0.335000
v 2.436050 -0.100000 0.288700
v 2.683850 -0.100000 0.288700
v 2.683850 -0.100000 0.421100
v 2.045350 -0.100000 0.421100
v 2.045350 -0.100000 0.288700
v 2.293150 -0.100000 0.288700
v 2.293150 0.100000 0.288700
v 2.293150 -0.100000 -0.335000
v 2.293150 0.100000 -0.335000
v 2.436050 -0.100000 -0.335000
v 2.436050 0.100000 -0.335000
v 2.436050 -0.100000 0.288700
v 2.436050 0.100000 0.288700
v 2.683850 -0.100000 0.288700
v 2.683850 0.100000 0.288700
v 2.683850 -0.100000 0.421100
v 2.683850 0.100000 0.421100
v 2.045350 -0.100000 0.421100
v 2.045350 0.100000 0.421100
v 2.045350 -0.100000 0.288700
v 2.045350 0.100000 0.288700
v 1.894250 -0.100000 -0.335000
v 1.894250 0.100000 -0.335000
v 1.894250 -0.100000 0.176450
v 1.894250 0.100000 0.176450
v 1.760800 -0.100000 0.176450
v 1.760800 0.100000 0.176450
v 1.760800 -0.100000 -0.335000
v 1.760800 0.100000 -0.335000
v 1.837219 -0.100000 0.224253
v 1.837219 0.100000 0.224253
v 1.847065 -0.100000 0.226296
v 1.847065 0.100000 0.226296
v 1.856404 -0.100000 0.229577
v 1.856404 0.100000 0.229577
v 1.865133 -0.100000 0.233993
v 1.865133 0.100000 0.233993
v 1.873163 -0.100000 0.239444
v 1.873163 0.100000 0.239444
v 1.880414 -0.100000 0.245836
v 1.880414 0.100000 0.245836
v 1.886806 -0.100000 0.253087
v 1.886806 0.100000 0.253087
v 1.892257 -0.100000 0.261117
v 1.892257 0.100000 0.261117
v 1.896673 -0.100000 0.269846
v 1.896673 0.100000 0.269846
v 1.899954 -0.100000 0.279185
v 1.899954 0.100000 0.279185
v 1.901997 -0.100000 0.289031
v 1.901997 0.100000 0.289031
v 1.902697 -0.100000 0.299250
v 1.902697 0.100000 0.299250
v 1.901997 -0.100000 0.309469
v 1.901997 0.100000 0.309469
v 1.899954 -0.100000 0.319315
v 1.899954 0.100000 0.319315
v 1.896673 -0.100000 0.328654
v 1.896673 0.100000 0.328654
v 1.892257 -0.100000 0.337383
v 1.892257 0.100000 0.337383
v 1.886806 -0.100000 0.345413
v 1.886806 0.100000 0.345413
v 1.880414 -0.100000 0.352664
v 1.880414 0.100000 0.352664
v 1.873163 -0.100000 0.359056
v 1.873163 0.100000 0.359056
v 1.865133 -0.100000 0.364507
v 1.865133 0.100000 0.364507
v 1.856404 -0.100000 0.368923
v 1.856404 0.100000 0.368923
v 1.847065 -0.100000 0.372204
v 1.847065 0.100000 0.372204
v 1.837219 -0.100000 0.374246
v 1.837219 0.100000 0.374246
v 1.827000 -0.100000 0.374947
v 1.827000 0.100000 0.374947
v 1.816781 -0.100000 0.374246
v 1.816781 0.100000 0.374246
v 1.806935 -0.100000 0.372204
v 1.806935 0.100000 0.372204
v 1.797596 -0.100000 0.368923
v 1.797596 0.100000 0.368923
v 1.788867 -0.100000 0.364507
v 1.788867 0.100000 0.364507
v 1.780837 -0.100000 0.359056
v 1.780837 0.100000 0.359056
v 1.773586 -0.100000 0.352664
v 1.773586 0.100000 0.352664
v 1.767194 -0.100000 0.345413
v 1.767194 0.100000 0.345413
v 1.761743 -0.100000 0.337383
v 1.761743 0.100000 0.337383
v 1.757327 -0.100000 0.328654
v 1.757327 0.100000 0.328654
v 1.754046 -0.100000 0.319315
v 1.754046 0.100000 0.319315
v 1.752003 -0.100000 0.309469
v 1.752003 0.100000 0.309469
v 1.751303 -0.100000 0.299250
v 1.751303 0.100000 0.299250
v 1.752003 -0.100000 0.289031
v 1.752003 0.100000 0.289031
v 1.754046 -0.100000 0.279185
v 1.754046 0.100000 0.279185
v 1.757327 -0.100000 0.269846
v 1.757327 0.100000 0.269846
v 1.761743 -0.100000 0.261117
v 1.761743 0.100000 0.261117
v 1.767194 -0.100000 0.253087
v 1.767194 0.100000 0.253087
v 1.773586 -0.100000 0.245836
v 1.773586 0.100000 0.245836
v 1.780837 -0.100000 0.239444
v 1.780837 0.100000 0.239444
v 1.788867 -0.100000 0.233993
v 1.788867 0.100000 0.233993
v 1.797596 -0.100000 0.229577
v 1.797596 0.100000 0.229577
v 1.806935 -0.100000 0.226296
v 1.806935 0.100000 0.226296
v 1.816781 -0.100000 0.224253
v 1.816781 0.100000 0.224253
v 1.827000 -0.100000 0.223553
v 1.827000 0.100000 0.223553
v 1.263100 -0.100000 0.176450
v 1.263100 0.100000 0.176450
v 1.263100 -0.100000 0.052450
v 1.263100 0.100000 0.052450
v 1.412200 -0.100000 0.052450
v 1.412200 0.100000 0.052450
v 1.412200 -0.100000 -0.168439
v 1.412200 0.100000 -0.168439
v 1.411519 -0.100000 -0.179580
v 1.411519 0.100000 -0.179580
v 1.409786 -0.100000 -0.188327
v 1.409786 0.100000 -0.188327
v 1.407230 -0.100000 -0.195484
v 1.407230 0.100000 -0.195484
v 1.404046 -0.100000 -0.201325
v 1.404046 0.100000 -0.201325
v 1.400339 -0.100000 -0.206122
v 1.400339 0.100000 -0.206122
v 1.396146 -0.100000 -0.210093
v 1.396146 0.100000 -0.210093
v 1.391489 -0.100000 -0.213365
v 1.391489 0.100000 -0.213365
v 1.386423 -0.100000 -0.215993
v 1.386423 0.100000 -0.215993
v 1.381057 -0.100000 -0.217996
v 1.381057 0.100000 -0.217996
v 1.375555 -0.100000 -0.219384
v 1.375555 0.100000 -0.219384
v 1.370121 -0.100000 -0.220178
v 1.370121 0.100000 -0.220178
v 1.364801 -0.100000 -0.220436
v 1.364801 0.100000 -0.220436
v 1.357712 -0.100000 -0.220234
v 1.357712 0.100000 -0.220234
v 1.350350 -0.100000 -0.219606
v 1.350350 0.100000 -0.219606
v 1.342891 -0.100000 -0.218555
v 1.342891 0.100000 -0.218555
v 1.335321 -0.100000 -0.217072
v 1.335321 0.100000 -0.217072
v 1.327623 -0.100000 -0.215149
v 1.327623 0.100000 -0.215149
v 1.319785 -0.100000 -0.212778
v 1.319785 0.100000 -0.212778
v 1.311797 -0.100000 -0.209952
v 1.311797 0.100000 -0.209952
v 1.303651 -0.100000 -0.206660
v 1.303651 0.100000 -0.206660
v 1.295341 -0.100000 -0.202898
v 1.295341 0.100000 -0.202898
v 1.286861 -0.100000 -0.198659
v 1.286861 0.100000 -0.198659
v 1.278207 -0.100000 -0.193937
v 1.278207 0.100000 -0.193937
v 1.238950 -0.100000 -0.170788
v 1.238950 0.100000 -0.170788
v 1.238950 -0.100000 -0.305149
v 1.238950 0.100000 -0.305149
v 1.258697 -0.100000 -0.315314
v 1.258697 0.100000 -0.315314
v 1.268588 -0.100000 -0.319838
v 1.268588 0.100000 -0.319838
v 1.278882 -0.100000 -0.324050
v 1.278882 0.100000 -0.324050
v 1.289474 -0.100000 -0.327941
v 1.289474 0.100000 -0.327941
v 1.300258 -0.100000 -0.331491
v 1.300258 0.100000 -0.331491
v 1.311124 -0.100000 -0.334678
v 1.311124 0.100000 -0.334678
v 1.321963 -0.100000 -0.337475
v 1.321963 0.100000 -0.337475
v 1.332669 -0.100000 -0.339853
v 1.332669 0.100000 -0.339853
v 1.343144 -0.100000 -0.341782
v 1.343144 0.100000 -0.341782
v 1.353298 -0.100000 -0.343225
v 1.353298 0.100000 -0.343225
v 1.363063 -0.100000 -0.344139
v 1.363063 0.100000 -0.344139
v 1.372530 -0.100000 -0.344468
v 1.372530 0.100000 -0.344468
v 1.398963 -0.100000 -0.343073
v 1.398963 0.100000 -0.343073
v 1.423652 -0.100000 -0.338899
v 1.423652 0.100000 -0.338899
v 1.446375 -0.100000 -0.332023
v 1.446375 0.100000 -0.332023
v 1.467030 -0.100000 -0.322534
v 1.467030 0.100000 -0.322534
v 1.485481 -0.100000 -0.310561
v 1.485481 0.100000 -0.310561
v 1.501583 -0.100000 -0.296291
v 1.501583 0.100000 -0.296291
v 1.515218 -0.100000 -0.279963
v 1.515218 0.100000 -0.279963
v 1.526319 -0.100000 -0.261847
v 1.526319 0.100000 -0.261847
v 1.534874 -0.100000 -0.242211
v 1.534874 0.100000 -0.242211
v 1.540915 -0.100000 -0.221296
v 1.540915 0.100000 -0.221296
v 1.544496 -0.100000 -0.199308
v 1.544496 0.100000 -0.199308
v 1.545650 -0.100000 -0.176915
v 1.545650 0.100000 -0.176915
v 1.545650 -0.100000 0.052450
v 1.545650 0.100000 0.052450
v 1.627550 -0.100000 0.052450
v 1.627550 0.100000 0.052450
v 1.627550 -0.100000 0.091377
v 1.627550 0.100000 0.091377
v 1.412200 -0.100000 0.301569
v 1.412200 0.100000 0.301569
v 1.412200 -0.100000 0.176450
v 1.412200 0.100000 0.176450
v 1.104650 -0.100000 -0.335000
v 1.104650 0.100000 -0.335000
v 1.104650 -0.100000 0.421100
v 1.104650 0.100000 0.421100
v 0.971200 -0.100000 0.421100
v 0.971200 0.100000 0.421100
v 0.971200 -0.100000 -0.335000
v 0.971200 0.100000 -0.335000
v 0.361668 -0.100000 -0.294882
v 0.361668 0.100000 -0.294882
v 0.376378 -0.100000 -0.303521
v 0.376378 0.100000 -0.303521
v 0.391214 -0.100000 -0.311359
v 0.391214 0.100000 -0.311359
v 0.406282 -0.100000 -0.318382
v 0.406282 0.100000 -0.318382
v 0.421678 -0.100000 -0.324576
v 0.421678 0.100000 -0.324576
v 0.437492 -0.100000 -0.329927
v 0.437492 0.100000 -0.329927
v 0.453807 -0.100000 -0.334430
v 0.453807 0.100000 -0.334430
v 0.470708 -0.100000 -0.338085
v 0.470708 0.100000 -0.338085
v 0.488280 -0.100000 -0.340899
v 0.488280 0.100000 -0.340899
v 0.506616 -0.100000 -0.342887
v 0.506616 0.100000 -0.342887
v 0.525816 -0.100000 -0.344065
v 0.525816 0.100000 -0.344065
v 0.546500 -0.100000 -0.344463
v 0.546500 0.100000 -0.344463
v 0.584216 -0.100000 -0.341850
v 0.584216 0.100000 -0.341850
v 0.619718 -0.100000 -0.334126
v 0.619718 0.100000 -0.334126
v 0.652318 -0.100000 -0.321698
v 0.652318 0.100000 -0.321698
v 0.681822 -0.100000 -0.304996
v 0.681822 0.100000 -0.304996
v 0.708066 -0.100000 -0.284493
v 0.708066 0.100000 -0.284493
v 0.730937 -0.100000 -0.260678
v 0.730937 0.100000 -0.260678
v 0.750370 -0.100000 -0.234031
v 0.750370 0.100000 -0.234031
v 0.766327 -0.100000 -0.205010
v 0.766327 0.100000 -0.205010
v 0.778787 -0.100000 -0.174045
v 0.778787 0.100000 -0.174045
v 0.787727 -0.100000 -0.141545
v 0.787727 0.100000 -0.141545
v 0.793120 -0.100000 -0.107902
v 0.793120 0.100000 -0.107902
v 0.794928 -0.100000 -0.073492
v 0.794928 0.100000 -0.073492
v 0.792960 -0.100000 -0.036606
v 0.792960 0.100000 -0.036606
v 0.787140 -0.100000 -0.001721
v 0.787140 0.100000 -0.001721
v 0.777604 -0.100000 0.030956
v 0.777604 0.100000 0.030956
v 0.764494 -0.100000 0.061195
v 0.764494 0.100000 0.061195
v 0.747963 -0.100000 0.088752
v 0.747963 0.100000 0.088752
v 0.728188 -0.100000 0.113370
v 0.728188 0.100000 0.113370
v 0.705373 -0.100000 0.134790
v 0.705373 0.100000 0.134790
v 0.679750 -0.100000 0.152760
v 0.679750 0.100000 0.152760
v 0.651574 -0.100000 0.167048
v 0.651574 0.100000 0.167048
v 0.621116 -0.100000 0.177451
v 0.621116 0.100000 0.177451
v 0.588643 -0.100000 0.183796
v 0.588643 0.100000 0.183796
v 0.554440 -0.100000 0.185937
v 0.554440 0.100000 0.185937
v 0.521675 -0.100000 0.184017
v 0.521675 0.100000 0.184017
v 0.490746 -0.100000 0.178183
v 0.490746 0.100000 0.178183
v 0.461794 -0.100000 0.168325
v 0.461794 0.100000 0.168325
v 0.435100 -0.100000 0.154378
v 0.435100 0.100000 0.154378
v 0.410977 -0.100000 0.136360
v 0.410977 0.100000 0.136360
v 0.389717 -0.100000 0.114379
v 0.389717 0.100000 0.114379
v 0.371534 -0.100000 0.088598
v 0.371534 0.100000 0.088598
v 0.356556 -0.100000 0.059175
v 0.356556 0.100000 0.059175
v 0.344843 -0.100000 0.026226
v 0.344843 0.100000 0.026226
v 0.336427 -0.100000 -0.010193
v 0.336427 0.100000 -0.010193
v 0.331343 -0.100000 -0.050071
v 0.331343 0.100000 -0.050071
v 0.328847 -0.100000 -0.113450
v 0.328847 0.100000 -0.113450
v 0.657055 -0.100000 -0.113450
v 0.657055 0.100000 -0.113450
v 0.657534 -0.100000 -0.111053
v 0.657534 0.100000 -0.111053
v 0.651994 -0.100000 -0.129714
v 0.651994 0.100000 -0.129714
v 0.645133 -0.100000 -0.146312
v 0.645133 0.100000 -0.146312
v 0.637018 -0.100000 -0.160900
v 0.637018 0.100000 -0.160900
v 0.627692 -0.100000 -0.173567
v 0.627692 0.100000 -0.173567
v 0.617150 -0.100000 -0.184433
v 0.617150 0.100000 -0.184433
v 0.605324 -0.100000 -0.193615
v 0.605324 0.100000 -0.193615
v 0.592097 -0.100000 -0.201194
v 0.592097 0.100000 -0.201194
v 0.577334 -0.100000 -0.207192
v 0.577334 0.100000 -0.207192
v 0.560920 -0.100000 -0.211573
v 0.560920 0.100000 -0.211573
v 0.542776 -0.100000 -0.214263
v 0.542776 0.100000 -0.214263
v 0.522747 -0.100000 -0.215186
v 0.522747 0.100000 -0.215186
v 0.510013 -0.100000 -0.214794
v 0.510013 0.100000 -0.214794
v 0.497218 -0.100000 -0.213618
v 0.497218 0.100000 -0.213618
v 0.484485 -0.100000 -0.211676
v 0.484485 0.100000 -0.211676
v 0.471784 -0.100000 -0.208983
v 0.471784 0.100000 -0.208983
v 0.459091 -0.100000 -0.205549
v 0.459091 0.100000 -0.205549
v 0.446385 -0.100000 -0.201386
v 0.446385 0.100000 -0.201386
v 0.433646 -0.100000 -0.196503
v 0.433646 0.100000 -0.196503
v 0.420860 -0.100000 -0.190913
v 0.420860 0.100000 -0.190913
v 0.408012 -0.100000 -0.184628
v 0.408012 0.100000 -0.184628
v 0.395091 -0.100000 -0.177663
v 0.395091 0.100000 -0.177663
v 0.382087 -0.100000 -0.170032
v 0.382087 0.100000 -0.170032
v 0.338050 -0.100000 -0.142199
v 0.338050 0.100000 -0.142199
v 0.338050 -0.100000 -0.279731
v 0.338050 0.100000 -0.279731
v 0.463446 -0.100000 -0.017004
v 0.463446 0.100000 -0.017004
v 0.466152 -0.100000 -0.002916
v 0.466152 0.100000 -0.002916
v 0.470070 -0.100000 0.009819
v 0.470070 0.100000 0.009819
v 0.475102 -0.100000 0.021180
v 0.475102 0.100000 0.021180
v 0.481160 -0.100000 0.031178
v 0.481160 0.100000 0.031178
v 0.488187 -0.100000 0.039846
v 0.488187 0.100000 0.039846
v 0.496167 -0.100000 0.047235
v 0.496167 0.100000 0.047235
v 0.505132 -0.100000 0.053386
v 0.505132 0.100000 0.053386
v 0.515155 -0.100000 0.058304
v 0.515155 0.100000 0.058304
v 0.526319 -0.100000 0.061947
v 0.526319 0.100000 0.061947
v 0.538695 -0.100000 0.064226
v 0.538695 0.100000 0.064226
v 0.552377 -0.100000 0.065021
v 0.552377 0.100000 0.065021
v 0.567460 -0.100000 0.064261
v 0.567460 0.100000 0.064261
v 0.581263 -0.100000 0.062039
v 0.581263 0.100000 0.062039
v 0.593738 -0.100000 0.058457
v 0.593738 0.100000 0.058457
v 0.604977 -0.100000 0.053587
v 0.604977 0.100000 0.053587
v 0.615097 -0.100000 0.047462
v 0.615097 0.100000 0.047462
v 0.624216 -0.100000 0.040059
v 0.624216 0.100000 0.040059
v 0.632419 -0.100000 0.031313
v 0.632419 0.100000 0.031313
v 0.639744 -0.100000 0.021140
v 0.639744 0.100000 0.021140
v 0.646179 -0.100000 0.009468
v 0.646179 0.100000 0.009468
v 0.651677 -0.100000 -0.003752
v 0.651677 0.100000 -0.003752
v 0.656178 -0.100000 -0.018531
v 0.656178 0.100000 -0.018531
v 0.654697 -0.100000 -0.011500
v 0.654697 0.100000 -0.011500
v 0.463945 -0.100000 -0.011500
v 0.463945 0.100000 -0.011500
v -0.180865 -0.100000 0.241911
v -0.180865 0.100000 0.241911
v -0.166745 -0.100000 0.253140
v -0.166745 0.100000 0.253140
v -0.152851 -0.100000 0.262863
v -0.152851 0.100000 0.262863
v -0.139207 -0.100000 0.271178
v -0.139207 0.100000 0.271178
v -0.125833 -0.100000 0.278183
v -0.125833 0.100000 0.278183
v -0.112745 -0.100000 0.283971
v -0.112745 0.100000 0.283971
v -0.099956 -0.100000 0.288636
v -0.099956 0.100000 0.288636
v -0.087480 -0.100000 0.292269
v -0.087480 0.100000 0.292269
v -0.075327 -0.100000 0.294955
v -0.075327 0.100000 0.294955
v -0.063510 -0.100000 0.296776
v -0.063510 0.100000 0.296776
v -0.052041 -0.100000 0.297813
v -0.052041 0.100000 0.297813
v -0.041094 -0.100000 0.298137
v -0.041094 0.100000 0.298137
v -0.026625 -0.100000 0.297499
v -0.026625 0.100000 0.297499
v -0.013269 -0.100000 0.295668
v -0.013269 0.100000 0.295668
v -0.000988 -0.100000 0.292738
v -0.000988 0.100000 0.292738
v 0.010126 -0.100000 0.288817
v 0.010126 0.100000 0.288817
v 0.019994 -0.100000 0.284020
v 0.019994 0.100000 0.284020
v 0.028558 -0.100000 0.278468
v 0.028558 0.100000 0.278468
v 0.035789 -0.100000 0.272276
v 0.035789 0.100000 0.272276
v 0.041688 -0.100000 0.265535
v 0.041688 0.100000 0.265535
v 0.046286 -0.100000 0.258291
v 0.046286 0.100000 0.258291
v 0.049615 -0.100000 0.250528
v 0.049615 0.100000 0.250528
v 0.051672 -0.100000 0.242164
v 0.051672 0.100000 0.242164
v 0.052299 -0.100000 0.234222
v 0.052299 0.100000 0.234222
v 0.047413 -0.100000 0.208813
v 0.047413 0.100000 0.208813
v 0.033897 -0.100000 0.187030
v 0.033897 0.100000 0.187030
v 0.011468 -0.100000 0.165967
v 0.011468 0.100000 0.165967
v -0.018596 -0.100000 0.145298
v -0.018596 0.100000 0.145298
v -0.054076 -0.100000 0.124475
v -0.054076 0.100000 0.124475
v -0.092638 -0.100000 0.102512
v -0.092638 0.100000 0.102512
v -0.132029 -0.100000 0.078145
v -0.132029 0.100000 0.078145
v -0.170026 -0.100000 0.049923
v -0.170026 0.100000 0.049923
v -0.204295 -0.100000 0.016260
v -0.204295 0.100000 0.016260
v -0.232189 -0.100000 -0.024366
v -0.232189 0.100000 -0.024366
v -0.250782 -0.100000 -0.073014
v -0.250782 0.100000 -0.073014
v -0.257374 -0.100000 -0.129673
v -0.257374 0.100000 -0.129673
v -0.255437 -0.100000 -0.160192
v -0.255437 0.100000 -0.160192
v -0.249834 -0.100000 -0.188759
v -0.249834 0.100000 -0.188759
v -0.240711 -0.100000 -0.215656
v -0.240711 0.100000 -0.215656
v -0.228265 -0.100000 -0.240635
v -0.228265 0.100000 -0.240635
v -0.212710 -0.100000 -0.263449
v -0.212710 0.100000 -0.263449
v -0.194274 -0.100000 -0.283865
v -0.194274 0.100000 -0.283865
v -0.173196 -0.100000 -0.301661
v -0.173196 0.100000 -0.301661
v -0.149719 -0.100000 -0.316628
v -0.149719 0.100000 -0.316628
v -0.124091 -0.100000 -0.328571
v -0.124091 0.100000 -0.328571
v -0.096559 -0.100000 -0.337307
v -0.096559 0.100000 -0.337307
v -0.067367 -0.100000 -0.342666
v -0.067367 0.100000 -0.342666
v -0.037114 -0.100000 -0.344464
v -0.037114 0.100000 -0.344464
v -0.016682 -0.100000 -0.343994
v -0.016682 0.100000 -0.343994
v 0.002866 -0.100000 -0.342598
v 0.002866 0.100000 -0.342598
v 0.021933 -0.100000 -0.340247
v 0.021933 0.100000 -0.340247
v 0.040546 -0.100000 -0.336923
v 0.040546 0.100000 -0.336923
v 0.058728 -0.100000 -0.332612
v 0.058728 0.100000 -0.332612
v 0.076501 -0.100000 -0.327303
v 0.076501 0.100000 -0.327303
v 0.093886 -0.100000 -0.320987
v 0.093886 0.100000 -0.320987
v 0.110904 -0.100000 -0.313661
v 0.110904 0.100000 -0.313661
v 0.127580 -0.100000 -0.305325
v 0.127580 0.100000 -0.305325
v 0.143940 -0.100000 -0.295980
v 0.143940 0.100000 -0.295980
v 0.160015 -0.100000 -0.285630
v 0.160015 0.100000 -0.285630
v 0.183800 -0.100000 -0.268566
v 0.183800 0.100000 -0.268566
v 0.183800 -0.100000 -0.072655
v 0.183800 0.100000 -0.072655
v 0.135389 -0.100000 -0.131027
v 0.135389 0.100000 -0.131027
v 0.122302 -0.100000 -0.144989
v 0.122302 0.100000 -0.144989
v 0.108815 -0.100000 -0.157651
v 0.108815 0.100000 -0.157651
v 0.094967 -0.100000 -0.169002
v 0.094967 0.100000 -0.169002
v 0.080796 -0.100000 -0.179034
v 0.080796 0.100000 -0.179034
v 0.066336 -0.100000 -0.187744
v 0.066336 0.100000 -0.187744
v 0.051616 -0.100000 -0.195129
v 0.051616 0.100000 -0.195129
v 0.036661 -0.100000 -0.201185
v 0.036661 0.100000 -0.201185
v 0.021491 -0.100000 -0.205910
v 0.021491 0.100000 -0.205910
v 0.006119 -0.100000 -0.209300
v 0.006119 0.100000 -0.209300
v -0.009447 -0.100000 -0.211345
v -0.009447 0.100000 -0.211345
v -0.025103 -0.100000 -0.212027
v -0.025103 0.100000 -0.212027
v -0.042061 -0.100000 -0.211124
v -0.042061 0.100000 -0.211124
v -0.057041 -0.100000 -0.208608
v -0.057041 0.100000 -0.208608
v -0.070210 -0.100000 -0.204725
v -0.070210 0.100000 -0.204725
v -0.081667 -0.100000 -0.199708
v -0.081667 0.100000 -0.199708
v -0.091516 -0.100000 -0.193766
v -0.091516 0.100000 -0.193766
v -0.099853 -0.100000 -0.187088
v -0.099853 0.100000 -0.187088
v -0.106759 -0.100000 -0.179851
v -0.106759 0.100000 -0.179851
v -0.112295 -0.100000 -0.172229
v -0.112295 0.100000 -0.172229
v -0.116509 -0.100000 -0.164403
v -0.116509 0.100000 -0.164403
v -0.119443 -0.100000 -0.156574
v -0.119443 0.100000 -0.156574
v -0.121147 -0.100000 -0.148956
v -0.121147 0.100000 -0.148956
v -0.121617 -0.100000 -0.142752
v -0.121617 0.100000 -0.142752
v -0.116551 -0.100000 -0.114113
v -0.116551 0.100000 -0.114113
v -0.102585 -0.100000 -0.089190
v -0.102585 0.100000 -0.089190
v -0.079931 -0.100000 -0.065376
v -0.079931 0.100000 -0.065376
v -0.049907 -0.100000 -0.042296
v -0.049907 0.100000 -0.042296
v -0.014618 -0.100000 -0.019516
v -0.014618 0.100000 -0.019516
v 0.023670 -0.100000 0.003742
v 0.023670 0.100000 0.003742
v 0.062740 -0.100000 0.028500
v 0.062740 0.100000 0.028500
v 0.100424 -0.100000 0.055969
v 0.100424 0.100000 0.055969
v 0.134504 -0.100000 0.087539
v 0.134504 0.100000 0.087539
v 0.162475 -0.100000 0.124684
v 0.162475 0.100000 0.124684
v 0.181363 -0.100000 0.168541
v 0.181363 0.100000 0.168541
v 0.188084 -0.100000 0.218742
v 0.188084 0.100000 0.218742
v 0.186108 -0.100000 0.250270
v 0.186108 0.100000 0.250270
v 0.180362 -0.100000 0.279335
v 0.180362 0.100000 0.279335
v 0.170896 -0.100000 0.306454
v 0.170896 0.100000 0.306454
v 0.157845 -0.100000 0.331390
v 0.157845 0.100000 0.331390
v 0.141392 -0.100000 0.353905
v 0.141392 0.100000 0.353905
v 0.121762 -0.100000 0.373784
v 0.121762 0.100000 0.373784
v 0.099208 -0.100000 0.390854
v 0.099208 0.100000 0.390854
v 0.073981 -0.100000 0.404985
v 0.073981 0.100000 0.404985
v 0.046317 -0.100000 0.416089
v 0.046317 0.100000 0.416089
v 0.016423 -0.100000 0.424095
v 0.016423 0.100000 0.424095
v -0.015515 -0.100000 0.428943
v -0.015515 0.100000 0.428943
v -0.049125 -0.100000 0.430562
v -0.049125 0.100000 0.430562
v -0.064022 -0.100000 0.430180
v -0.064022 0.100000 0.430180
v -0.078676 -0.100000 0.429052
v -0.078676 0.100000 0.429052
v -0.093290 -0.100000 0.427172
v -0.093290 0.100000 0.427172
v -0.107847 -0.100000 0.424542
v -0.107847 0.100000 0.424542
v -0.122327 -0.100000 0.421163
v -0.122327 0.100000 0.421163
v -0.136712 -0.100000 0.417039
v -0.136712 0.100000 0.417039
v -0.150985 -0.100000 0.412172
v -0.150985 0.100000 0.412172
v -0.165126 -0.100000 0.406564
v -0.165126 0.100000 0.406564
v -0.179119 -0.100000 0.400219
v -0.179119 0.100000 0.400219
v -0.192947 -0.100000 0.393141
v -0.192947 0.100000 0.393141
v -0.206595 -0.100000 0.385332
v -0.206595 0.100000 0.385332
v -0.228950 -0.100000 0.371145
v -0.228950 0.100000 0.371145
v -0.228950 -0.100000 0.198826
v -0.228950 0.100000 0.198826
v -0.764956 -0.100000 0.025024
v -0.764956 0.100000 0.025024
v -0.753203 -0.100000 0.032066
v -0.753203 0.100000 0.032066
v -0.742136 -0.100000 0.038135
v -0.742136 0.100000 0.038135
v -0.731679 -0.100000 0.043295
v -0.731679 0.100000 0.043295
v -0.721750 -0.100000 0.047611
v -0.721750 0.100000 0.047611
v -0.712260 -0.100000 0.051153
v -0.712260 0.100000 0.051153
v -0.703108 -0.100000 0.053992
v -0.703108 0.100000 0.053992
v -0.694182 -0.100000 0.056198
v -0.694182 0.100000 0.056198
v -0.685363 -0.100000 0.057831
v -0.685363 0.100000 0.057831
v -0.676527 -0.100000 0.058947
v -0.676527 0.100000 0.058947
v -0.667553 -0.100000 0.059589
v -0.667553 0.100000 0.059589
v -0.658761 -0.100000 0.059786
v -0.658761 0.100000 0.059786
v -0.640247 -0.100000 0.058609
v -0.640247 0.100000 0.058609
v -0.623419 -0.100000 0.055266
v -0.623419 0.100000 0.055266
v -0.607904 -0.100000 0.049875
v -0.607904 0.100000 0.049875
v -0.593714 -0.100000 0.042547
v -0.593714 0.100000 0.042547
v -0.580863 -0.100000 0.033360
v -0.580863 0.100000 0.033360
v -0.569382 -0.100000 0.022362
v -0.569382 0.100000 0.022362
v -0.559332 -0.100000 0.009582
v -0.559332 0.100000 0.009582
v -0.550803 -0.100000 -0.004955
v -0.550803 0.100000 -0.004955
v -0.543913 -0.100000 -0.021218
v -0.543913 0.100000 -0.021218
v -0.538803 -0.100000 -0.039160
v -0.538803 0.100000 -0.039160
v -0.535622 -0.100000 -0.058718
v -0.535622 0.100000 -0.058718
v -0.534528 -0.100000 -0.079771
v -0.534528 0.100000 -0.079771
v -0.535701 -0.100000 -0.101118
v -0.535701 0.100000 -0.101118
v -0.539097 -0.100000 -0.120600
v -0.539097 0.100000 -0.120600
v -0.544553 -0.100000 -0.138217
v -0.544553 0.100000 -0.138217
v -0.551923 -0.100000 -0.153993
v -0.551923 0.100000 -0.153993
v -0.561098 -0.100000 -0.167979
v -0.561098 0.100000 -0.167979
v -0.572019 -0.100000 -0.180230
v -0.572019 0.100000 -0.180230
v -0.584673 -0.100000 -0.190780
v -0.584673 0.100000 -0.190780
v -0.599074 -0.100000 -0.199621
v -0.599074 0.100000 -0.199621
v -0.615237 -0.100000 -0.206693
v -0.615237 0.100000 -0.206693
v -0.633159 -0.100000 -0.211900
v -0.633159 0.100000 -0.211900
v -0.652808 -0.100000 -0.215121
v -0.652808 0.100000 -0.215121
v -0.674398 -0.100000 -0.216239
v -0.674398 0.100000 -0.216239
v -0.683155 -0.100000 -0.216046
v -0.683155 0.100000 -0.216046
v -0.692166 -0.100000 -0.215448
v -0.692166 0.100000 -0.215448
v -0.701185 -0.100000 -0.214450
v -0.701185 0.100000 -0.214450
v -0.710267 -0.100000 -0.213047
v -0.710267 0.100000 -0.213047
v -0.719464 -0.100000 -0.211235
v -0.719464 0.100000 -0.211235
v -0.728828 -0.100000 -0.209004
v -0.728828 0.100000 -0.209004
v -0.738404 -0.100000 -0.206349
v -0.738404 0.100000 -0.206349
v -0.748237 -0.100000 -0.203261
v -0.748237 0.100000 -0.203261
v -0.758368 -0.100000 -0.199734
v -0.758368 0.100000 -0.199734
v -0.768836 -0.100000 -0.195762
v -0.768836 0.100000 -0.195762
v -0.779679 -0.100000 -0.191342
v -0.779679 0.100000 -0.191342
v -0.819050 -0.100000 -0.174299
v -0.819050 0.100000 -0.174299
v -0.819050 -0.100000 -0.310328
v -0.819050 0.100000 -0.310328
v -0.798019 -0.100000 -0.319358
v -0.798019 0.100000 -0.319358
v -0.787640 -0.100000 -0.323188
v -0.787640 0.100000 -0.323188
v -0.776484 -0.100000 -0.326771
v -0.776484 0.100000 -0.326771
v -0.764639 -0.100000 -0.330103
v -0.764639 0.100000 -0.330103
v -0.752207 -0.100000 -0.333164
v -0.752207 0.100000 -0.333164
v -0.739298 -0.100000 -0.335930
v -0.739298 0.100000 -0.335930
v -0.726027 -0.100000 -0.338370
v -0.726027 0.100000 -0.338370
v -0.712511 -0.100000 -0.340451
v -0.712511 0.100000 -0.340451
v -0.698869 -0.100000 -0.342139
v -0.698869 0.100000 -0.342139
v -0.685217 -0.100000 -0.343395
v -0.685217 0.100000 -0.343395
v -0.671668 -0.100000 -0.344182
v -0.671668 0.100000 -0.344182
v -0.657971 -0.100000 -0.344462
v -0.657971 0.100000 -0.344462
v -0.621703 -0.100000 -0.342344
v -0.621703 0.100000 -0.342344
v -0.586938 -0.100000 -0.336026
v -0.586938 0.100000 -0.336026
v -0.554299 -0.100000 -0.325698
v -0.554299 0.100000 -0.325698
v -0.524049 -0.100000 -0.311542
v -0.524049 0.100000 -0.311542
v -0.496459 -0.100000 -0.293757
v -0.496459 0.100000 -0.293757
v -0.471799 -0.100000 -0.272564
v -0.471799 0.100000 -0.272564
v -0.450334 -0.100000 -0.248204
v -0.450334 0.100000 -0.248204
v -0.432311 -0.100000 -0.220937
v -0.432311 0.100000 -0.220937
v -0.417960 -0.100000 -0.191032
v -0.417960 0.100000 -0.191032
v -0.407489 -0.100000 -0.158765
v -0.407489 0.100000 -0.158765
v -0.401084 -0.100000 -0.124404
v -0.401084 0.100000 -0.124404
v -0.398920 -0.100000 -0.088305
v -0.398920 0.100000 -0.088305
v -0.400886 -0.100000 -0.048513
v -0.400886 0.100000 -0.048513
v -0.406718 -0.100000 -0.011194
v -0.406718 0.100000 -0.011194
v -0.416348 -0.100000 0.023599
v -0.416348 0.100000 0.023599
v -0.429701 -0.100000 0.055667
v -0.429701 0.100000 0.055667
v -0.446684 -0.100000 0.084780
v -0.446684 0.100000 0.084780
v -0.467174 -0.100000 0.110683
v -0.467174 0.100000 0.110683
v -0.491002 -0.100000 0.133113
v -0.491002 0.100000 0.133113
v -0.517953 -0.100000 0.151823
v -0.517953 0.100000 0.151823
v -0.547778 -0.100000 0.166602
v -0.547778 0.100000 0.166602
v -0.580222 -0.100000 0.177287
v -0.580222 0.100000 0.177287
v -0.615042 -0.100000 0.183760
v -0.615042 0.100000 0.183760
v -0.651658 -0.100000 0.185911
v -0.651658 0.100000 0.185911
v -0.666144 -0.100000 0.185629
v -0.666144 0.100000 0.185629
v -0.679623 -0.100000 0.184812
v -0.679623 0.100000 0.184812
v -0.692568 -0.100000 0.183467
v -0.692568 0.100000 0.183467
v -0.705047 -0.100000 0.181613
v -0.705047 0.100000 0.181613
v -0.717128 -0.100000 0.179270
v -0.717128 0.100000 0.179270
v -0.728878 -0.100000 0.176466
v -0.728878 0.100000 0.176466
v -0.740366 -0.100000 0.173231
v -0.740366 0.100000 0.173231
v -0.751663 -0.100000 0.169595
v -0.751663 0.100000 0.169595
v -0.762850 -0.100000 0.165590
v -0.762850 0.100000 0.165590
v -0.774011 -0.100000 0.161247
v -0.774011 0.100000 0.161247
v -0.785236 -0.100000 0.156593
v -0.785236 0.100000 0.156593
v -0.808550 -0.100000 0.146470
v -0.808550 0.100000 0.146470
v -0.808550 -0.100000 -0.003111
v -0.808550 0.100000 -0.003111
v -1.397083 -0.100000 -0.294882
v -1.397083 0.100000 -0.294882
v -1.382372 -0.100000 -0.303521
v -1.382372 0.100000 -0.303521
v -1.367536 -0.100000 -0.311359
v -1.367536 0.100000 -0.311359
v -1.352468 -0.100000 -0.318382
v -1.352468 0.100000 -0.318382
v -1.337072 -0.100000 -0.324576
v -1.337072 0.100000 -0.324576
v -1.321258 -0.100000 -0.329927
v -1.321258 0.100000 -0.329927
v -1.304943 -0.100000 -0.334430
v -1.304943 0.100000 -0.334430
v -1.288042 -0.100000 -0.338085
v -1.288042 0.100000 -0.338085
v -1.270470 -0.100000 -0.340899
v -1.270470 0.100000 -0.340899
v -1.252134 -0.100000 -0.342887
v -1.252134 0.100000 -0.342887
v -1.232934 -0.100000 -0.344065
v -1.232934 0.100000 -0.344065
v -1.212251 -0.100000 -0.344463
v -1.212251 0.100000 -0.344463
v -1.174534 -0.100000 -0.341850
v -1.174534 0.100000 -0.341850
v -1.139033 -0.100000 -0.334126
v -1.139033 0.100000 -0.334126
v -1.106432 -0.100000 -0.321698
v -1.106432 0.100000 -0.321698
v -1.076928 -0.100000 -0.304996
v -1.076928 0.100000 -0.304996
v -1.050685 -0.100000 -0.284493
v -1.050685 0.100000 -0.284493
v -1.027813 -0.100000 -0.260678
v -1.027813 0.100000 -0.260678
v -1.008380 -0.100000 -0.234031
v -1.008380 0.100000 -0.234031
v -0.992423 -0.100000 -0.205010
v -0.992423 0.100000 -0.205010
v -0.979963 -0.100000 -0.174045
v -0.979963 0.100000 -0.174045
v -0.971023 -0.100000 -0.141545
v -0.971023 0.100000 -0.141545
v -0.965630 -0.100000 -0.107902
v -0.965630 0.100000 -0.107902
v -0.963822 -0.100000 -0.073492
v -0.963822 0.100000 -0.073492
v -0.965790 -0.100000 -0.036606
v -0.965790 0.100000 -0.036606
v -0.971610 -0.100000 -0.001721
v -0.971610 0.100000 -0.001721
v -0.981146 -0.100000 0.030956
v -0.981146 0.100000 0.030956
v -0.994257 -0.100000 0.061195
v -0.994257 0.100000 0.061195
v -1.010788 -0.100000 0.088752
v -1.010788 0.100000 0.088752
v -1.030562 -0.100000 0.113370
v -1.030562 0.100000 0.113370
v -1.053377 -0.100000 0.134790
v -1.053377 0.100000 0.134790
v -1.079000 -0.100000 0.152760
v -1.079000 0.100000 0.152760
v -1.107176 -0.100000 0.167048
v -1.107176 0.100000 0.167048
v -1.137635 -0.100000 0.177451
v -1.137635 0.100000 0.177451
v -1.170107 -0.100000 0.183796
v -1.170107 0.100000 0.183796
v -1.204310 -0.100000 0.185937
v -1.204310 0.100000 0.185937
v -1.237075 -0.100000 0.184017
v -1.237075 0.100000 0.184017
v -1.268004 -0.100000 0.178183
v -1.268004 0.100000 0.178183
v -1.296956 -0.100000 0.168325
v -1.296956 0.100000 0.168325
v -1.323650 -0.100000 0.154378
v -1.323650 0.100000 0.154378
v -1.347773 -0.100000 0.136360
v -1.347773 0.100000 0.136360
v -1.369033 -0.100000 0.114379
v -1.369033 0.100000 0.114379
v -1.387216 -0.100000 0.088598
v -1.387216 0.100000 0.088598
v -1.402194 -0.100000 0.059175
v -1.402194 0.100000 0.059175
v -1.413907 -0.100000 0.026226
v -1.413907 0.100000 0.026226
v -1.422323 -0.100000 -0.010193
v -1.422323 0.100000 -0.010193
v -1.427408 -0.100000 -0.050071
v -1.427408 0.100000 -0.050071
v -1.429903 -0.100000 -0.113450
v -1.429903 0.100000 -0.113450
v -1.101695 -0.100000 -0.113450
v -1.101695 0.100000 -0.113450
v -1.101216 -0.100000 -0.111053
v -1.101216 0.100000 -0.111053
v -1.106756 -0.100000 -0.129714
v -1.106756 0.100000 -0.129714
v -1.113618 -0.100000 -0.146312
v -1.113618 0.100000 -0.146312
v -1.121732 -0.100000 -0.160900
v -1.121732 0.100000 -0.160900
v -1.131058 -0.100000 -0.173567
v -1.131058 0.100000 -0.173567
v -1.141601 -0.100000 -0.184433
v -1.141601 0.100000 -0.184433
v -1.153427 -0.100000 -0.193615
v -1.153427 0.100000 -0.193615
v -1.166653 -0.100000 -0.201194
v -1.166653 0.100000 -0.201194
v -1.181416 -0.100000 -0.207192
v -1.181416 0.100000 -0.207192
v -1.197831 -0.100000 -0.211573
v -1.197831 0.100000 -0.211573
v -1.215974 -0.100000 -0.214263
v -1.215974 0.100000 -0.214263
v -1.236003 -0.100000 -0.215186
v -1.236003 0.100000 -0.215186
v -1.248738 -0.100000 -0.214794
v -1.248738 0.100000 -0.214794
v -1.261532 -0.100000 -0.213618
v -1.261532 0.100000 -0.213618
v -1.274266 -0.100000 -0.211676
v -1.274266 0.100000 -0.211676
v -1.286966 -0.100000 -0.208983
v -1.286966 0.100000 -0.208983
v -1.299659 -0.100000 -0.205549
v -1.299659 0.100000 -0.205549
v -1.312366 -0.100000 -0.201386
v -1.312366 0.100000 -0.201386
v -1.325104 -0.100000 -0.196503
v -1.325104 0.100000 -0.196503
v -1.337891 -0.100000 -0.190913
v -1.337891 0.100000 -0.190913
v -1.350738 -0.100000 -0.184628
v -1.350738 0.100000 -0.184628
v -1.363659 -0.100000 -0.177663
v -1.363659 0.100000 -0.177663
v -1.376663 -0.100000 -0.170032
v -1.376663 0.100000 -0.170032
v -1.420700 -0.100000 -0.142199
v -1.420700 0.100000 -0.142199
v -1.420700 -0.100000 -0.279731
v -1.420700 0.100000 -0.279731
v -1.295304 -0.100000 -0.017004
v -1.295304 0.100000 -0.017004
v -1.292598 -0.100000 -0.002916
v -1.292598 0.100000 -0.002916
v -1.288680 -0.100000 0.009819
v -1.288680 0.100000 0.009819
v -1.283648 -0.100000 0.021180
v -1.283648 0.100000 0.021180
v -1.277590 -0.100000 0.031178
v -1.277590 0.100000 0.031178
v -1.270563 -0.100000 0.039846
v -1.270563 0.100000 0.039846
v -1.262583 -0.100000 0.047235
v -1.262583 0.100000 0.047235
v -1.253618 -0.100000 0.053386
v -1.253618 0.100000 0.053386
v -1.243595 -0.100000 0.058304
v -1.243595 0.100000 0.058304
v -1.232432 -0.100000 0.061947
v -1.232432 0.100000 0.061947
v -1.220055 -0.100000 0.064226
v -1.220055 0.100000 0.064226
v -1.206373 -0.100000 0.065021
v -1.206373 0.100000 0.065021
v -1.191291 -0.100000 0.064261
v -1.191291 0.100000 0.064261
v -1.177487 -0.100000 0.062039
v -1.177487 0.100000 0.062039
v -1.165012 -0.100000 0.058457
v -1.165012 0.100000 0.058457
v -1.153773 -0.100000 0.053587
v -1.153773 0.100000 0.053587
v -1.143653 -0.100000 0.047462
v -1.143653 0.100000 0.047462
v -1.134534 -0.100000 0.040059
v -1.134534 0.100000 0.040059
v -1.126331 -0.100000 0.031313
v -1.126331 0.100000 0.031313
v -1.119006 -0.100000 0.021140
v -1.119006 0.100000 0.021140
v -1.112571 -0.100000 0.009467
v -1.112571 0.100000 0.009467
v -1.107073 -0.100000 -0.003751
v -1.107073 0.100000 -0.003751
v -1.102572 -0.100000 -0.018531
v -1.102572 0.100000 -0.018531
v -1.104054 -0.100000 -0.011500
v -1.104054 0.100000 -0.011500
v -1.294805 -0.100000 -0.011500
v -1.294805 0.100000 -0.011500
v -1.699107 -0.100000 0.114500
v -1.699107 0.100000 0.114500
v -1.702849 -0.100000 0.118898
v -1.702849 0.100000 0.118898
v -1.713765 -0.100000 0.130000
v -1.713765 0.100000 0.130000
v -1.725335 -0.100000 0.140190
v -1.725335 0.100000 0.140190
v -1.737500 -0.100000 0.149437
v -1.737500 0.100000 0.149437
v -1.750200 -0.100000 0.157715
v -1.750200 0.100000 0.157715
v -1.763374 -0.100000 0.164994
v -1.763374 0.100000 0.164994
v -1.776965 -0.100000 0.171244
v -1.776965 0.100000 0.171244
v -1.790913 -0.100000 0.176433
v -1.790913 0.100000 0.176433
v -1.805158 -0.100000 0.180529
v -1.805158 0.100000 0.180529
v -1.819640 -0.100000 0.183499
v -1.819640 0.100000 0.183499
v -1.834294 -0.100000 0.185307
v -1.834294 0.100000 0.185307
v -1.849217 -0.100000 0.185924
v -1.849217 0.100000 0.185924
v -1.873347 -0.100000 0.184522
v -1.873347 0.100000 0.184522
v -1.896837 -0.100000 0.180227
v -1.896837 0.100000 0.180227
v -1.919296 -0.100000 0.172963
v -1.919296 0.100000 0.172963
v -1.940444 -0.100000 0.162666
v -1.940444 0.100000 0.162666
v -1.959973 -0.100000 0.149310
v -1.959973 0.100000 0.149310
v -1.977569 -0.100000 0.132923
v -1.977569 0.100000 0.132923
v -1.992943 -0.100000 0.113585
v -1.992943 0.100000 0.113585
v -2.005855 -0.100000 0.091404
v -2.005855 0.100000 0.091404
v -2.016122 -0.100000 0.066482
v -2.016122 0.100000 0.066482
v -2.023601 -0.100000 0.038898
v -2.023601 0.100000 0.038898
v -2.028173 -0.100000 0.008693
v -2.028173 0.100000 0.008693
v -2.029700 -0.100000 -0.023678
v -2.029700 0.100000 -0.023678
v -2.029700 -0.100000 -0.335000
v -2.029700 0.100000 -0.335000
v -1.896250 -0.100000 -0.335000
v -1.896250 0.100000 -0.335000
v -1.896250 -0.100000 -0.023537
v -1.896250 0.100000 -0.023537
v -1.895575 -0.100000 -0.008099
v -1.895575 0.100000 -0.008099
v -1.893671 -0.100000 0.005692
v -1.893671 0.100000 0.005692
v -1.890621 -0.100000 0.018191
v -1.890621 0.100000 0.018191
v -1.886536 -0.100000 0.029344
v -1.886536 0.100000 0.029344
v -1.881525 -0.100000 0.039126
v -1.881525 0.100000 0.039126
v -1.875690 -0.100000 0.047544
v -1.875690 0.100000 0.047544
v -1.869100 -0.100000 0.054634
v -1.869100 0.100000 0.054634
v -1.861776 -0.100000 0.060455
v -1.861776 0.100000 0.060455
v -1.853680 -0.100000 0.065055
v -1.853680 0.100000 0.065055
v -1.844722 -0.100000 0.068443
v -1.844722 0.100000 0.068443
v -1.834800 -0.100000 0.070564
v -1.834800 0.100000 0.070564
v -1.823572 -0.100000 0.071323
v -1.823572 0.100000 0.071323
v -1.815421 -0.100000 0.070999
v -1.815421 0.100000 0.070999
v -1.807371 -0.100000 0.069990
v -1.807371 0.100000 0.069990
v -1.799581 -0.100000 0.068286
v -1.799581 0.100000 0.068286
v -1.791895 -0.100000 0.065840
v -1.791895 0.100000 0.065840
v -1.784163 -0.100000 0.062579
v -1.784163 0.100000 0.062579
v -1.776261 -0.100000 0.058410
v -1.776261 0.100000 0.058410
v -1.768090 -0.100000 0.053239
v -1.768090 0.100000 0.053239
v -1.759580 -0.100000 0.046978
v -1.759580 0.100000 0.046978
v -1.750676 -0.100000 0.039554
v -1.750676 0.100000 0.039554
v -1.741333 -0.100000 0.030907
v -1.741333 0.100000 0.030907
v -1.731507 -0.100000 0.020989
v -1.731507 0.100000 0.020989
v -1.726250 -0.100000 0.015287
v -1.726250 0.100000 0.015287
v -1.726250 -0.100000 -0.335000
v -1.726250 0.100000 -0.335000
v -1.592800 -0.100000 -0.335000
v -1.592800 0.100000 -0.335000
v -1.592800 -0.100000 0.176450
v -1.592800 0.100000 0.176450
v -1.726250 -0.100000 0.176450
v -1.726250 0.100000 0.176450
v -1.726250 -0.100000 0.114500
v -1.726250 0.100000 0.114500
v -2.635033 -0.100000 -0.294882
v -2.635033 0.100000 -0.294882
v -2.620322 -0.100000 -0.303521
v -2.620322 0.100000 -0.303521
v -2.605486 -0.100000 -0.311359
v -2.605486 0.100000 -0.311359
v -2.590418 -0.100000 -0.318382
v -2.590418 0.100000 -0.318382
v -2.575022 -0.100000 -0.324576
v -2.575022 0.100000 -0.324576
v -2.559208 -0.100000 -0.329927
v -2.559208 0.100000 -0.329927
v -2.542893 -0.100000 -0.334430
v -2.542893 0.100000 -0.334430
v -2.525992 -0.100000 -0.338085
v -2.525992 0.100000 -0.338085
v -2.508420 -0.100000 -0.340899
v -2.508420 0.100000 -0.340899
v -2.490084 -0.100000 -0.342887
v -2.490084 0.100000 -0.342887
v -2.470885 -0.100000 -0.344065
v -2.470885 0.100000 -0.344065
v -2.450201 -0.100000 -0.344463
v -2.450201 0.100000 -0.344463
v -2.412484 -0.100000 -0.341850
v -2.412484 0.100000 -0.341850
v -2.376982 -0.100000 -0.334126
v -2.376982 0.100000 -0.334126
v -2.344382 -0.100000 -0.321698
v -2.344382 0.100000 -0.321698
v -2.314878 -0.100000 -0.304996
v -2.314878 0.100000 -0.304996
v -2.288634 -0.100000 -0.284493
v -2.288634 0.100000 -0.284493
v -2.265763 -0.100000 -0.260678
v -2.265763 0.100000 -0.260678
v -2.246330 -0.100000 -0.234031
v -2.246330 0.100000 -0.234031
v -2.230373 -0.100000 -0.205010
v -2.230373 0.100000 -0.205010
v -2.217913 -0.100000 -0.174045
v -2.217913 0.100000 -0.174045
v -2.208973 -0.100000 -0.141545
v -2.208973 0.100000 -0.141545
v -2.203580 -0.100000 -0.107902
v -2.203580 0.100000 -0.107902
v -2.201772 -0.100000 -0.073492
v -2.201772 0.100000 -0.073492
v -2.203740 -0.100000 -0.036607
v -2.203740 0.100000 -0.036607
v -2.209559 -0.100000 -0.001721
v -2.209559 0.100000 -0.001721
v -2.219095 -0.100000 0.030956
v -2.219095 0.100000 0.030956
v -2.232206 -0.100000 0.061195
v -2.232206 0.100000 0.061195
v -2.248737 -0.100000 0.088752
v -2.248737 0.100000 0.088752
v -2.268511 -0.100000 0.113370
v -2.268511 0.100000 0.113370
v -2.291326 -0.100000 0.134790
v -2.291326 0.100000 0.134790
v -2.316950 -0.100000 0.152760
v -2.316950 0.100000 0.152760
v -2.345125 -0.100000 0.167048
v -2.345125 0.100000 0.167048
v -2.375584 -0.100000 0.177451
v -2.375584 0.100000 0.177451
v -2.408057 -0.100000 0.183796
v -2.408057 0.100000 0.183796
v -2.442260 -0.100000 0.185937
v -2.442260 0.100000 0.185937
v -2.475025 -0.100000 0.184017
v -2.475025 0.100000 0.184017
v -2.505955 -0.100000 0.178183
v -2.505955 0.100000 0.178183
v -2.534906 -0.100000 0.168325
v -2.534906 0.100000 0.168325
v -2.561600 -0.100000 0.154378
v -2.561600 0.100000 0.154378
v -2.585723 -0.100000 0.136360
v -2.585723 0.100000 0.136360
v -2.606983 -0.100000 0.114379
v -2.606983 0.100000 0.114379
v -2.625166 -0.100000 0.088598
v -2.625166 0.100000 0.088598
v -2.640145 -0.100000 0.059175
v -2.640145 0.100000 0.059175
v -2.651858 -0.100000 0.026226
v -2.651858 0.100000 0.026226
v -2.660273 -0.100000 -0.010193
v -2.660273 0.100000 -0.010193
v -2.665358 -0.100000 -0.050071
v -2.665358 0.100000 -0.050071
v -2.667853 -0.100000 -0.113450
v -2.667853 0.100000 -0.113450
v -2.339645 -0.100000 -0.113450
v -2.339645 0.100000 -0.113450
v -2.339166 -0.100000 -0.111053
v -2.339166 0.100000 -0.111053
v -2.344706 -0.100000 -0.129714
v -2.344706 0.100000 -0.129714
v -2.351567 -0.100000 -0.146312
v -2.351567 0.100000 -0.146312
v -2.359682 -0.100000 -0.160900
v -2.359682 0.100000 -0.160900
v -2.369008 -0.100000 -0.173567
v -2.369008 0.100000 -0.173567
v -2.379550 -0.100000 -0.184433
v -2.379550 0.100000 -0.184433
v -2.391376 -0.100000 -0.193615
v -2.391376 0.100000 -0.193615
v -2.404603 -0.100000 -0.201194
v -2.404603 0.100000 -0.201194
v -2.419366 -0.100000 -0.207192
v -2.419366 0.100000 -0.207192
v -2.435781 -0.100000 -0.211573
v -2.435781 0.100000 -0.211573
v -2.453924 -0.100000 -0.214263
v -2.453924 0.100000 -0.214263
v -2.473953 -0.100000 -0.215186
v -2.473953 0.100000 -0.215186
v -2.486688 -0.100000 -0.214794
v -2.486688 0.100000 -0.214794
v -2.499482 -0.100000 -0.213618
v -2.499482 0.100000 -0.213618
v -2.512215 -0.100000 -0.211676
v -2.512215 0.100000 -0.211676
v -2.524916 -0.100000 -0.208983
v -2.524916 0.100000 -0.208983
v -2.537609 -0.100000 -0.205549
v -2.537609 0.100000 -0.205549
v -2.550316 -0.100000 -0.201386
v -2.550316 0.100000 -0.201386
v -2.563054 -0.100000 -0.196503
v -2.563054 0.100000 -0.196503
v -2.575841 -0.100000 -0.190913
v -2.575841 0.100000 -0.190913
v -2.588688 -0.100000 -0.184628
v -2.588688 0.100000 -0.184628
v -2.601609 -0.100000 -0.177663
v -2.601609 0.100000 -0.177663
v -2.614613 -0.100000 -0.170032
v -2.614613 0.100000 -0.170032
v -2.658650 -0.100000 -0.142199
v -2.658650 0.100000 -0.142199
v -2.658650 -0.100000 -0.279731
v -2.658650 0.100000 -0.279731
v -2.533254 -0.100000 -0.017004
v -2.533254 0.100000 -0.017004
v -2.530548 -0.100000 -0.002916
v -2.530548 0.100000 -0.002916
v -2.526630 -0.100000 0.009819
v -2.526630 0.100000 0.009819
v -2.521599 -0.100000 0.021180
v -2.521599 0.100000 0.021180
v -2.515540 -0.100000 0.031178
v -2.515540 0.100000 0.031178
v -2.508513 -0.100000 0.039846
v -2.508513 0.100000 0.039846
v -2.500534 -0.100000 0.047235
v -2.500534 0.100000 0.047235
v -2.491568 -0.100000 0.053386
v -2.491568 0.100000 0.053386
v -2.481545 -0.100000 0.058304
v -2.481545 0.100000 0.058304
v -2.470381 -0.100000 0.061947
v -2.470381 0.100000 0.061947
v -2.458006 -0.100000 0.064226
v -2.458006 0.100000 0.064226
v -2.444323 -0.100000 0.065021
v -2.444323 0.100000 0.065021
v -2.429241 -0.100000 0.064261
v -2.429241 0.100000 0.064261
v -2.415437 -0.100000 0.062039
v -2.415437 0.100000 0.062039
v -2.402962 -0.100000 0.058457
v -2.402962 0.100000 0.058457
v -2.391723 -0.100000 0.053587
v -2.391723 0.100000 0.053587
v -2.381603 -0.100000 0.047462
v -2.381603 0.100000 0.047462
v -2.372484 -0.100000 0.040059
v -2.372484 0.100000 0.040059
v -2.364281 -0.100000 0.031313
v -2.364281 0.100000 0.031313
v -2.356956 -0.100000 0.021140
v -2.356956 0.100000 0.021140
v -2.350521 -0.100000 0.009467
v -2.350521 0.100000 0.009467
v -2.345023 -0.100000 -0.003752
v -2.345023 0.100000 -0.003752
v -2.340522 -0.100000 -0.018531
v -2.340522 0.100000 -0.018531
v -2.342003 -0.100000 -0.011500
v -2.342003 0.100000 -0.011500
v -2.532755 -0.100000 -0.011500
v -2.532755 0.100000 -0.011500
vn -0.0000 1.0000 -0.0000
vn -0.0000 -1.0000 -0.0000
vn -0.7071 -0.0000 -0.7071
vn 0.7071 -0.0000 -0.7071
vn 0.7071 -0.0000 0.7071
vn -0.7071 -0.0000 0.7071
vn 0.2679 -0.0000 -0.9634
vn 0.1361 -0.0000 -0.9907
vn 0.3923 -0.0000 -0.9198
vn 0.5075 -0.0000 -0.8616
vn 0.6127 -0.0000 -0.7903
vn 0.5076 -0.0000 -0.8616
vn 0.7903 -0.0000 -0.6127
vn 0.8616 -0.0000 -0.5075
vn 0.9198 -0.0000 -0.3923
vn 0.8616 -0.0000 -0.5076
vn 0.9634 -0.0000 -0.2679
vn 0.9907 -0.0000 -0.1361
vn 1.0000 -0.0000 -0.0000
vn 0.9907 -0.0000 0.1361
vn 0.9634 -0.0000 0.2679
vn 0.9198 -0.0000 0.3923
vn 0.8616 -0.0000 0.5076
vn 0.7903 -0.0000 0.6127
vn 0.8616 -0.0000 0.5075
vn 0.6127 -0.0000 0.7903
vn 0.5076 -0.0000 0.8616
vn 0.3923 -0.0000 0.9198
vn 0.5075 -0.0000 0.8616
vn 0.2679 -0.0000 0.9634
vn 0.1361 -0.0000 0.9907
vn -0.0000 -0.0000 1.0000
vn -0.1360 -0.0000 0.9907
vn -0.2679 -0.0000 0.9634
vn -0.1361 -0.0000 0.9907
vn -0.3923 -0.0000 0.9198
vn -0.5076 -0.0000 0.8616
vn -0.6127 -0.0000 0.7903
vn -0.7903 -0.0000 0.6127
vn -0.8616 -0.0000 0.5076
vn -0.7904 -0.0000 0.6127
vn -0.9198 -0.0000 0.3923
vn -0.8616 -0.0000 0.5075
vn -0.9634 -0.0000 0.2679
vn -0.9907 -0.0000 0.1361
vn -0.9635 -0.0000 0.2679
vn -1.0000 -0.0000 -0.0000
vn -0.9907 -0.0000 0.1360
vn -0.9907 -0.0000 -0.1360
vn -0.9635 -0.0000 -0.2679
vn -0.9907 -0.0000 -0.1361
vn -0.9198 -0.0000 -0.3923
vn -0.9634 -0.0000 -0.2679
vn -0.8616 -0.0000 -0.5075
vn -0.7904 -0.0000 -0.6127
vn -0.8616 -0.0000 -0.5076
vn -0.7903 -0.0000 -0.6127
vn -0.6127 -0.0000 -0.7903
vn -0.5076 -0.0000 -0.8616
vn -0.3923 -0.0000 -0.9198
vn -0.2679 -0.0000 -0.9634
vn -0.1361 -0.0000 -0.9907
vn -0.0000 -0.0000 -1.0000
vn -0.9995 -0.0000 0.0305
vn -0.9918 -0.0000 0.1280
vn -0.9640 -0.0000 0.2660
vn -0.9127 -0.0000 0.4087
vn -0.8373 -0.0000 0.5468
vn -0.7416 -0.0000 0.6708
vn -0.6329 -0.0000 0.7742
vn -0.7417 -0.0000 0.6708
vn -0.5189 -0.0000 0.8548
vn -0.4059 -0.0000 0.9139
vn -0.5189 -0.0000 0.8549
vn -0.2975 -0.0000 0.9547
vn -0.1948 -0.0000 0.9808
vn -0.0967 -0.0000 0.9953
vn -0.0099 -0.0000 1.0000
vn 0.0567 -0.0000 0.9984
vn 0.1123 -0.0000 0.9937
vn 0.1660 -0.0000 0.9861
vn 0.2174 -0.0000 0.9761
vn 0.2660 -0.0000 0.9640
vn 0.2173 -0.0000 0.9761
vn 0.3117 -0.0000 0.9502
vn 0.3542 -0.0000 0.9352
vn 0.3936 -0.0000 0.9193
vn 0.4299 -0.0000 0.9029
vn 0.4631 -0.0000 0.8863
vn 0.4935 -0.0000 0.8697
vn -0.4960 -0.0000 0.8683
vn -0.8537 -0.0000 -0.5207
vn -0.4369 -0.0000 -0.8995
vn -0.3974 -0.0000 -0.9176
vn -0.3618 -0.0000 -0.9322
vn -0.3288 -0.0000 -0.9444
vn -0.2971 -0.0000 -0.9548
vn -0.2657 -0.0000 -0.9641
vn -0.2334 -0.0000 -0.9724
vn -0.1990 -0.0000 -0.9800
vn -0.1609 -0.0000 -0.9870
vn -0.1170 -0.0000 -0.9931
vn -0.0640 -0.0000 -0.9979
vn 0.0090 -0.0000 -1.0000
vn 0.1099 -0.0000 -0.9939
vn 0.2286 -0.0000 -0.9735
vn 0.3544 -0.0000 -0.9351
vn 0.4822 -0.0000 -0.8761
vn 0.6055 -0.0000 -0.7958
vn 0.7174 -0.0000 -0.6966
vn 0.8123 -0.0000 -0.5833
vn 0.8868 -0.0000 -0.4621
vn 0.9407 -0.0000 -0.3392
vn 0.9756 -0.0000 -0.2195
vn 0.9943 -0.0000 -0.1063
vn 0.9997 -0.0000 -0.0258
vn 0.9997 -0.0000 -0.0257
vn 0.9215 -0.0000 0.3883
vn -0.3883 -0.0000 0.9215
vn -0.4869 -0.0000 -0.8735
vn -0.5233 -0.0000 -0.8522
vn -0.4449 -0.0000 -0.8956
vn -0.3980 -0.0000 -0.9174
vn -0.3470 -0.0000 -0.9379
vn -0.2934 -0.0000 -0.9560
vn -0.2388 -0.0000 -0.9711
vn -0.1848 -0.0000 -0.9828
vn -0.1330 -0.0000 -0.9911
vn -0.0845 -0.0000 -0.9964
vn -0.0403 -0.0000 -0.9992
vn 0.0250 -0.0000 -0.9997
vn 0.1412 -0.0000 -0.9900
vn 0.2852 -0.0000 -0.9585
vn 0.4256 -0.0000 -0.9049
vn 0.5557 -0.0000 -0.8314
vn 0.6701 -0.0000 -0.7422
vn 0.7664 -0.0000 -0.6424
vn 0.8438 -0.0000 -0.5366
vn 0.9036 -0.0000 -0.4283
vn 0.9475 -0.0000 -0.3198
vn 0.9773 -0.0000 -0.2121
vn 0.9944 -0.0000 -0.1055
vn 1.0000 -0.0000 0.0004
vn 0.9940 -0.0000 0.1091
vn 0.9749 -0.0000 0.2227
vn 0.9406 -0.0000 0.3396
vn 0.8894 -0.0000 0.4571
vn 0.8205 -0.0000 0.5717
vn 0.7339 -0.0000 0.6793
vn 0.6309 -0.0000 0.7758
vn 0.5145 -0.0000 0.8575
vn 0.3887 -0.0000 0.9214
vn 0.2581 -0.0000 0.9661
vn 0.1274 -0.0000 0.9919
vn 0.0020 -0.0000 1.0000
vn -0.1222 -0.0000 0.9925
vn -0.2545 -0.0000 0.9671
vn -0.3939 -0.0000 0.9192
vn -0.5325 -0.0000 0.8465
vn -0.6607 -0.0000 0.7506
vn -0.7703 -0.0000 0.6377
vn -0.8564 -0.0000 0.5163
vn -0.9186 -0.0000 0.3951
vn -0.9599 -0.0000 0.2805
vn -0.9844 -0.0000 0.1760
vn -0.9966 -0.0000 0.0830
vn -0.7209 -0.0000 -0.6931
vn 0.6340 -0.0000 -0.7733
vn 0.2407 -0.0000 0.9706
vn -0.9427 -0.0000 0.3338
vn 0.2405 -0.0000 0.9707
vn -0.9005 -0.0000 0.4348
vn -0.8413 -0.0000 0.5406
vn -0.7633 -0.0000 0.6461
vn -0.6671 -0.0000 0.7449
vn -0.5566 -0.0000 0.8308
vn -0.4378 -0.0000 0.8991
vn -0.3177 -0.0000 0.9482
vn -0.2026 -0.0000 0.9793
vn -0.0965 -0.0000 0.9953
vn -0.0076 -0.0000 1.0000
vn 0.0612 -0.0000 0.9981
vn 0.1212 -0.0000 0.9926
vn 0.1792 -0.0000 0.9838
vn 0.2344 -0.0000 0.9721
vn 0.2864 -0.0000 0.9581
vn 0.3347 -0.0000 0.9423
vn 0.3793 -0.0000 0.9253
vn 0.4201 -0.0000 0.9075
vn 0.4571 -0.0000 0.8894
vn 0.4904 -0.0000 0.8715
vn 0.5202 -0.0000 0.8540
vn -0.4826 -0.0000 0.8758
vn -0.8775 -0.0000 -0.4796
vn -0.4826 -0.0000 0.8759
vn 0.9703 -0.0000 -0.2417
vn -0.1395 -0.0000 -0.9902
vn -0.1398 -0.0000 -0.9902
vn 0.9367 -0.0000 -0.3501
vn 0.8866 -0.0000 -0.4625
vn 0.8179 -0.0000 -0.5753
vn 0.7300 -0.0000 -0.6835
vn 0.6242 -0.0000 -0.7812
vn 0.5045 -0.0000 -0.8634
vn 0.3763 -0.0000 -0.9265
vn 0.5044 -0.0000 -0.8634
vn 0.2462 -0.0000 -0.9692
vn 0.1198 -0.0000 -0.9928
vn 0.0038 -0.0000 -1.0000
vn -0.1048 -0.0000 -0.9945
vn -0.2179 -0.0000 -0.9760
vn -0.3375 -0.0000 -0.9413
vn -0.4587 -0.0000 -0.8886
vn -0.5754 -0.0000 -0.8179
vn -0.6814 -0.0000 -0.7319
vn -0.7721 -0.0000 -0.6356
vn -0.8452 -0.0000 -0.5345
vn -0.7721 -0.0000 -0.6355
vn -0.9009 -0.0000 -0.4341
vn -0.9411 -0.0000 -0.3381
vn 0.2488 -0.0000 -0.9685
vn 0.6300 -0.0000 0.7766
vn 0.2492 -0.0000 -0.9685
vn -0.6744 -0.0000 0.7384
vn -0.6744 -0.0000 0.7383
vn 0.5982 -0.0000 -0.8014
vn 0.6451 -0.0000 -0.7641
vn 0.5472 -0.0000 -0.8370
vn 0.4924 -0.0000 -0.8703
vn 0.4344 -0.0000 -0.9007
vn 0.3738 -0.0000 -0.9275
vn 0.3113 -0.0000 -0.9503
vn 0.2478 -0.0000 -0.9688
vn 0.1842 -0.0000 -0.9829
vn 0.1212 -0.0000 -0.9926
vn 0.0598 -0.0000 -0.9982
vn -0.0072 -0.0000 -1.0000
vn -0.0900 -0.0000 -0.9959
vn -0.1842 -0.0000 -0.9829
vn -0.2828 -0.0000 -0.9592
vn -0.3856 -0.0000 -0.9227
vn -0.4915 -0.0000 -0.8709
vn -0.5986 -0.0000 -0.8011
vn -0.7033 -0.0000 -0.7109
vn -0.8007 -0.0000 -0.5990
vn -0.8845 -0.0000 -0.4665
vn -0.9482 -0.0000 -0.3175
vn -0.9872 -0.0000 -0.1593
vn -0.9985 -0.0000 0.0556
vn -0.9314 -0.0000 0.3641
vn -0.7737 -0.0000 0.6335
vn -0.6274 -0.0000 0.7787
vn -0.7738 -0.0000 0.6335
vn -0.5367 -0.0000 0.8438
vn -0.5005 -0.0000 0.8657
vn -0.5106 -0.0000 0.8598
vn -0.5617 -0.0000 0.8274
vn -0.6501 -0.0000 0.7599
vn -0.7661 -0.0000 0.6427
vn -0.8854 -0.0000 0.4648
vn -0.9712 -0.0000 0.2381
vn -0.9997 -0.0000 0.0262
vn -0.9918 -0.0000 -0.1282
vn -0.9663 -0.0000 -0.2574
vn -0.9231 -0.0000 -0.3845
vn -0.8626 -0.0000 -0.5058
vn -0.7860 -0.0000 -0.6182
vn -0.6952 -0.0000 -0.7188
vn -0.5927 -0.0000 -0.8055
vn -0.4810 -0.0000 -0.8767
vn -0.3632 -0.0000 -0.9317
vn -0.2420 -0.0000 -0.9703
vn -0.1202 -0.0000 -0.9928
vn -0.0182 -0.0000 -0.9998
vn 0.0471 -0.0000 -0.9989
vn 0.0968 -0.0000 -0.9953
vn 0.1491 -0.0000 -0.9888
vn 0.2033 -0.0000 -0.9791
vn 0.2586 -0.0000 -0.9660
vn 0.3140 -0.0000 -0.9494
vn 0.3686 -0.0000 -0.9296
vn 0.4214 -0.0000 -0.9069
vn 0.4717 -0.0000 -0.8817
vn 0.5189 -0.0000 -0.8549
vn 0.5623 -0.0000 -0.8269
vn 0.8896 -0.0000 -0.4567
vn 0.3394 -0.0000 0.9406
vn 0.8896 -0.0000 -0.4566
vn -0.7500 -0.0000 0.6614
vn -0.7074 -0.0000 0.7068
vn -0.6596 -0.0000 0.7516
vn -0.6063 -0.0000 0.7953
vn -0.5473 -0.0000 0.8370
vn -0.4825 -0.0000 0.8759
vn -0.4122 -0.0000 0.9111
vn -0.3367 -0.0000 0.9416
vn -0.2566 -0.0000 0.9665
vn -0.1730 -0.0000 0.9849
vn -0.0870 -0.0000 0.9962
vn 0.0048 -0.0000 1.0000
vn 0.1096 -0.0000 0.9940
vn 0.2246 -0.0000 0.9744
vn 0.3426 -0.0000 0.9395
vn 0.4598 -0.0000 0.8880
vn 0.5721 -0.0000 0.8202
vn 0.6758 -0.0000 0.7371
vn 0.7680 -0.0000 0.6404
vn 0.8467 -0.0000 0.5321
vn 0.9105 -0.0000 0.4135
vn 0.9584 -0.0000 0.2853
vn 0.9891 -0.0000 0.1473
vn 0.9988 -0.0000 -0.0497
vn 0.9418 -0.0000 -0.3362
vn 0.8047 -0.0000 -0.5937
vn 0.6690 -0.0000 -0.7433
vn 0.5764 -0.0000 -0.8172
vn 0.5308 -0.0000 -0.8475
vn 0.5272 -0.0000 -0.8497
vn 0.5624 -0.0000 -0.8268
vn 0.6354 -0.0000 -0.7722
vn 0.7422 -0.0000 -0.6702
vn 0.8648 -0.0000 -0.5021
vn 0.9638 -0.0000 -0.2666
vn 0.9994 -0.0000 -0.0352
vn 0.9917 -0.0000 0.1285
vn 0.9650 -0.0000 0.2624
vn 0.9175 -0.0000 0.3977
vn 0.8490 -0.0000 0.5283
vn 0.7616 -0.0000 0.6481
vn 0.6592 -0.0000 0.7519
vn 0.5474 -0.0000 0.8369
vn 0.4315 -0.0000 0.9021
vn 0.3162 -0.0000 0.9487
vn 0.2047 -0.0000 0.9788
vn 0.0992 -0.0000 0.9951
vn 0.0112 -0.0000 0.9999
vn -0.0512 -0.0000 0.9987
vn -0.1022 -0.0000 0.9948
vn -0.1527 -0.0000 0.9883
vn -0.2515 -0.0000 0.9679
vn -0.2993 -0.0000 0.9542
vn -0.3458 -0.0000 0.9383
vn -0.3909 -0.0000 0.9204
vn -0.4344 -0.0000 0.9007
vn -0.4763 -0.0000 0.8793
vn -0.5164 -0.0000 0.8564
vn -0.8763 -0.0000 0.4818
vn -0.4079 -0.0000 -0.9130
vn -0.8763 -0.0000 0.4817
vn 0.4975 -0.0000 -0.8675
vn 0.5282 -0.0000 -0.8491
vn 0.4618 -0.0000 -0.8870
vn 0.4207 -0.0000 -0.9072
vn 0.3743 -0.0000 -0.9273
vn 0.3231 -0.0000 -0.9464
vn 0.2682 -0.0000 -0.9634
vn 0.2111 -0.0000 -0.9775
vn 0.1537 -0.0000 -0.9881
vn 0.0983 -0.0000 -0.9952
vn 0.0469 -0.0000 -0.9989
vn -0.0205 -0.0000 -0.9998
vn -0.1294 -0.0000 -0.9916
vn -0.2622 -0.0000 -0.9650
vn -0.3945 -0.0000 -0.9189
vn -0.5216 -0.0000 -0.8532
vn -0.6383 -0.0000 -0.7698
vn -0.7407 -0.0000 -0.6718
vn -0.8262 -0.0000 -0.5634
vn -0.8935 -0.0000 -0.4490
vn -0.9431 -0.0000 -0.3326
vn -0.9760 -0.0000 -0.2176
vn -0.9943 -0.0000 -0.1064
vn -1.0000 -0.0000 0.0015
vn -0.9935 -0.0000 0.1135
vn -0.9722 -0.0000 0.2343
vn -0.9328 -0.0000 0.3604
vn -0.8733 -0.0000 0.4871
vn -0.7935 -0.0000 0.6086
vn -0.6953 -0.0000 0.7187
vn -0.5833 -0.0000 0.8123
vn -0.4631 -0.0000 0.8863
vn -0.3407 -0.0000 0.9402
vn -0.2208 -0.0000 0.9753
vn -0.1069 -0.0000 0.9943
vn -0.0149 -0.0000 0.9999
vn 0.0441 -0.0000 0.9990
vn 0.0881 -0.0000 0.9961
vn 0.1313 -0.0000 0.9913
vn 0.1730 -0.0000 0.9849
vn 0.2126 -0.0000 0.9771
vn 0.2495 -0.0000 0.9684
vn 0.2835 -0.0000 0.9590
vn 0.3142 -0.0000 0.9493
vn 0.3418 -0.0000 0.9398
vn 0.3661 -0.0000 0.9306
vn 0.3874 -0.0000 0.9219
vn -0.5490 -0.0000 0.8358
vn -0.8350 -0.0000 -0.5502
vn -0.3705 -0.0000 -0.9288
vn -0.3261 -0.0000 -0.9454
vn -0.2883 -0.0000 -0.9575
vn -0.2550 -0.0000 -0.9669
vn -0.2243 -0.0000 -0.9745
vn -0.1952 -0.0000 -0.9808
vn -0.1665 -0.0000 -0.9860
vn -0.1375 -0.0000 -0.9905
vn -0.1072 -0.0000 -0.9942
vn -0.0748 -0.0000 -0.9972
vn -0.0392 -0.0000 -0.9992
vn 0.0189 -0.0000 -0.9998
vn 0.1188 -0.0000 -0.9929
vn 0.2407 -0.0000 -0.9706
vn 0.3636 -0.0000 -0.9316
vn 0.4839 -0.0000 -0.8751
vn 0.5982 -0.0000 -0.8013
vn 0.7027 -0.0000 -0.7115
vn 0.7941 -0.0000 -0.6077
vn 0.8699 -0.0000 -0.4932
vn 0.7942 -0.0000 -0.6077
vn 0.9284 -0.0000 -0.3715
vn 0.9691 -0.0000 -0.2465
vn 0.9926 -0.0000 -0.1218
vn 1.0000 -0.0000 -0.0053
vn 0.9948 -0.0000 0.1020
vn 0.9775 -0.0000 0.2109
vn 0.9453 -0.0000 0.3262
vn 0.8955 -0.0000 0.4451
vn 0.8261 -0.0000 0.5635
vn 0.7368 -0.0000 0.6761
vn 0.6296 -0.0000 0.7769
vn 0.5085 -0.0000 0.8611
vn 0.2484 -0.0000 0.9687
vn 0.3794 -0.0000 0.9253
vn 0.1210 -0.0000 0.9927
vn 0.0196 -0.0000 0.9998
vn -0.0400 -0.0000 0.9992
vn -0.0819 -0.0000 0.9966
vn -0.1252 -0.0000 0.9921
vn -0.1687 -0.0000 0.9857
vn -0.2113 -0.0000 0.9774
vn -0.2517 -0.0000 0.9678
vn -0.2888 -0.0000 0.9574
vn -0.3217 -0.0000 0.9468
vn -0.3499 -0.0000 0.9368
vn -0.3729 -0.0000 0.9279
vn -0.3907 -0.0000 0.9205
vn -0.8361 -0.0000 0.5485
vn -0.4784 -0.0000 -0.8781
vn 0.2404 -0.0000 0.9707
vn 0.9704 -0.0000 -0.2417
vn 0.6242 -0.0000 -0.7813
vn 0.7378 -0.0000 0.6750
vn 0.9078 -0.0000 -0.4195
vn 0.9077 -0.0000 -0.4195
vn 0.6874 -0.0000 0.7262
vn 0.6335 -0.0000 0.7738
vn 0.6874 -0.0000 0.7263
vn 0.5760 -0.0000 0.8174
vn 0.6334 -0.0000 0.7738
vn 0.5152 -0.0000 0.8571
vn 0.4510 -0.0000 0.8925
vn 0.3835 -0.0000 0.9235
vn 0.3127 -0.0000 0.9498
vn 0.2388 -0.0000 0.9711
vn 0.1618 -0.0000 0.9868
vn 0.0820 -0.0000 0.9966
vn -0.0083 -0.0000 1.0000
vn -0.1192 -0.0000 0.9929
vn -0.2443 -0.0000 0.9697
vn -0.3737 -0.0000 0.9276
vn -0.5025 -0.0000 0.8646
vn -0.6248 -0.0000 0.7808
vn -0.7342 -0.0000 0.6789
vn -0.8257 -0.0000 0.5642
vn -0.7342 -0.0000 0.6790
vn -0.8965 -0.0000 0.4430
vn -0.9468 -0.0000 0.3219
vn -0.9786 -0.0000 0.2060
vn -0.9951 -0.0000 0.0985
vn -0.9997 -0.0000 0.0236
vn 0.9998 -0.0000 -0.0219
vn 0.9959 -0.0000 -0.0903
vn 0.9823 -0.0000 -0.1872
vn 0.9567 -0.0000 -0.2910
vn 0.9823 -0.0000 -0.1871
vn 0.9162 -0.0000 -0.4007
vn 0.8578 -0.0000 -0.5139
vn 0.7792 -0.0000 -0.6268
vn 0.6793 -0.0000 -0.7339
vn 0.7791 -0.0000 -0.6268
vn 0.5598 -0.0000 -0.8286
vn 0.4251 -0.0000 -0.9051
vn 0.2822 -0.0000 -0.9594
vn 0.1386 -0.0000 -0.9903
vn 0.0139 -0.0000 -0.9999
vn -0.0821 -0.0000 -0.9966
vn -0.1692 -0.0000 -0.9856
vn -0.2587 -0.0000 -0.9660
vn -0.3463 -0.0000 -0.9381
vn -0.4280 -0.0000 -0.9038
vn -0.5011 -0.0000 -0.8654
vn -0.5640 -0.0000 -0.8257
vn -0.6168 -0.0000 -0.7871
vn -0.6600 -0.0000 -0.7512
vn -0.6950 -0.0000 -0.7190
vn -0.7229 -0.0000 -0.6909
vn -0.9315 -0.0000 -0.3639
vn 0.2406 -0.0000 0.9706
vn -0.9427 -0.0000 0.3337
vn 0.5203 -0.0000 0.8540
vn -0.9009 -0.0000 -0.4340
vn 0.2488 -0.0000 -0.9686
vt 0.346939 0.000000
vt 0.367347 0.000000
vt 0.357143 0.000000
vt 0.377551 0.000000
vt 0.336735 0.000000
vt 0.387755 0.000000
vt 0.326531 0.000000
vt 0.397959 0.000000
vt 0.316327 0.000000
vt 0.408163 0.000000
vt 0.306122 0.000000
vt 0.418367 0.000000
vt 0.295918 0.000000
vt 0.428571 0.000000
vt 0.285714 0.000000
vt 0.275510 0.000000
vt 0.867347 0.000000
vt 0.438776 0.000000
vt 0.877551 0.000000
vt 0.857143 0.000000
vt 0.887755 0.000000
vt 0.846939 0.000000
vt 0.897959 0.000000
vt 0.836735 0.000000
vt 0.265306 0.000000
vt 0.448980 0.000000
vt 0.908163 0.000000
vt 0.826531 0.000000
vt 0.918367 0.000000
vt 0.816327 0.000000
vt 0.928571 0.000000
vt 0.806122 0.000000
vt 0.938776 0.000000
vt 0.795918 0.000000
vt 0.948980 0.000000
vt 0.785714 0.000000
vt 0.255102 0.000000
vt 0.459184 0.000000
vt 0.775510 0.000000
vt 0.959184 0.000000
vt 0.765306 0.000000
vt 0.969388 0.000000
vt 0.244898 0.000000
vt 0.755102 0.000000
vt 1.000000 0.000000
vt 0.989796 0.000000
vt 0.979592 0.000000
vt 0.469388 0.000000
vt 0.234694 0.000000
vt 0.479592 0.000000
vt 0.224490 0.000000
vt 0.214286 0.000000
vt 0.500000 0.000000
vt 0.489796 0.000000
vt 0.510204 0.000000
vt 0.520408 0.000000
vt 0.204082 0.000000
vt 0.724490 0.000000
vt 0.744898 0.000000
vt 0.734694 0.000000
vt 0.530612 0.000000
vt 0.540816 0.000000
vt 0.714286 0.000000
vt 0.551020 0.000000
vt 0.193878 0.000000
vt 0.704082 0.000000
vt 0.561224 0.000000
vt 0.693878 0.000000
vt 0.683673 0.000000
vt 0.571429 0.000000
vt 0.673469 0.000000
vt 0.581633 0.000000
vt 0.663265 0.000000
vt 0.183673 0.000000
vt 0.653061 0.000000
vt 0.591837 0.000000
vt 0.642857 0.000000
vt 0.602041 0.000000
vt 0.632653 0.000000
vt 0.622449 0.000000
vt 0.612245 0.000000
vt 0.173469 0.000000
vt 0.163265 0.000000
vt 0.000000 0.000000
vt 0.153061 0.000000
vt 0.010204 0.000000
vt 0.020408 0.000000
vt 0.142857 0.000000
vt 0.030612 0.000000
vt 0.040816 0.000000
vt 0.132653 0.000000
vt 0.051020 0.000000
vt 0.061224 0.000000
vt 0.122449 0.000000
vt 0.071429 0.000000
vt 0.081633 0.000000
vt 0.091837 0.000000
vt 0.112245 0.000000
vt 0.102041 0.000000
vt 0.196429 0.000000
vt 0.232143 0.000000
vt 0.178571 0.000000
vt 0.250000 0.000000
vt 0.160714 0.000000
vt 0.267857 0.000000
vt 0.946429 0.000000
vt 0.964286 0.000000
vt 0.982143 0.000000
vt 0.017857 0.000000
vt 0.035714 0.000000
vt 0.053571 0.000000
vt 0.125000 0.000000
vt 0.107143 0.000000
vt 0.089286 0.000000
vt 0.303571 0.000000
vt 0.321429 0.000000
vt 0.339286 0.000000
vt 0.910714 0.000000
vt 0.892857 0.000000
vt 0.875000 0.000000
vt 0.839286 0.000000
vt 0.821429 0.000000
vt 0.803571 0.000000
vt 0.767857 0.000000
vt 0.750000 0.000000
vt 0.732143 0.000000
vt 0.696429 0.000000
vt 0.375000 0.000000
vt 0.678571 0.000000
vt 0.660714 0.000000
vt 0.392857 0.000000
vt 0.625000 0.000000
vt 0.607143 0.000000
vt 0.589286 0.000000
vt 0.553571 0.000000
vt 0.410714 0.000000
vt 0.535714 0.000000
vt 0.517857 0.000000
vt 0.482143 0.000000
vt 0.464286 0.000000
vt 0.446429 0.000000
vt 0.855670 0.000000
vt 0.876289 0.000000
vt 0.865979 0.000000
vt 0.886598 0.000000
vt 0.896907 0.000000
vt 0.845361 0.000000
vt 0.907216 0.000000
vt 0.917526 0.000000
vt 0.927835 0.000000
vt 0.835052 0.000000
vt 0.938144 0.000000
vt 0.948454 0.000000
vt 0.958763 0.000000
vt 0.824742 0.000000
vt 0.969072 0.000000
vt 0.979381 0.000000
vt 0.989691 0.000000
vt 0.814433 0.000000
vt 0.051546 0.000000
vt 0.041237 0.000000
vt 0.030928 0.000000
vt 0.020619 0.000000
vt 0.010309 0.000000
vt 0.804124 0.000000
vt 0.072165 0.000000
vt 0.061856 0.000000
vt 0.793814 0.000000
vt 0.092784 0.000000
vt 0.082474 0.000000
vt 0.783505 0.000000
vt 0.113402 0.000000
vt 0.103093 0.000000
vt 0.123711 0.000000
vt 0.134021 0.000000
vt 0.773196 0.000000
vt 0.144330 0.000000
vt 0.154639 0.000000
vt 0.164948 0.000000
vt 0.175258 0.000000
vt 0.762887 0.000000
vt 0.185567 0.000000
vt 0.195876 0.000000
vt 0.206186 0.000000
vt 0.752577 0.000000
vt 0.216495 0.000000
vt 0.226804 0.000000
vt 0.742268 0.000000
vt 0.237113 0.000000
vt 0.247423 0.000000
vt 0.731959 0.000000
vt 0.257732 0.000000
vt 0.268041 0.000000
vt 0.721649 0.000000
vt 0.278351 0.000000
vt 0.288660 0.000000
vt 0.711340 0.000000
vt 0.298969 0.000000
vt 0.474227 0.000000
vt 0.494845 0.000000
vt 0.484536 0.000000
vt 0.309278 0.000000
vt 0.319588 0.000000
vt 0.701031 0.000000
vt 0.463918 0.000000
vt 0.453608 0.000000
vt 0.329897 0.000000
vt 0.443299 0.000000
vt 0.432990 0.000000
vt 0.422680 0.000000
vt 0.340206 0.000000
vt 0.412371 0.000000
vt 0.402062 0.000000
vt 0.350515 0.000000
vt 0.391753 0.000000
vt 0.381443 0.000000
vt 0.360825 0.000000
vt 0.371134 0.000000
vt 0.690722 0.000000
vt 0.680412 0.000000
vt 0.670103 0.000000
vt 0.659794 0.000000
vt 0.505155 0.000000
vt 0.649485 0.000000
vt 0.515464 0.000000
vt 0.525773 0.000000
vt 0.639175 0.000000
vt 0.536082 0.000000
vt 0.546392 0.000000
vt 0.556701 0.000000
vt 0.567010 0.000000
vt 0.628866 0.000000
vt 0.577320 0.000000
vt 0.587629 0.000000
vt 0.597938 0.000000
vt 0.618557 0.000000
vt 0.608247 0.000000
vt 0.884298 0.000000
vt 0.900826 0.000000
vt 0.892562 0.000000
vt 0.909091 0.000000
vt 0.917355 0.000000
vt 0.876033 0.000000
vt 0.925620 0.000000
vt 0.933884 0.000000
vt 0.867769 0.000000
vt 0.942149 0.000000
vt 0.950413 0.000000
vt 0.859504 0.000000
vt 0.958678 0.000000
vt 0.966942 0.000000
vt 0.851240 0.000000
vt 0.975207 0.000000
vt 0.983471 0.000000
vt 0.842975 0.000000
vt 0.991736 0.000000
vt 0.834711 0.000000
vt 0.057851 0.000000
vt 0.049587 0.000000
vt 0.041322 0.000000
vt 0.033058 0.000000
vt 0.024793 0.000000
vt 0.016529 0.000000
vt 0.008264 0.000000
vt 0.826446 0.000000
vt 0.066116 0.000000
vt 0.818182 0.000000
vt 0.082645 0.000000
vt 0.074380 0.000000
vt 0.809917 0.000000
vt 0.099174 0.000000
vt 0.090909 0.000000
vt 0.107438 0.000000
vt 0.115702 0.000000
vt 0.123967 0.000000
vt 0.132231 0.000000
vt 0.140496 0.000000
vt 0.801653 0.000000
vt 0.148760 0.000000
vt 0.157025 0.000000
vt 0.165289 0.000000
vt 0.173554 0.000000
vt 0.181818 0.000000
vt 0.793388 0.000000
vt 0.190083 0.000000
vt 0.198347 0.000000
vt 0.785124 0.000000
vt 0.206612 0.000000
vt 0.214876 0.000000
vt 0.776860 0.000000
vt 0.223140 0.000000
vt 0.231405 0.000000
vt 0.768595 0.000000
vt 0.239669 0.000000
vt 0.247934 0.000000
vt 0.760331 0.000000
vt 0.256198 0.000000
vt 0.752066 0.000000
vt 0.264463 0.000000
vt 0.743802 0.000000
vt 0.272727 0.000000
vt 0.735537 0.000000
vt 0.727273 0.000000
vt 0.280992 0.000000
vt 0.719008 0.000000
vt 0.710744 0.000000
vt 0.487603 0.000000
vt 0.504132 0.000000
vt 0.495868 0.000000
vt 0.289256 0.000000
vt 0.702479 0.000000
vt 0.694215 0.000000
vt 0.297521 0.000000
vt 0.512397 0.000000
vt 0.685950 0.000000
vt 0.520661 0.000000
vt 0.677686 0.000000
vt 0.669421 0.000000
vt 0.528926 0.000000
vt 0.305785 0.000000
vt 0.661157 0.000000
vt 0.537190 0.000000
vt 0.652893 0.000000
vt 0.545455 0.000000
vt 0.644628 0.000000
vt 0.636364 0.000000
vt 0.553719 0.000000
vt 0.314050 0.000000
vt 0.628099 0.000000
vt 0.561983 0.000000
vt 0.619835 0.000000
vt 0.570248 0.000000
vt 0.611570 0.000000
vt 0.578512 0.000000
vt 0.603306 0.000000
vt 0.586777 0.000000
vt 0.595041 0.000000
vt 0.322314 0.000000
vt 0.330579 0.000000
vt 0.338843 0.000000
vt 0.479339 0.000000
vt 0.347107 0.000000
vt 0.471074 0.000000
vt 0.462810 0.000000
vt 0.355372 0.000000
vt 0.454545 0.000000
vt 0.446281 0.000000
vt 0.363636 0.000000
vt 0.438017 0.000000
vt 0.429752 0.000000
vt 0.371901 0.000000
vt 0.421488 0.000000
vt 0.413223 0.000000
vt 0.380165 0.000000
vt 0.404959 0.000000
vt 0.396694 0.000000
vt 0.388430 0.000000
vt 0.666667 0.000000
vt 0.333333 0.000000
vt 0.964912 0.000000
vt 0.982456 0.000000
vt 0.017544 0.000000
vt 0.947368 0.000000
vt 0.929825 0.000000
vt 0.912281 0.000000
vt 0.035088 0.000000
vt 0.052632 0.000000
vt 0.070175 0.000000
vt 0.456140 0.000000
vt 0.491228 0.000000
vt 0.473684 0.000000
vt 0.894737 0.000000
vt 0.087719 0.000000
vt 0.105263 0.000000
vt 0.438596 0.000000
vt 0.122807 0.000000
vt 0.421053 0.000000
vt 0.877193 0.000000
vt 0.140351 0.000000
vt 0.403509 0.000000
vt 0.157895 0.000000
vt 0.385965 0.000000
vt 0.368421 0.000000
vt 0.175439 0.000000
vt 0.350877 0.000000
vt 0.192982 0.000000
vt 0.210526 0.000000
vt 0.315789 0.000000
vt 0.228070 0.000000
vt 0.298246 0.000000
vt 0.245614 0.000000
vt 0.280702 0.000000
vt 0.263158 0.000000
vt 0.859649 0.000000
vt 0.842105 0.000000
vt 0.824561 0.000000
vt 0.807018 0.000000
vt 0.789474 0.000000
vt 0.508772 0.000000
vt 0.771930 0.000000
vt 0.526316 0.000000
vt 0.543860 0.000000
vt 0.754386 0.000000
vt 0.561404 0.000000
vt 0.578947 0.000000
vt 0.596491 0.000000
vt 0.736842 0.000000
vt 0.614035 0.000000
vt 0.631579 0.000000
vt 0.719298 0.000000
vt 0.649123 0.000000
vt 0.701754 0.000000
vt 0.684211 0.000000
vt 0.941176 0.000000
vt 0.980392 0.000000
vt 0.960784 0.000000
vt 0.431373 0.000000
vt 0.470588 0.000000
vt 0.450980 0.000000
vt 0.411765 0.000000
vt 0.490196 0.000000
vt 0.392157 0.000000
vt 0.509804 0.000000
vt 0.372549 0.000000
vt 0.529412 0.000000
vt 0.352941 0.000000
vt 0.549020 0.000000
vt 0.568627 0.000000
vt 0.313726 0.000000
vt 0.588235 0.000000
vt 0.294118 0.000000
vt 0.607843 0.000000
vt 0.274510 0.000000
vt 0.627451 0.000000
vt 0.254902 0.000000
vt 0.647059 0.000000
vt 0.235294 0.000000
vt 0.215686 0.000000
vt 0.686275 0.000000
vt 0.196078 0.000000
vt 0.705882 0.000000
vt 0.176471 0.000000
vt 0.725490 0.000000
vt 0.156863 0.000000
vt 0.745098 0.000000
vt 0.137255 0.000000
vt 0.764706 0.000000
vt 0.117647 0.000000
vt 0.784314 0.000000
vt 0.098039 0.000000
vt 0.803922 0.000000
vt 0.078431 0.000000
vt 0.823529 0.000000
vt 0.058824 0.000000
vt 0.843137 0.000000
vt 0.039216 0.000000
vt 0.862745 0.000000
vt 0.019608 0.000000
vt 0.882353 0.000000
vt 0.901961 0.000000
vt 0.921569 0.000000
vt 0.125000 1.000000
vt 0.000000 1.000000
vt 0.250000 1.000000
vt 0.375000 1.000000
vt 0.500000 1.000000
vt 0.625000 1.000000
vt 0.750000 1.000000
vt 0.875000 1.000000
vt 1.000000 1.000000
vt 0.020833 1.000000
vt 0.041667 1.000000
vt 0.020833 0.000000
vt 0.062500 1.000000
vt 0.041667 0.000000
vt 0.083333 1.000000
vt 0.062500 0.000000
vt 0.104167 1.000000
vt 0.083333 0.000000
vt 0.104167 0.000000
vt 0.145833 1.000000
vt 0.166667 1.000000
vt 0.145833 0.000000
vt 0.187500 1.000000
vt 0.166667 0.000000
vt 0.208333 1.000000
vt 0.187500 0.000000
vt 0.229167 1.000000
vt 0.208333 0.000000
vt 0.229167 0.000000
vt 0.270833 1.000000
vt 0.291667 1.000000
vt 0.270833 0.000000
vt 0.312500 1.000000
vt 0.291667 0.000000
vt 0.333333 1.000000
vt 0.312500 0.000000
vt 0.354167 1.000000
vt 0.354167 0.000000
vt 0.395833 1.000000
vt 0.416667 1.000000
vt 0.395833 0.000000
vt 0.437500 1.000000
vt 0.416667 0.000000
vt 0.458333 1.000000
vt 0.437500 0.000000
vt 0.479167 1.000000
vt 0.458333 0.000000
vt 0.479167 0.000000
vt 0.520833 1.000000
vt 0.541667 1.000000
vt 0.520833 0.000000
vt 0.562500 1.000000
vt 0.541667 0.000000
vt 0.583333 1.000000
vt 0.562500 0.000000
vt 0.604167 1.000000
vt 0.583333 0.000000
vt 0.604167 0.000000
vt 0.645833 1.000000
vt 0.666667 1.000000
vt 0.645833 0.000000
vt 0.687500 1.000000
vt 0.708333 1.000000
vt 0.687500 0.000000
vt 0.729167 1.000000
vt 0.708333 0.000000
vt 0.729167 0.000000
vt 0.770833 1.000000
vt 0.791667 1.000000
vt 0.770833 0.000000
vt 0.812500 1.000000
vt 0.791667 0.000000
vt 0.833333 1.000000
vt 0.812500 0.000000
vt 0.854167 1.000000
vt 0.833333 0.000000
vt 0.854167 0.000000
vt 0.895833 1.000000
vt 0.916667 1.000000
vt 0.895833 0.000000
vt 0.937500 1.000000
vt 0.916667 0.000000
vt 0.958333 1.000000
vt 0.937500 0.000000
vt 0.979167 1.000000
vt 0.958333 0.000000
vt 0.979167 0.000000
vt 0.017241 1.000000
vt 0.034483 1.000000
vt 0.017241 0.000000
vt 0.051724 1.000000
vt 0.034483 0.000000
vt 0.068966 1.000000
vt 0.051724 0.000000
vt 0.086207 1.000000
vt 0.068966 0.000000
vt 0.103448 1.000000
vt 0.086207 0.000000
vt 0.120690 1.000000
vt 0.103448 0.000000
vt 0.137931 1.000000
vt 0.120690 0.000000
vt 0.155172 1.000000
vt 0.137931 0.000000
vt 0.172414 1.000000
vt 0.155172 0.000000
vt 0.189655 1.000000
vt 0.172414 0.000000
vt 0.206897 1.000000
vt 0.189655 0.000000
vt 0.224138 1.000000
vt 0.206897 0.000000
vt 0.241379 1.000000
vt 0.224138 0.000000
vt 0.258621 1.000000
vt 0.241379 0.000000
vt 0.275862 1.000000
vt 0.258621 0.000000
vt 0.293103 1.000000
vt 0.275862 0.000000
vt 0.310345 1.000000
vt 0.293103 0.000000
vt 0.327586 1.000000
vt 0.310345 0.000000
vt 0.344828 1.000000
vt 0.327586 0.000000
vt 0.362069 1.000000
vt 0.344828 0.000000
vt 0.379310 1.000000
vt 0.362069 0.000000
vt 0.396552 1.000000
vt 0.379310 0.000000
vt 0.413793 1.000000
vt 0.396552 0.000000
vt 0.431034 1.000000
vt 0.413793 0.000000
vt 0.448276 1.000000
vt 0.431034 0.000000
vt 0.465517 1.000000
vt 0.448276 0.000000
vt 0.482759 1.000000
vt 0.465517 0.000000
vt 0.482759 0.000000
vt 0.517241 1.000000
vt 0.534483 1.000000
vt 0.517241 0.000000
vt 0.551724 1.000000
vt 0.534483 0.000000
vt 0.568965 1.000000
vt 0.551724 0.000000
vt 0.586207 1.000000
vt 0.568965 0.000000
vt 0.603448 1.000000
vt 0.586207 0.000000
vt 0.620690 1.000000
vt 0.603448 0.000000
vt 0.637931 1.000000
vt 0.620690 0.000000
vt 0.655172 1.000000
vt 0.637931 0.000000
vt 0.672414 1.000000
vt 0.655172 0.000000
vt 0.689655 1.000000
vt 0.672414 0.000000
vt 0.706897 1.000000
vt 0.689655 0.000000
vt 0.724138 1.000000
vt 0.706897 0.000000
vt 0.741379 1.000000
vt 0.724138 0.000000
vt 0.758621 1.000000
vt 0.741379 0.000000
vt 0.775862 1.000000
vt 0.758621 0.000000
vt 0.793103 1.000000
vt 0.775862 0.000000
vt 0.810345 1.000000
vt 0.793103 0.000000
vt 0.827586 1.000000
vt 0.810345 0.000000
vt 0.844828 1.000000
vt 0.827586 0.000000
vt 0.862069 1.000000
vt 0.844828 0.000000
vt 0.879310 1.000000
vt 0.862069 0.000000
vt 0.896552 1.000000
vt 0.879310 0.000000
vt 0.913793 1.000000
vt 0.896552 0.000000
vt 0.931035 1.000000
vt 0.913793 0.000000
vt 0.948276 1.000000
vt 0.931035 0.000000
vt 0.965517 1.000000
vt 0.948276 0.000000
vt 0.982759 1.000000
vt 0.965517 0.000000
vt 0.982759 0.000000
vt 0.013514 1.000000
vt 0.027027 1.000000
vt 0.013514 0.000000
vt 0.040541 1.000000
vt 0.027027 0.000000
vt 0.054054 1.000000
vt 0.040541 0.000000
vt 0.067568 1.000000
vt 0.054054 0.000000
vt 0.081081 1.000000
vt 0.067568 0.000000
vt 0.094595 1.000000
vt 0.081081 0.000000
vt 0.108108 1.000000
vt 0.094595 0.000000
vt 0.121622 1.000000
vt 0.108108 0.000000
vt 0.135135 1.000000
vt 0.121622 0.000000
vt 0.148649 1.000000
vt 0.135135 0.000000
vt 0.162162 1.000000
vt 0.148649 0.000000
vt 0.175676 1.000000
vt 0.162162 0.000000
vt 0.189189 1.000000
vt 0.175676 0.000000
vt 0.202703 1.000000
vt 0.189189 0.000000
vt 0.216216 1.000000
vt 0.202703 0.000000
vt 0.229730 1.000000
vt 0.216216 0.000000
vt 0.243243 1.000000
vt 0.229730 0.000000
vt 0.256757 1.000000
vt 0.243243 0.000000
vt 0.270270 1.000000
vt 0.256757 0.000000
vt 0.283784 1.000000
vt 0.270270 0.000000
vt 0.297297 1.000000
vt 0.283784 0.000000
vt 0.310811 1.000000
vt 0.297297 0.000000
vt 0.324324 1.000000
vt 0.310811 0.000000
vt 0.337838 1.000000
vt 0.324324 0.000000
vt 0.351351 1.000000
vt 0.337838 0.000000
vt 0.364865 1.000000
vt 0.351351 0.000000
vt 0.378378 1.000000
vt 0.364865 0.000000
vt 0.391892 1.000000
vt 0.378378 0.000000
vt 0.405405 1.000000
vt 0.391892 0.000000
vt 0.418919 1.000000
vt 0.405405 0.000000
vt 0.432432 1.000000
vt 0.418919 0.000000
vt 0.445946 1.000000
vt 0.432432 0.000000
vt 0.459459 1.000000
vt 0.445946 0.000000
vt 0.472973 1.000000
vt 0.459459 0.000000
vt 0.486486 1.000000
vt 0.472973 0.000000
vt 0.486486 0.000000
vt 0.513514 1.000000
vt 0.527027 1.000000
vt 0.513514 0.000000
vt 0.540541 1.000000
vt 0.527027 0.000000
vt 0.554054 1.000000
vt 0.540541 0.000000
vt 0.567568 1.000000
vt 0.554054 0.000000
vt 0.581081 1.000000
vt 0.567568 0.000000
vt 0.594595 1.000000
vt 0.581081 0.000000
vt 0.608108 1.000000
vt 0.594595 0.000000
vt 0.621622 1.000000
vt 0.608108 0.000000
vt 0.635135 1.000000
vt 0.621622 0.000000
vt 0.648649 1.000000
vt 0.635135 0.000000
vt 0.662162 1.000000
vt 0.648649 0.000000
vt 0.675676 1.000000
vt 0.662162 0.000000
vt 0.689189 1.000000
vt 0.675676 0.000000
vt 0.702703 1.000000
vt 0.689189 0.000000
vt 0.716216 1.000000
vt 0.702703 0.000000
vt 0.729730 1.000000
vt 0.716216 0.000000
vt 0.743243 1.000000
vt 0.729730 0.000000
vt 0.756757 1.000000
vt 0.743243 0.000000
vt 0.770270 1.000000
vt 0.756757 0.000000
vt 0.783784 1.000000
vt 0.770270 0.000000
vt 0.797297 1.000000
vt 0.783784 0.000000
vt 0.810811 1.000000
vt 0.797297 0.000000
vt 0.824324 1.000000
vt 0.810811 0.000000
vt 0.837838 1.000000
vt 0.824324 0.000000
vt 0.851351 1.000000
vt 0.837838 0.000000
vt 0.864865 1.000000
vt 0.851351 0.000000
vt 0.878378 1.000000
vt 0.864865 0.000000
vt 0.891892 1.000000
vt 0.878378 0.000000
vt 0.905405 1.000000
vt 0.891892 0.000000
vt 0.918919 1.000000
vt 0.905405 0.000000
vt 0.932432 1.000000
vt 0.918919 0.000000
vt 0.945946 1.000000
vt 0.932432 0.000000
vt 0.959459 1.000000
vt 0.945946 0.000000
vt 0.972973 1.000000
vt 0.959459 0.000000
vt 0.986486 1.000000
vt 0.972973 0.000000
vt 0.986486 0.000000
vt 0.040000 1.000000
vt 0.080000 1.000000
vt 0.040000 0.000000
vt 0.120000 1.000000
vt 0.080000 0.000000
vt 0.160000 1.000000
vt 0.120000 0.000000
vt 0.200000 1.000000
vt 0.160000 0.000000
vt 0.240000 1.000000
vt 0.200000 0.000000
vt 0.280000 1.000000
vt 0.240000 0.000000
vt 0.320000 1.000000
vt 0.280000 0.000000
vt 0.360000 1.000000
vt 0.320000 0.000000
vt 0.400000 1.000000
vt 0.360000 0.000000
vt 0.440000 1.000000
vt 0.400000 0.000000
vt 0.480000 1.000000
vt 0.440000 0.000000
vt 0.520000 1.000000
vt 0.480000 0.000000
vt 0.560000 1.000000
vt 0.520000 0.000000
vt 0.600000 1.000000
vt 0.560000 0.000000
vt 0.640000 1.000000
vt 0.600000 0.000000
vt 0.680000 1.000000
vt 0.640000 0.000000
vt 0.720000 1.000000
vt 0.680000 0.000000
vt 0.760000 1.000000
vt 0.720000 0.000000
vt 0.800000 1.000000
vt 0.760000 0.000000
vt 0.840000 1.000000
vt 0.800000 0.000000
vt 0.880000 1.000000
vt 0.840000 0.000000
vt 0.920000 1.000000
vt 0.880000 0.000000
vt 0.960000 1.000000
vt 0.920000 0.000000
vt 0.960000 0.000000
vt 0.008197 1.000000
vt 0.016393 1.000000
vt 0.008197 0.000000
vt 0.024590 1.000000
vt 0.016393 0.000000
vt 0.032787 1.000000
vt 0.024590 0.000000
vt 0.040984 1.000000
vt 0.032787 0.000000
vt 0.049180 1.000000
vt 0.040984 0.000000
vt 0.057377 1.000000
vt 0.049180 0.000000
vt 0.065574 1.000000
vt 0.057377 0.000000
vt 0.073770 1.000000
vt 0.065574 0.000000
vt 0.081967 1.000000
vt 0.073770 0.000000
vt 0.090164 1.000000
vt 0.081967 0.000000
vt 0.098361 1.000000
vt 0.090164 0.000000
vt 0.106557 1.000000
vt 0.098361 0.000000
vt 0.114754 1.000000
vt 0.106557 0.000000
vt 0.122951 1.000000
vt 0.114754 0.000000
vt 0.131148 1.000000
vt 0.122951 0.000000
vt 0.139344 1.000000
vt 0.131148 0.000000
vt 0.147541 1.000000
vt 0.139344 0.000000
vt 0.155738 1.000000
vt 0.147541 0.000000
vt 0.163934 1.000000
vt 0.155738 0.000000
vt 0.172131 1.000000
vt 0.163934 0.000000
vt 0.180328 1.000000
vt 0.172131 0.000000
vt 0.188525 1.000000
vt 0.180328 0.000000
vt 0.196721 1.000000
vt 0.188525 0.000000
vt 0.204918 1.000000
vt 0.196721 0.000000
vt 0.213115 1.000000
vt 0.204918 0.000000
vt 0.221311 1.000000
vt 0.213115 0.000000
vt 0.229508 1.000000
vt 0.221311 0.000000
vt 0.237705 1.000000
vt 0.229508 0.000000
vt 0.245902 1.000000
vt 0.237705 0.000000
vt 0.254098 1.000000
vt 0.245902 0.000000
vt 0.262295 1.000000
vt 0.254098 0.000000
vt 0.270492 1.000000
vt 0.262295 0.000000
vt 0.278689 1.000000
vt 0.270492 0.000000
vt 0.286885 1.000000
vt 0.278689 0.000000
vt 0.295082 1.000000
vt 0.286885 0.000000
vt 0.303279 1.000000
vt 0.295082 0.000000
vt 0.311475 1.000000
vt 0.303279 0.000000
vt 0.319672 1.000000
vt 0.311475 0.000000
vt 0.327869 1.000000
vt 0.319672 0.000000
vt 0.336066 1.000000
vt 0.327869 0.000000
vt 0.344262 1.000000
vt 0.336066 0.000000
vt 0.352459 1.000000
vt 0.344262 0.000000
vt 0.360656 1.000000
vt 0.352459 0.000000
vt 0.368852 1.000000
vt 0.360656 0.000000
vt 0.377049 1.000000
vt 0.368852 0.000000
vt 0.385246 1.000000
vt 0.377049 0.000000
vt 0.393443 1.000000
vt 0.385246 0.000000
vt 0.401639 1.000000
vt 0.393443 0.000000
vt 0.409836 1.000000
vt 0.401639 0.000000
vt 0.418033 1.000000
vt 0.409836 0.000000
vt 0.426230 1.000000
vt 0.418033 0.000000
vt 0.434426 1.000000
vt 0.426230 0.000000
vt 0.442623 1.000000
vt 0.434426 0.000000
vt 0.450820 1.000000
vt 0.442623 0.000000
vt 0.459016 1.000000
vt 0.450820 0.000000
vt 0.467213 1.000000
vt 0.459016 0.000000
vt 0.475410 1.000000
vt 0.467213 0.000000
vt 0.483607 1.000000
vt 0.475410 0.000000
vt 0.491803 1.000000
vt 0.483607 0.000000
vt 0.491803 0.000000
vt 0.508197 1.000000
vt 0.516393 1.000000
vt 0.508197 0.000000
vt 0.524590 1.000000
vt 0.516393 0.000000
vt 0.532787 1.000000
vt 0.524590 0.000000
vt 0.540984 1.000000
vt 0.532787 0.000000
vt 0.549180 1.000000
vt 0.540984 0.000000
vt 0.557377 1.000000
vt 0.549180 0.000000
vt 0.565574 1.000000
vt 0.557377 0.000000
vt 0.573770 1.000000
vt 0.565574 0.000000
vt 0.581967 1.000000
vt 0.573770 0.000000
vt 0.590164 1.000000
vt 0.581967 0.000000
vt 0.598361 1.000000
vt 0.590164 0.000000
vt 0.606557 1.000000
vt 0.598361 0.000000
vt 0.614754 1.000000
vt 0.606557 0.000000
vt 0.622951 1.000000
vt 0.614754 0.000000
vt 0.631148 1.000000
vt 0.622951 0.000000
vt 0.639344 1.000000
vt 0.631148 0.000000
vt 0.647541 1.000000
vt 0.639344 0.000000
vt 0.655738 1.000000
vt 0.647541 0.000000
vt 0.663934 1.000000
vt 0.655738 0.000000
vt 0.672131 1.000000
vt 0.663934 0.000000
vt 0.680328 1.000000
vt 0.672131 0.000000
vt 0.688525 1.000000
vt 0.680328 0.000000
vt 0.696721 1.000000
vt 0.688525 0.000000
vt 0.704918 1.000000
vt 0.696721 0.000000
vt 0.713115 1.000000
vt 0.704918 0.000000
vt 0.721311 1.000000
vt 0.713115 0.000000
vt 0.729508 1.000000
vt 0.721311 0.000000
vt 0.737705 1.000000
vt 0.729508 0.000000
vt 0.745902 1.000000
vt 0.737705 0.000000
vt 0.754098 1.000000
vt 0.745902 0.000000
vt 0.762295 1.000000
vt 0.754098 0.000000
vt 0.770492 1.000000
vt 0.762295 0.000000
vt 0.778689 1.000000
vt 0.770492 0.000000
vt 0.786885 1.000000
vt 0.778689 0.000000
vt 0.795082 1.000000
vt 0.786885 0.000000
vt 0.803279 1.000000
vt 0.795082 0.000000
vt 0.811475 1.000000
vt 0.803279 0.000000
vt 0.819672 1.000000
vt 0.811475 0.000000
vt 0.827869 1.000000
vt 0.819672 0.000000
vt 0.836066 1.000000
vt 0.827869 0.000000
vt 0.844262 1.000000
vt 0.836066 0.000000
vt 0.852459 1.000000
vt 0.844262 0.000000
vt 0.860656 1.000000
vt 0.852459 0.000000
vt 0.868852 1.000000
vt 0.860656 0.000000
vt 0.877049 1.000000
vt 0.868852 0.000000
vt 0.885246 1.000000
vt 0.877049 0.000000
vt 0.893443 1.000000
vt 0.885246 0.000000
vt 0.901639 1.000000
vt 0.893443 0.000000
vt 0.909836 1.000000
vt 0.901639 0.000000
vt 0.918033 1.000000
vt 0.909836 0.000000
vt 0.926230 1.000000
vt 0.918033 0.000000
vt 0.934426 1.000000
vt 0.926230 0.000000
vt 0.942623 1.000000
vt 0.934426 0.000000
vt 0.950820 1.000000
vt 0.942623 0.000000
vt 0.959016 1.000000
vt 0.950820 0.000000
vt 0.967213 1.000000
vt 0.959016 0.000000
vt 0.975410 1.000000
vt 0.967213 0.000000
vt 0.983607 1.000000
vt 0.975410 0.000000
vt 0.991803 1.000000
vt 0.983607 0.000000
vt 0.991803 0.000000
vt 0.010204 1.000000
vt 0.020408 1.000000
vt 0.030612 1.000000
vt 0.040816 1.000000
vt 0.051020 1.000000
vt 0.061224 1.000000
vt 0.071429 1.000000
vt 0.081633 1.000000
vt 0.091837 1.000000
vt 0.102041 1.000000
vt 0.112245 1.000000
vt 0.122449 1.000000
vt 0.132653 1.000000
vt 0.142857 1.000000
vt 0.153061 1.000000
vt 0.163265 1.000000
vt 0.173469 1.000000
vt 0.183673 1.000000
vt 0.193878 1.000000
vt 0.204082 1.000000
vt 0.214286 1.000000
vt 0.224490 1.000000
vt 0.234694 1.000000
vt 0.244898 1.000000
vt 0.255102 1.000000
vt 0.265306 1.000000
vt 0.275510 1.000000
vt 0.285714 1.000000
vt 0.295918 1.000000
vt 0.306122 1.000000
vt 0.316327 1.000000
vt 0.326531 1.000000
vt 0.336735 1.000000
vt 0.346939 1.000000
vt 0.357143 1.000000
vt 0.367347 1.000000
vt 0.377551 1.000000
vt 0.387755 1.000000
vt 0.397959 1.000000
vt 0.408163 1.000000
vt 0.418367 1.000000
vt 0.428571 1.000000
vt 0.438776 1.000000
vt 0.448980 1.000000
vt 0.459184 1.000000
vt 0.469388 1.000000
vt 0.479592 1.000000
vt 0.489796 1.000000
vt 0.510204 1.000000
vt 0.520408 1.000000
vt 0.530612 1.000000
vt 0.540816 1.000000
vt 0.551020 1.000000
vt 0.561224 1.000000
vt 0.571429 1.000000
vt 0.581633 1.000000
vt 0.591837 1.000000
vt 0.602041 1.000000
vt 0.612245 1.000000
vt 0.622449 1.000000
vt 0.632653 1.000000
vt 0.642857 1.000000
vt 0.653061 1.000000
vt 0.663265 1.000000
vt 0.673469 1.000000
vt 0.683673 1.000000
vt 0.693878 1.000000
vt 0.704082 1.000000
vt 0.714286 1.000000
vt 0.724490 1.000000
vt 0.734694 1.000000
vt 0.744898 1.000000
vt 0.755102 1.000000
vt 0.765306 1.000000
vt 0.775510 1.000000
vt 0.785714 1.000000
vt 0.795918 1.000000
vt 0.806122 1.000000
vt 0.816327 1.000000
vt 0.826531 1.000000
vt 0.836735 1.000000
vt 0.846939 1.000000
vt 0.857143 1.000000
vt 0.867347 1.000000
vt 0.877551 1.000000
vt 0.887755 1.000000
vt 0.897959 1.000000
vt 0.908163 1.000000
vt 0.918367 1.000000
vt 0.928571 1.000000
vt 0.938776 1.000000
vt 0.948980 1.000000
vt 0.959184 1.000000
vt 0.969388 1.000000
vt 0.979592 1.000000
vt 0.989796 1.000000
vt 0.017544 1.000000
vt 0.035088 1.000000
vt 0.052632 1.000000
vt 0.070175 1.000000
vt 0.087719 1.000000
vt 0.105263 1.000000
vt 0.122807 1.000000
vt 0.140351 1.000000
vt 0.157895 1.000000
vt 0.175439 1.000000
vt 0.192982 1.000000
vt 0.210526 1.000000
vt 0.228070 1.000000
vt 0.245614 1.000000
vt 0.263158 1.000000
vt 0.280702 1.000000
vt 0.298246 1.000000
vt 0.315789 1.000000
vt 0.350877 1.000000
vt 0.368421 1.000000
vt 0.385965 1.000000
vt 0.403509 1.000000
vt 0.421053 1.000000
vt 0.438596 1.000000
vt 0.456140 1.000000
vt 0.473684 1.000000
vt 0.491228 1.000000
vt 0.508772 1.000000
vt 0.526316 1.000000
vt 0.543860 1.000000
vt 0.561404 1.000000
vt 0.578947 1.000000
vt 0.596491 1.000000
vt 0.614035 1.000000
vt 0.631579 1.000000
vt 0.649123 1.000000
vt 0.684211 1.000000
vt 0.701754 1.000000
vt 0.719298 1.000000
vt 0.736842 1.000000
vt 0.754386 1.000000
vt 0.771930 1.000000
vt 0.789474 1.000000
vt 0.807018 1.000000
vt 0.824561 1.000000
vt 0.842105 1.000000
vt 0.859649 1.000000
vt 0.877193 1.000000
vt 0.894737 1.000000
vt 0.912281 1.000000
vt 0.929825 1.000000
vt 0.947368 1.000000
vt 0.964912 1.000000
vt 0.982456 1.000000
s 0
usemtl マテリアル
f 35/1/1 37/2/1 36/3/1
f 35/1/1 38/4/1 37/2/1
f 34/5/1 38/4/1 35/1/1
f 34/5/1 39/6/1 38/4/1
f 33/7/1 39/6/1 34/5/1
f 33/7/1 40/8/1 39/6/1
f 32/9/1 40/8/1 33/7/1
f 32/9/1 41/10/1 40/8/1
f 31/11/1 41/10/1 32/9/1
f 31/11/1 42/12/1 41/10/1
f 30/13/1 42/12/1 31/11/1
f 30/13/1 43/14/1 42/12/1
f 29/15/1 43/14/1 30/13/1
f 28/16/1 43/14/1 29/15/1
f 28/16/1 86/17/1 43/14/1
f 86/17/1 44/18/1 43/14/1
f 28/16/1 87/19/1 86/17/1
f 85/20/1 44/18/1 86/17/1
f 28/16/1 88/21/1 87/19/1
f 84/22/1 44/18/1 85/20/1
f 28/16/1 89/23/1 88/21/1
f 83/24/1 44/18/1 84/22/1
f 27/25/1 89/23/1 28/16/1
f 83/24/1 45/26/1 44/18/1
f 27/25/1 90/27/1 89/23/1
f 82/28/1 45/26/1 83/24/1
f 27/25/1 91/29/1 90/27/1
f 81/30/1 45/26/1 82/28/1
f 27/25/1 92/31/1 91/29/1
f 80/32/1 45/26/1 81/30/1
f 27/25/1 93/33/1 92/31/1
f 79/34/1 45/26/1 80/32/1
f 27/25/1 94/35/1 93/33/1
f 78/36/1 45/26/1 79/34/1
f 26/37/1 94/35/1 27/25/1
f 78/36/1 46/38/1 45/26/1
f 77/39/1 46/38/1 78/36/1
f 26/37/1 95/40/1 94/35/1
f 76/41/1 46/38/1 77/39/1
f 26/37/1 96/42/1 95/40/1
f 25/43/1 96/42/1 26/37/1
f 75/44/1 99/45/1 76/41/1
f 99/45/1 46/38/1 76/41/1
f 25/43/1 98/46/1 96/42/1
f 98/46/1 97/47/1 96/42/1
f 99/45/1 47/48/1 46/38/1
f 25/43/1 99/45/1 98/46/1
f 25/43/1 47/48/1 99/45/1
f 24/49/1 47/48/1 25/43/1
f 24/49/1 48/50/1 47/48/1
f 23/51/1 48/50/1 24/49/1
f 22/52/1 50/53/1 23/51/1
f 50/53/1 48/50/1 23/51/1
f 22/52/1 49/54/1 50/53/1
f 51/55/1 48/50/1 50/53/1
f 22/52/1 51/55/1 49/54/1
f 51/55/1 48/50/1 49/54/1
f 22/52/1 52/56/1 51/55/1
f 21/57/1 52/56/1 22/52/1
f 72/58/1 74/59/1 73/60/1
f 21/57/1 53/61/1 52/56/1
f 21/57/1 54/62/1 53/61/1
f 71/63/1 74/59/1 72/58/1
f 21/57/1 55/64/1 54/62/1
f 20/65/1 55/64/1 21/57/1
f 70/66/1 74/59/1 71/63/1
f 20/65/1 56/67/1 55/64/1
f 69/68/1 74/59/1 70/66/1
f 68/69/1 74/59/1 69/68/1
f 20/65/1 57/70/1 56/67/1
f 67/71/1 74/59/1 68/69/1
f 20/65/1 58/72/1 57/70/1
f 66/73/1 74/59/1 67/71/1
f 19/74/1 58/72/1 20/65/1
f 65/75/1 74/59/1 66/73/1
f 19/74/1 59/76/1 58/72/1
f 64/77/1 74/59/1 65/75/1
f 19/74/1 60/78/1 59/76/1
f 63/79/1 74/59/1 64/77/1
f 62/80/1 74/59/1 63/79/1
f 19/74/1 61/81/1 60/78/1
f 61/81/1 74/59/1 62/80/1
f 19/74/1 74/59/1 61/81/1
f 18/82/1 74/59/1 19/74/1
f 17/83/1 74/59/1 18/82/1
f 17/83/1 1/84/1 74/59/1
f 16/85/1 1/84/1 17/83/1
f 16/85/1 2/86/1 1/84/1
f 16/85/1 3/87/1 2/86/1
f 15/88/1 3/87/1 16/85/1
f 15/88/1 4/89/1 3/87/1
f 15/88/1 5/90/1 4/89/1
f 14/91/1 5/90/1 15/88/1
f 14/91/1 6/92/1 5/90/1
f 14/91/1 7/93/1 6/92/1
f 13/94/1 7/93/1 14/91/1
f 13/94/1 8/95/1 7/93/1
f 13/94/1 9/96/1 8/95/1
f 13/94/1 10/97/1 9/96/1
f 12/98/1 10/97/1 13/94/1
f 12/98/1 11/99/1 10/97/1
f 111/100/1 113/101/1 112/52/1
f 110/102/1 113/101/1 111/100/1
f 110/102/1 114/103/1 113/101/1
f 109/104/1 114/103/1 110/102/1
f 108/88/1 114/103/1 109/104/1
f 108/88/1 115/105/1 114/103/1
f 153/106/1 100/84/1 154/107/1
f 100/84/1 155/108/1 154/107/1
f 100/84/1 101/109/1 155/108/1
f 101/109/1 102/110/1 155/108/1
f 102/110/1 103/111/1 155/108/1
f 103/111/1 156/45/1 155/108/1
f 107/112/1 115/105/1 108/88/1
f 107/112/1 116/15/1 115/105/1
f 106/113/1 116/15/1 107/112/1
f 105/114/1 116/15/1 106/113/1
f 105/114/1 117/115/1 116/15/1
f 104/95/1 117/115/1 105/114/1
f 103/111/1 117/115/1 104/95/1
f 103/111/1 118/116/1 117/115/1
f 156/45/1 118/116/1 103/111/1
f 156/45/1 119/117/1 118/116/1
f 153/106/1 156/45/1 100/84/1
f 153/106/1 151/118/1 156/45/1
f 151/118/1 150/119/1 156/45/1
f 150/119/1 149/120/1 156/45/1
f 149/120/1 148/20/1 156/45/1
f 148/20/1 147/121/1 156/45/1
f 147/121/1 146/122/1 156/45/1
f 146/122/1 145/123/1 156/45/1
f 145/123/1 144/36/1 156/45/1
f 144/36/1 143/124/1 156/45/1
f 143/124/1 142/125/1 156/45/1
f 142/125/1 119/117/1 156/45/1
f 142/125/1 141/126/1 119/117/1
f 141/126/1 140/63/1 119/117/1
f 140/63/1 120/3/1 119/117/1
f 140/63/1 139/127/1 120/3/1
f 139/127/1 121/128/1 120/3/1
f 138/129/1 121/128/1 139/127/1
f 137/130/1 121/128/1 138/129/1
f 136/77/1 121/128/1 137/130/1
f 136/77/1 122/131/1 121/128/1
f 135/132/1 122/131/1 136/77/1
f 134/133/1 122/131/1 135/132/1
f 133/134/1 122/131/1 134/133/1
f 132/70/1 122/131/1 133/134/1
f 131/135/1 122/131/1 132/70/1
f 131/135/1 123/136/1 122/131/1
f 130/137/1 123/136/1 131/135/1
f 129/138/1 123/136/1 130/137/1
f 153/106/1 152/31/1 151/118/1
f 129/138/1 124/14/1 123/136/1
f 128/53/1 124/14/1 129/138/1
f 127/139/1 124/14/1 128/53/1
f 126/140/1 124/14/1 127/139/1
f 126/140/1 125/141/1 124/14/1
f 191/1/1 193/2/1 192/3/1
f 191/1/1 194/4/1 193/2/1
f 190/5/1 194/4/1 191/1/1
f 190/5/1 195/6/1 194/4/1
f 189/7/1 195/6/1 190/5/1
f 189/7/1 196/8/1 195/6/1
f 188/9/1 196/8/1 189/7/1
f 188/9/1 197/10/1 196/8/1
f 187/11/1 197/10/1 188/9/1
f 187/11/1 198/12/1 197/10/1
f 186/13/1 198/12/1 187/11/1
f 186/13/1 199/14/1 198/12/1
f 185/15/1 199/14/1 186/13/1
f 184/16/1 199/14/1 185/15/1
f 184/16/1 242/17/1 199/14/1
f 242/17/1 200/18/1 199/14/1
f 184/16/1 243/19/1 242/17/1
f 241/20/1 200/18/1 242/17/1
f 184/16/1 244/21/1 243/19/1
f 240/22/1 200/18/1 241/20/1
f 184/16/1 245/23/1 244/21/1
f 239/24/1 200/18/1 240/22/1
f 183/25/1 245/23/1 184/16/1
f 239/24/1 201/26/1 200/18/1
f 183/25/1 246/27/1 245/23/1
f 238/28/1 201/26/1 239/24/1
f 183/25/1 247/29/1 246/27/1
f 237/30/1 201/26/1 238/28/1
f 183/25/1 248/31/1 247/29/1
f 236/32/1 201/26/1 237/30/1
f 183/25/1 249/33/1 248/31/1
f 235/34/1 201/26/1 236/32/1
f 183/25/1 250/35/1 249/33/1
f 234/36/1 201/26/1 235/34/1
f 182/37/1 250/35/1 183/25/1
f 234/36/1 202/38/1 201/26/1
f 233/39/1 202/38/1 234/36/1
f 182/37/1 251/40/1 250/35/1
f 232/41/1 202/38/1 233/39/1
f 182/37/1 252/42/1 251/40/1
f 181/43/1 252/42/1 182/37/1
f 231/44/1 255/45/1 232/41/1
f 255/45/1 202/38/1 232/41/1
f 181/43/1 254/46/1 252/42/1
f 254/46/1 253/47/1 252/42/1
f 255/45/1 203/48/1 202/38/1
f 254/46/1 203/48/1 255/45/1
f 181/43/1 203/48/1 254/46/1
f 180/49/1 203/48/1 181/43/1
f 180/49/1 204/50/1 203/48/1
f 179/51/1 204/50/1 180/49/1
f 178/52/1 206/53/1 179/51/1
f 206/53/1 204/50/1 179/51/1
f 178/52/1 205/54/1 206/53/1
f 207/55/1 204/50/1 206/53/1
f 178/52/1 207/55/1 205/54/1
f 207/55/1 204/50/1 205/54/1
f 178/52/1 208/56/1 207/55/1
f 177/57/1 208/56/1 178/52/1
f 228/58/1 230/59/1 229/60/1
f 177/57/1 209/61/1 208/56/1
f 177/57/1 210/62/1 209/61/1
f 227/63/1 230/59/1 228/58/1
f 177/57/1 211/64/1 210/62/1
f 176/65/1 211/64/1 177/57/1
f 226/66/1 230/59/1 227/63/1
f 176/65/1 212/67/1 211/64/1
f 225/68/1 230/59/1 226/66/1
f 224/69/1 230/59/1 225/68/1
f 176/65/1 213/70/1 212/67/1
f 223/71/1 230/59/1 224/69/1
f 176/65/1 214/72/1 213/70/1
f 222/73/1 230/59/1 223/71/1
f 175/74/1 214/72/1 176/65/1
f 221/75/1 230/59/1 222/73/1
f 175/74/1 215/76/1 214/72/1
f 220/77/1 230/59/1 221/75/1
f 175/74/1 216/78/1 215/76/1
f 219/79/1 230/59/1 220/77/1
f 218/80/1 230/59/1 219/79/1
f 175/74/1 217/81/1 216/78/1
f 217/81/1 230/59/1 218/80/1
f 175/74/1 230/59/1 217/81/1
f 174/82/1 230/59/1 175/74/1
f 173/83/1 230/59/1 174/82/1
f 173/83/1 157/84/1 230/59/1
f 172/85/1 157/84/1 173/83/1
f 172/85/1 158/86/1 157/84/1
f 172/85/1 159/87/1 158/86/1
f 171/88/1 159/87/1 172/85/1
f 171/88/1 160/89/1 159/87/1
f 171/88/1 161/90/1 160/89/1
f 170/91/1 161/90/1 171/88/1
f 170/91/1 162/92/1 161/90/1
f 170/91/1 163/93/1 162/92/1
f 169/94/1 163/93/1 170/91/1
f 169/94/1 164/95/1 163/93/1
f 169/94/1 165/96/1 164/95/1
f 169/94/1 166/97/1 165/96/1
f 168/98/1 166/97/1 169/94/1
f 168/98/1 167/99/1 166/97/1
f 339/142/1 341/143/1 340/144/1
f 339/142/1 342/145/1 341/143/1
f 339/142/1 343/146/1 342/145/1
f 338/147/1 343/146/1 339/142/1
f 338/147/1 344/148/1 343/146/1
f 338/147/1 345/149/1 344/148/1
f 338/147/1 346/150/1 345/149/1
f 337/151/1 346/150/1 338/147/1
f 337/151/1 347/152/1 346/150/1
f 337/151/1 348/153/1 347/152/1
f 337/151/1 349/154/1 348/153/1
f 336/155/1 349/154/1 337/151/1
f 336/155/1 350/156/1 349/154/1
f 336/155/1 351/157/1 350/156/1
f 336/155/1 352/158/1 351/157/1
f 335/159/1 352/158/1 336/155/1
f 335/159/1 261/160/1 352/158/1
f 261/160/1 260/161/1 352/158/1
f 260/161/1 259/162/1 352/158/1
f 259/162/1 258/163/1 352/158/1
f 258/163/1 257/164/1 352/158/1
f 257/164/1 256/84/1 352/158/1
f 256/84/1 353/45/1 352/158/1
f 334/165/1 263/166/1 335/159/1
f 263/166/1 262/167/1 335/159/1
f 262/167/1 261/160/1 335/159/1
f 333/168/1 265/169/1 334/165/1
f 265/169/1 264/170/1 334/165/1
f 264/170/1 263/166/1 334/165/1
f 332/171/1 267/172/1 333/168/1
f 267/172/1 266/173/1 333/168/1
f 266/173/1 265/169/1 333/168/1
f 332/171/1 268/174/1 267/172/1
f 332/171/1 269/175/1 268/174/1
f 331/176/1 269/175/1 332/171/1
f 331/176/1 270/177/1 269/175/1
f 331/176/1 271/178/1 270/177/1
f 331/176/1 272/179/1 271/178/1
f 331/176/1 273/180/1 272/179/1
f 330/181/1 273/180/1 331/176/1
f 330/181/1 274/182/1 273/180/1
f 330/181/1 275/183/1 274/182/1
f 330/181/1 276/184/1 275/183/1
f 329/185/1 276/184/1 330/181/1
f 329/185/1 277/186/1 276/184/1
f 329/185/1 278/187/1 277/186/1
f 328/188/1 278/187/1 329/185/1
f 328/188/1 279/189/1 278/187/1
f 328/188/1 280/190/1 279/189/1
f 327/191/1 280/190/1 328/188/1
f 327/191/1 281/192/1 280/190/1
f 327/191/1 282/193/1 281/192/1
f 326/194/1 282/193/1 327/191/1
f 326/194/1 283/195/1 282/193/1
f 326/194/1 284/196/1 283/195/1
f 325/197/1 284/196/1 326/194/1
f 325/197/1 285/198/1 284/196/1
f 302/199/1 304/200/1 303/201/1
f 325/197/1 286/202/1 285/198/1
f 325/197/1 287/203/1 286/202/1
f 324/204/1 287/203/1 325/197/1
f 301/205/1 304/200/1 302/199/1
f 300/206/1 304/200/1 301/205/1
f 324/204/1 288/207/1 287/203/1
f 299/208/1 304/200/1 300/206/1
f 298/209/1 304/200/1 299/208/1
f 297/210/1 304/200/1 298/209/1
f 324/204/1 289/211/1 288/207/1
f 296/212/1 304/200/1 297/210/1
f 295/213/1 304/200/1 296/212/1
f 324/204/1 290/214/1 289/211/1
f 294/215/1 304/200/1 295/213/1
f 293/216/1 304/200/1 294/215/1
f 324/204/1 291/217/1 290/214/1
f 292/218/1 304/200/1 293/216/1
f 291/217/1 304/200/1 292/218/1
f 324/204/1 304/200/1 291/217/1
f 323/219/1 304/200/1 324/204/1
f 322/220/1 304/200/1 323/219/1
f 321/221/1 304/200/1 322/220/1
f 320/222/1 304/200/1 321/221/1
f 320/222/1 305/223/1 304/200/1
f 319/224/1 305/223/1 320/222/1
f 319/224/1 306/225/1 305/223/1
f 319/224/1 307/226/1 306/225/1
f 318/227/1 307/226/1 319/224/1
f 318/227/1 308/228/1 307/226/1
f 318/227/1 309/229/1 308/228/1
f 318/227/1 310/230/1 309/229/1
f 318/227/1 311/231/1 310/230/1
f 317/232/1 311/231/1 318/227/1
f 317/232/1 312/233/1 311/231/1
f 317/232/1 313/234/1 312/233/1
f 317/232/1 314/235/1 313/234/1
f 316/236/1 314/235/1 317/232/1
f 316/236/1 315/237/1 314/235/1
f 461/238/1 463/239/1 462/240/1
f 461/238/1 464/241/1 463/239/1
f 461/238/1 465/242/1 464/241/1
f 460/243/1 465/242/1 461/238/1
f 460/243/1 466/244/1 465/242/1
f 460/243/1 467/245/1 466/244/1
f 459/246/1 467/245/1 460/243/1
f 459/246/1 468/247/1 467/245/1
f 459/246/1 469/248/1 468/247/1
f 458/249/1 469/248/1 459/246/1
f 458/249/1 470/250/1 469/248/1
f 458/249/1 471/251/1 470/250/1
f 457/252/1 471/251/1 458/249/1
f 457/252/1 472/253/1 471/251/1
f 457/252/1 473/254/1 472/253/1
f 456/255/1 473/254/1 457/252/1
f 456/255/1 474/256/1 473/254/1
f 455/257/1 474/256/1 456/255/1
f 455/257/1 361/258/1 474/256/1
f 361/258/1 360/259/1 474/256/1
f 360/259/1 359/260/1 474/256/1
f 359/260/1 358/261/1 474/256/1
f 358/261/1 357/262/1 474/256/1
f 357/262/1 356/263/1 474/256/1
f 356/263/1 355/264/1 474/256/1
f 355/264/1 354/84/1 474/256/1
f 354/84/1 475/45/1 474/256/1
f 454/265/1 362/266/1 455/257/1
f 362/266/1 361/258/1 455/257/1
f 453/267/1 364/268/1 454/265/1
f 364/268/1 363/269/1 454/265/1
f 363/269/1 362/266/1 454/265/1
f 452/270/1 366/271/1 453/267/1
f 366/271/1 365/272/1 453/267/1
f 365/272/1 364/268/1 453/267/1
f 452/270/1 367/273/1 366/271/1
f 452/270/1 368/274/1 367/273/1
f 452/270/1 369/275/1 368/274/1
f 452/270/1 370/276/1 369/275/1
f 452/270/1 371/277/1 370/276/1
f 451/278/1 371/277/1 452/270/1
f 451/278/1 372/279/1 371/277/1
f 451/278/1 373/280/1 372/279/1
f 451/278/1 374/281/1 373/280/1
f 451/278/1 375/282/1 374/281/1
f 451/278/1 376/283/1 375/282/1
f 450/284/1 376/283/1 451/278/1
f 450/284/1 377/285/1 376/283/1
f 450/284/1 378/286/1 377/285/1
f 449/287/1 378/286/1 450/284/1
f 449/287/1 379/288/1 378/286/1
f 449/287/1 380/289/1 379/288/1
f 448/290/1 380/289/1 449/287/1
f 448/290/1 381/291/1 380/289/1
f 448/290/1 382/292/1 381/291/1
f 447/293/1 382/292/1 448/290/1
f 447/293/1 383/294/1 382/292/1
f 447/293/1 384/295/1 383/294/1
f 446/296/1 384/295/1 447/293/1
f 446/296/1 385/297/1 384/295/1
f 445/298/1 385/297/1 446/296/1
f 445/298/1 386/299/1 385/297/1
f 444/300/1 386/299/1 445/298/1
f 444/300/1 387/301/1 386/299/1
f 443/302/1 387/301/1 444/300/1
f 442/303/1 387/301/1 443/302/1
f 442/303/1 388/304/1 387/301/1
f 441/305/1 388/304/1 442/303/1
f 440/306/1 388/304/1 441/305/1
f 413/307/1 415/308/1 414/309/1
f 440/306/1 389/310/1 388/304/1
f 439/311/1 389/310/1 440/306/1
f 438/312/1 389/310/1 439/311/1
f 438/312/1 390/313/1 389/310/1
f 413/307/1 416/314/1 415/308/1
f 437/315/1 390/313/1 438/312/1
f 413/307/1 417/316/1 416/314/1
f 436/317/1 390/313/1 437/315/1
f 435/318/1 390/313/1 436/317/1
f 413/307/1 418/319/1 417/316/1
f 435/318/1 391/320/1 390/313/1
f 434/321/1 391/320/1 435/318/1
f 413/307/1 419/322/1 418/319/1
f 433/323/1 391/320/1 434/321/1
f 413/307/1 420/324/1 419/322/1
f 432/325/1 391/320/1 433/323/1
f 431/326/1 391/320/1 432/325/1
f 413/307/1 421/327/1 420/324/1
f 431/326/1 392/328/1 391/320/1
f 430/329/1 392/328/1 431/326/1
f 413/307/1 422/330/1 421/327/1
f 429/331/1 392/328/1 430/329/1
f 413/307/1 423/332/1 422/330/1
f 428/333/1 392/328/1 429/331/1
f 413/307/1 424/334/1 423/332/1
f 427/335/1 392/328/1 428/333/1
f 413/307/1 425/336/1 424/334/1
f 426/337/1 392/328/1 427/335/1
f 413/307/1 426/337/1 425/336/1
f 413/307/1 392/328/1 426/337/1
f 413/307/1 393/338/1 392/328/1
f 413/307/1 394/339/1 393/338/1
f 413/307/1 395/340/1 394/339/1
f 412/341/1 395/340/1 413/307/1
f 412/341/1 396/342/1 395/340/1
f 411/343/1 396/342/1 412/341/1
f 410/344/1 396/342/1 411/343/1
f 410/344/1 397/345/1 396/342/1
f 409/346/1 397/345/1 410/344/1
f 408/347/1 397/345/1 409/346/1
f 408/347/1 398/348/1 397/345/1
f 407/349/1 398/348/1 408/347/1
f 406/350/1 398/348/1 407/349/1
f 406/350/1 399/351/1 398/348/1
f 405/352/1 399/351/1 406/350/1
f 404/353/1 399/351/1 405/352/1
f 404/353/1 400/354/1 399/351/1
f 403/355/1 400/354/1 404/353/1
f 402/356/1 400/354/1 403/355/1
f 402/356/1 401/357/1 400/354/1
f 510/1/1 512/2/1 511/3/1
f 510/1/1 513/4/1 512/2/1
f 509/5/1 513/4/1 510/1/1
f 509/5/1 514/6/1 513/4/1
f 508/7/1 514/6/1 509/5/1
f 508/7/1 515/8/1 514/6/1
f 507/9/1 515/8/1 508/7/1
f 507/9/1 516/10/1 515/8/1
f 506/11/1 516/10/1 507/9/1
f 506/11/1 517/12/1 516/10/1
f 505/13/1 517/12/1 506/11/1
f 505/13/1 518/14/1 517/12/1
f 504/15/1 518/14/1 505/13/1
f 503/16/1 518/14/1 504/15/1
f 503/16/1 561/17/1 518/14/1
f 561/17/1 519/18/1 518/14/1
f 503/16/1 562/19/1 561/17/1
f 560/20/1 519/18/1 561/17/1
f 503/16/1 563/21/1 562/19/1
f 559/22/1 519/18/1 560/20/1
f 503/16/1 564/23/1 563/21/1
f 558/24/1 519/18/1 559/22/1
f 502/25/1 564/23/1 503/16/1
f 558/24/1 520/26/1 519/18/1
f 502/25/1 565/27/1 564/23/1
f 557/28/1 520/26/1 558/24/1
f 502/25/1 566/29/1 565/27/1
f 556/30/1 520/26/1 557/28/1
f 502/25/1 567/31/1 566/29/1
f 555/32/1 520/26/1 556/30/1
f 502/25/1 568/33/1 567/31/1
f 554/34/1 520/26/1 555/32/1
f 502/25/1 569/35/1 568/33/1
f 553/36/1 520/26/1 554/34/1
f 501/37/1 569/35/1 502/25/1
f 553/36/1 521/38/1 520/26/1
f 552/39/1 521/38/1 553/36/1
f 501/37/1 570/40/1 569/35/1
f 551/41/1 521/38/1 552/39/1
f 501/37/1 571/42/1 570/40/1
f 500/43/1 571/42/1 501/37/1
f 550/44/1 574/45/1 551/41/1
f 574/45/1 521/38/1 551/41/1
f 500/43/1 573/46/1 571/42/1
f 573/46/1 572/47/1 571/42/1
f 574/45/1 522/48/1 521/38/1
f 500/43/1 574/45/1 573/46/1
f 500/43/1 522/48/1 574/45/1
f 499/49/1 522/48/1 500/43/1
f 499/49/1 523/50/1 522/48/1
f 498/51/1 523/50/1 499/49/1
f 497/52/1 525/53/1 498/51/1
f 525/53/1 523/50/1 498/51/1
f 497/52/1 524/54/1 525/53/1
f 526/55/1 523/50/1 525/53/1
f 497/52/1 526/55/1 524/54/1
f 526/55/1 523/50/1 524/54/1
f 497/52/1 527/56/1 526/55/1
f 496/57/1 527/56/1 497/52/1
f 547/58/1 549/59/1 548/60/1
f 496/57/1 528/61/1 527/56/1
f 496/57/1 529/62/1 528/61/1
f 546/63/1 549/59/1 547/58/1
f 496/57/1 530/64/1 529/62/1
f 495/65/1 530/64/1 496/57/1
f 545/66/1 549/59/1 546/63/1
f 495/65/1 531/67/1 530/64/1
f 544/68/1 549/59/1 545/66/1
f 543/69/1 549/59/1 544/68/1
f 495/65/1 532/70/1 531/67/1
f 542/71/1 549/59/1 543/69/1
f 495/65/1 533/72/1 532/70/1
f 541/73/1 549/59/1 542/71/1
f 494/74/1 533/72/1 495/65/1
f 540/75/1 549/59/1 541/73/1
f 494/74/1 534/76/1 533/72/1
f 539/77/1 549/59/1 540/75/1
f 494/74/1 535/78/1 534/76/1
f 538/79/1 549/59/1 539/77/1
f 537/80/1 549/59/1 538/79/1
f 494/74/1 536/81/1 535/78/1
f 536/81/1 549/59/1 537/80/1
f 494/74/1 549/59/1 536/81/1
f 493/82/1 549/59/1 494/74/1
f 492/83/1 549/59/1 493/82/1
f 492/83/1 476/84/1 549/59/1
f 491/85/1 476/84/1 492/83/1
f 491/85/1 477/86/1 476/84/1
f 491/85/1 478/87/1 477/86/1
f 490/88/1 478/87/1 491/85/1
f 490/88/1 479/89/1 478/87/1
f 490/88/1 480/90/1 479/89/1
f 489/91/1 480/90/1 490/88/1
f 489/91/1 481/92/1 480/90/1
f 489/91/1 482/93/1 481/92/1
f 488/94/1 482/93/1 489/91/1
f 488/94/1 483/95/1 482/93/1
f 488/94/1 484/96/1 483/95/1
f 488/94/1 485/97/1 484/96/1
f 487/98/1 485/97/1 488/94/1
f 487/98/1 486/99/1 485/97/1
f 575/84/1 577/358/1 576/359/1
f 575/84/1 578/45/1 577/358/1
f 634/360/1 636/45/1 635/361/1
f 634/360/1 579/84/1 636/45/1
f 634/360/1 580/362/1 579/84/1
f 633/363/1 580/362/1 634/360/1
f 632/364/1 580/362/1 633/363/1
f 631/365/1 581/366/1 632/364/1
f 581/366/1 580/362/1 632/364/1
f 631/365/1 582/367/1 581/366/1
f 631/365/1 583/368/1 582/367/1
f 605/369/1 607/370/1 606/371/1
f 630/372/1 583/368/1 631/365/1
f 630/372/1 584/373/1 583/368/1
f 630/372/1 585/374/1 584/373/1
f 604/375/1 607/370/1 605/369/1
f 630/372/1 586/376/1 585/374/1
f 603/377/1 607/370/1 604/375/1
f 629/378/1 586/376/1 630/372/1
f 629/378/1 587/379/1 586/376/1
f 602/380/1 607/370/1 603/377/1
f 629/378/1 588/381/1 587/379/1
f 601/382/1 607/370/1 602/380/1
f 600/383/1 607/370/1 601/382/1
f 629/378/1 589/384/1 588/381/1
f 599/385/1 607/370/1 600/383/1
f 629/378/1 590/386/1 589/384/1
f 598/359/1 607/370/1 599/385/1
f 629/378/1 591/387/1 590/386/1
f 597/388/1 607/370/1 598/359/1
f 629/378/1 592/389/1 591/387/1
f 596/390/1 607/370/1 597/388/1
f 629/378/1 593/391/1 592/389/1
f 595/392/1 607/370/1 596/390/1
f 629/378/1 594/393/1 593/391/1
f 594/393/1 607/370/1 595/392/1
f 629/378/1 607/370/1 594/393/1
f 628/394/1 607/370/1 629/378/1
f 627/395/1 607/370/1 628/394/1
f 626/396/1 607/370/1 627/395/1
f 625/397/1 607/370/1 626/396/1
f 624/398/1 607/370/1 625/397/1
f 624/398/1 608/399/1 607/370/1
f 623/400/1 608/399/1 624/398/1
f 623/400/1 609/401/1 608/399/1
f 623/400/1 610/402/1 609/401/1
f 622/403/1 610/402/1 623/400/1
f 622/403/1 611/404/1 610/402/1
f 622/403/1 612/405/1 611/404/1
f 622/403/1 613/406/1 612/405/1
f 621/407/1 613/406/1 622/403/1
f 621/407/1 614/408/1 613/406/1
f 621/407/1 615/409/1 614/408/1
f 620/410/1 615/409/1 621/407/1
f 620/410/1 616/411/1 615/409/1
f 620/410/1 617/358/1 616/411/1
f 619/412/1 617/358/1 620/410/1
f 619/412/1 618/413/1 617/358/1
f 685/414/1 687/415/1 686/416/1
f 685/414/1 688/45/1 687/415/1
f 659/417/1 661/418/1 660/419/1
f 658/420/1 661/418/1 659/417/1
f 658/420/1 662/421/1 661/418/1
f 657/422/1 662/421/1 658/420/1
f 657/422/1 663/423/1 662/421/1
f 656/424/1 663/423/1 657/422/1
f 656/424/1 664/425/1 663/423/1
f 655/426/1 664/425/1 656/424/1
f 655/426/1 665/427/1 664/425/1
f 654/359/1 665/427/1 655/426/1
f 654/359/1 666/428/1 665/427/1
f 653/429/1 666/428/1 654/359/1
f 653/429/1 667/430/1 666/428/1
f 652/431/1 667/430/1 653/429/1
f 652/431/1 668/432/1 667/430/1
f 651/433/1 668/432/1 652/431/1
f 651/433/1 669/434/1 668/432/1
f 650/435/1 669/434/1 651/433/1
f 650/435/1 670/436/1 669/434/1
f 649/437/1 670/436/1 650/435/1
f 649/437/1 671/358/1 670/436/1
f 648/438/1 671/358/1 649/437/1
f 648/438/1 672/439/1 671/358/1
f 647/440/1 672/439/1 648/438/1
f 647/440/1 673/441/1 672/439/1
f 646/442/1 673/441/1 647/440/1
f 646/442/1 674/443/1 673/441/1
f 645/444/1 674/443/1 646/442/1
f 645/444/1 675/445/1 674/443/1
f 644/446/1 675/445/1 645/444/1
f 644/446/1 676/447/1 675/445/1
f 643/448/1 676/447/1 644/446/1
f 643/448/1 677/449/1 676/447/1
f 642/450/1 677/449/1 643/448/1
f 642/450/1 678/451/1 677/449/1
f 641/452/1 678/451/1 642/450/1
f 641/452/1 679/453/1 678/451/1
f 640/454/1 679/453/1 641/452/1
f 640/454/1 680/455/1 679/453/1
f 639/456/1 680/455/1 640/454/1
f 639/456/1 681/457/1 680/455/1
f 638/458/1 681/457/1 639/456/1
f 638/458/1 682/459/1 681/457/1
f 637/84/1 682/459/1 638/458/1
f 637/84/1 683/460/1 682/459/1
f 684/461/1 683/460/1 637/84/1
f 693/70/1 695/20/1 694/63/1
f 693/70/1 696/45/1 695/20/1
f 692/14/1 696/45/1 693/70/1
f 691/15/1 689/84/1 692/14/1
f 689/84/1 696/45/1 692/14/1
f 691/15/1 690/88/1 689/84/1
f 731/1/2 732/3/2 733/2/2
f 731/1/2 733/2/2 734/4/2
f 730/5/2 731/1/2 734/4/2
f 730/5/2 734/4/2 735/6/2
f 729/7/2 730/5/2 735/6/2
f 729/7/2 735/6/2 736/8/2
f 728/9/2 729/7/2 736/8/2
f 728/9/2 736/8/2 737/10/2
f 727/11/2 728/9/2 737/10/2
f 727/11/2 737/10/2 738/12/2
f 726/13/2 727/11/2 738/12/2
f 726/13/2 738/12/2 739/14/2
f 725/15/2 726/13/2 739/14/2
f 724/16/2 725/15/2 739/14/2
f 724/16/2 739/14/2 782/17/2
f 782/17/2 739/14/2 740/18/2
f 724/16/2 782/17/2 783/19/2
f 781/20/2 782/17/2 740/18/2
f 724/16/2 783/19/2 784/21/2
f 780/22/2 781/20/2 740/18/2
f 724/16/2 784/21/2 785/23/2
f 779/24/2 780/22/2 740/18/2
f 723/25/2 724/16/2 785/23/2
f 779/24/2 740/18/2 741/26/2
f 723/25/2 785/23/2 786/27/2
f 778/28/2 779/24/2 741/26/2
f 723/25/2 786/27/2 787/29/2
f 777/30/2 778/28/2 741/26/2
f 723/25/2 787/29/2 788/31/2
f 776/32/2 777/30/2 741/26/2
f 723/25/2 788/31/2 789/33/2
f 775/34/2 776/32/2 741/26/2
f 723/25/2 789/33/2 790/35/2
f 774/36/2 775/34/2 741/26/2
f 722/37/2 723/25/2 790/35/2
f 774/36/2 741/26/2 742/38/2
f 773/39/2 774/36/2 742/38/2
f 722/37/2 790/35/2 791/40/2
f 772/41/2 773/39/2 742/38/2
f 722/37/2 791/40/2 792/42/2
f 721/43/2 722/37/2 792/42/2
f 771/44/2 772/41/2 795/45/2
f 795/45/2 772/41/2 742/38/2
f 721/43/2 792/42/2 794/46/2
f 794/46/2 792/42/2 793/47/2
f 795/45/2 742/38/2 743/48/2
f 721/43/2 794/46/2 795/45/2
f 721/43/2 795/45/2 743/48/2
f 720/49/2 721/43/2 743/48/2
f 720/49/2 743/48/2 744/50/2
f 719/51/2 720/49/2 744/50/2
f 718/52/2 719/51/2 746/53/2
f 746/53/2 719/51/2 744/50/2
f 718/52/2 746/53/2 745/54/2
f 747/55/2 746/53/2 744/50/2
f 718/52/2 745/54/2 747/55/2
f 747/55/2 745/54/2 744/50/2
f 718/52/2 747/55/2 748/56/2
f 717/57/2 718/52/2 748/56/2
f 768/58/2 769/60/2 770/59/2
f 717/57/2 748/56/2 749/61/2
f 717/57/2 749/61/2 750/62/2
f 767/63/2 768/58/2 770/59/2
f 717/57/2 750/62/2 751/64/2
f 716/65/2 717/57/2 751/64/2
f 766/66/2 767/63/2 770/59/2
f 716/65/2 751/64/2 752/67/2
f 765/68/2 766/66/2 770/59/2
f 764/69/2 765/68/2 770/59/2
f 716/65/2 752/67/2 753/70/2
f 763/71/2 764/69/2 770/59/2
f 716/65/2 753/70/2 754/72/2
f 762/73/2 763/71/2 770/59/2
f 715/74/2 716/65/2 754/72/2
f 761/75/2 762/73/2 770/59/2
f 715/74/2 754/72/2 755/76/2
f 760/77/2 761/75/2 770/59/2
f 715/74/2 755/76/2 756/78/2
f 759/79/2 760/77/2 770/59/2
f 758/80/2 759/79/2 770/59/2
f 715/74/2 756/78/2 757/81/2
f 757/81/2 758/80/2 770/59/2
f 715/74/2 757/81/2 770/59/2
f 714/82/2 715/74/2 770/59/2
f 713/83/2 714/82/2 770/59/2
f 713/83/2 770/59/2 697/84/2
f 712/85/2 713/83/2 697/84/2
f 712/85/2 697/84/2 698/86/2
f 712/85/2 698/86/2 699/87/2
f 711/88/2 712/85/2 699/87/2
f 711/88/2 699/87/2 700/89/2
f 711/88/2 700/89/2 701/90/2
f 710/91/2 711/88/2 701/90/2
f 710/91/2 701/90/2 702/92/2
f 710/91/2 702/92/2 703/93/2
f 709/94/2 710/91/2 703/93/2
f 709/94/2 703/93/2 704/95/2
f 709/94/2 704/95/2 705/96/2
f 709/94/2 705/96/2 706/97/2
f 708/98/2 709/94/2 706/97/2
f 708/98/2 706/97/2 707/99/2
f 807/100/2 808/52/2 809/101/2
f 806/102/2 807/100/2 809/101/2
f 806/102/2 809/101/2 810/103/2
f 805/104/2 806/102/2 810/103/2
f 804/88/2 805/104/2 810/103/2
f 804/88/2 810/103/2 811/105/2
f 849/106/2 850/107/2 796/84/2
f 796/84/2 850/107/2 851/108/2
f 796/84/2 851/108/2 797/109/2
f 797/109/2 851/108/2 798/110/2
f 798/110/2 851/108/2 799/111/2
f 799/111/2 851/108/2 852/45/2
f 803/112/2 804/88/2 811/105/2
f 803/112/2 811/105/2 812/15/2
f 802/113/2 803/112/2 812/15/2
f 801/114/2 802/113/2 812/15/2
f 801/114/2 812/15/2 813/115/2
f 800/95/2 801/114/2 813/115/2
f 799/111/2 800/95/2 813/115/2
f 799/111/2 813/115/2 814/116/2
f 852/45/2 799/111/2 814/116/2
f 852/45/2 814/116/2 815/117/2
f 849/106/2 796/84/2 852/45/2
f 849/106/2 852/45/2 847/118/2
f 847/118/2 852/45/2 846/119/2
f 846/119/2 852/45/2 845/120/2
f 845/120/2 852/45/2 844/20/2
f 844/20/2 852/45/2 843/121/2
f 843/121/2 852/45/2 842/122/2
f 842/122/2 852/45/2 841/123/2
f 841/123/2 852/45/2 840/36/2
f 840/36/2 852/45/2 839/124/2
f 839/124/2 852/45/2 838/125/2
f 838/125/2 852/45/2 815/117/2
f 838/125/2 815/117/2 837/126/2
f 837/126/2 815/117/2 836/63/2
f 836/63/2 815/117/2 816/3/2
f 836/63/2 816/3/2 835/127/2
f 835/127/2 816/3/2 817/128/2
f 834/129/2 835/127/2 817/128/2
f 833/130/2 834/129/2 817/128/2
f 832/77/2 833/130/2 817/128/2
f 832/77/2 817/128/2 818/131/2
f 831/132/2 832/77/2 818/131/2
f 830/133/2 831/132/2 818/131/2
f 829/134/2 830/133/2 818/131/2
f 828/70/2 829/134/2 818/131/2
f 827/135/2 828/70/2 818/131/2
f 827/135/2 818/131/2 819/136/2
f 826/137/2 827/135/2 819/136/2
f 825/138/2 826/137/2 819/136/2
f 849/106/2 847/118/2 848/31/2
f 825/138/2 819/136/2 820/14/2
f 824/53/2 825/138/2 820/14/2
f 823/139/2 824/53/2 820/14/2
f 822/140/2 823/139/2 820/14/2
f 822/140/2 820/14/2 821/141/2
f 887/1/2 888/3/2 889/2/2
f 887/1/2 889/2/2 890/4/2
f 886/5/2 887/1/2 890/4/2
f 886/5/2 890/4/2 891/6/2
f 885/7/2 886/5/2 891/6/2
f 885/7/2 891/6/2 892/8/2
f 884/9/2 885/7/2 892/8/2
f 884/9/2 892/8/2 893/10/2
f 883/11/2 884/9/2 893/10/2
f 883/11/2 893/10/2 894/12/2
f 882/13/2 883/11/2 894/12/2
f 882/13/2 894/12/2 895/14/2
f 881/15/2 882/13/2 895/14/2
f 880/16/2 881/15/2 895/14/2
f 880/16/2 895/14/2 938/17/2
f 938/17/2 895/14/2 896/18/2
f 880/16/2 938/17/2 939/19/2
f 937/20/2 938/17/2 896/18/2
f 880/16/2 939/19/2 940/21/2
f 936/22/2 937/20/2 896/18/2
f 880/16/2 940/21/2 941/23/2
f 935/24/2 936/22/2 896/18/2
f 879/25/2 880/16/2 941/23/2
f 935/24/2 896/18/2 897/26/2
f 879/25/2 941/23/2 942/27/2
f 934/28/2 935/24/2 897/26/2
f 879/25/2 942/27/2 943/29/2
f 933/30/2 934/28/2 897/26/2
f 879/25/2 943/29/2 944/31/2
f 932/32/2 933/30/2 897/26/2
f 879/25/2 944/31/2 945/33/2
f 931/34/2 932/32/2 897/26/2
f 879/25/2 945/33/2 946/35/2
f 930/36/2 931/34/2 897/26/2
f 878/37/2 879/25/2 946/35/2
f 930/36/2 897/26/2 898/38/2
f 929/39/2 930/36/2 898/38/2
f 878/37/2 946/35/2 947/40/2
f 928/41/2 929/39/2 898/38/2
f 878/37/2 947/40/2 948/42/2
f 877/43/2 878/37/2 948/42/2
f 927/44/2 928/41/2 951/45/2
f 951/45/2 928/41/2 898/38/2
f 877/43/2 948/42/2 950/46/2
f 950/46/2 948/42/2 949/47/2
f 951/45/2 898/38/2 899/48/2
f 950/46/2 951/45/2 899/48/2
f 877/43/2 950/46/2 899/48/2
f 876/49/2 877/43/2 899/48/2
f 876/49/2 899/48/2 900/50/2
f 875/51/2 876/49/2 900/50/2
f 874/52/2 875/51/2 902/53/2
f 902/53/2 875/51/2 900/50/2
f 874/52/2 902/53/2 901/54/2
f 903/55/2 902/53/2 900/50/2
f 874/52/2 901/54/2 903/55/2
f 903/55/2 901/54/2 900/50/2
f 874/52/2 903/55/2 904/56/2
f 873/57/2 874/52/2 904/56/2
f 924/58/2 925/60/2 926/59/2
f 873/57/2 904/56/2 905/61/2
f 873/57/2 905/61/2 906/62/2
f 923/63/2 924/58/2 926/59/2
f 873/57/2 906/62/2 907/64/2
f 872/65/2 873/57/2 907/64/2
f 922/66/2 923/63/2 926/59/2
f 872/65/2 907/64/2 908/67/2
f 921/68/2 922/66/2 926/59/2
f 920/69/2 921/68/2 926/59/2
f 872/65/2 908/67/2 909/70/2
f 919/71/2 920/69/2 926/59/2
f 872/65/2 909/70/2 910/72/2
f 918/73/2 919/71/2 926/59/2
f 871/74/2 872/65/2 910/72/2
f 917/75/2 918/73/2 926/59/2
f 871/74/2 910/72/2 911/76/2
f 916/77/2 917/75/2 926/59/2
f 871/74/2 911/76/2 912/78/2
f 915/79/2 916/77/2 926/59/2
f 914/80/2 915/79/2 926/59/2
f 871/74/2 912/78/2 913/81/2
f 913/81/2 914/80/2 926/59/2
f 871/74/2 913/81/2 926/59/2
f 870/82/2 871/74/2 926/59/2
f 869/83/2 870/82/2 926/59/2
f 869/83/2 926/59/2 853/84/2
f 868/85/2 869/83/2 853/84/2
f 868/85/2 853/84/2 854/86/2
f 868/85/2 854/86/2 855/87/2
f 867/88/2 868/85/2 855/87/2
f 867/88/2 855/87/2 856/89/2
f 867/88/2 856/89/2 857/90/2
f 866/91/2 867/88/2 857/90/2
f 866/91/2 857/90/2 858/92/2
f 866/91/2 858/92/2 859/93/2
f 865/94/2 866/91/2 859/93/2
f 865/94/2 859/93/2 860/95/2
f 865/94/2 860/95/2 861/96/2
f 865/94/2 861/96/2 862/97/2
f 864/98/2 865/94/2 862/97/2
f 864/98/2 862/97/2 863/99/2
f 1035/142/2 1036/144/2 1037/143/2
f 1035/142/2 1037/143/2 1038/145/2
f 1035/142/2 1038/145/2 1039/146/2
f 1034/147/2 1035/142/2 1039/146/2
f 1034/147/2 1039/146/2 1040/148/2
f 1034/147/2 1040/148/2 1041/149/2
f 1034/147/2 1041/149/2 1042/150/2
f 1033/151/2 1034/147/2 1042/150/2
f 1033/151/2 1042/150/2 1043/152/2
f 1033/151/2 1043/152/2 1044/153/2
f 1033/151/2 1044/153/2 1045/154/2
f 1032/155/2 1033/151/2 1045/154/2
f 1032/155/2 1045/154/2 1046/156/2
f 1032/155/2 1046/156/2 1047/157/2
f 1032/155/2 1047/157/2 1048/158/2
f 1031/159/2 1032/155/2 1048/158/2
f 1031/159/2 1048/158/2 957/160/2
f 957/160/2 1048/158/2 956/161/2
f 956/161/2 1048/158/2 955/162/2
f 955/162/2 1048/158/2 954/163/2
f 954/163/2 1048/158/2 953/164/2
f 953/164/2 1048/158/2 952/84/2
f 952/84/2 1048/158/2 1049/45/2
f 1030/165/2 1031/159/2 959/166/2
f 959/166/2 1031/159/2 958/167/2
f 958/167/2 1031/159/2 957/160/2
f 1029/168/2 1030/165/2 961/169/2
f 961/169/2 1030/165/2 960/170/2
f 960/170/2 1030/165/2 959/166/2
f 1028/171/2 1029/168/2 963/172/2
f 963/172/2 1029/168/2 962/173/2
f 962/173/2 1029/168/2 961/169/2
f 1028/171/2 963/172/2 964/174/2
f 1028/171/2 964/174/2 965/175/2
f 1027/176/2 1028/171/2 965/175/2
f 1027/176/2 965/175/2 966/177/2
f 1027/176/2 966/177/2 967/178/2
f 1027/176/2 967/178/2 968/179/2
f 1027/176/2 968/179/2 969/180/2
f 1026/181/2 1027/176/2 969/180/2
f 1026/181/2 969/180/2 970/182/2
f 1026/181/2 970/182/2 971/183/2
f 1026/181/2 971/183/2 972/184/2
f 1025/185/2 1026/181/2 972/184/2
f 1025/185/2 972/184/2 973/186/2
f 1025/185/2 973/186/2 974/187/2
f 1024/188/2 1025/185/2 974/187/2
f 1024/188/2 974/187/2 975/189/2
f 1024/188/2 975/189/2 976/190/2
f 1023/191/2 1024/188/2 976/190/2
f 1023/191/2 976/190/2 977/192/2
f 1023/191/2 977/192/2 978/193/2
f 1022/194/2 1023/191/2 978/193/2
f 1022/194/2 978/193/2 979/195/2
f 1022/194/2 979/195/2 980/196/2
f 1021/197/2 1022/194/2 980/196/2
f 1021/197/2 980/196/2 981/198/2
f 998/199/2 999/201/2 1000/200/2
f 1021/197/2 981/198/2 982/202/2
f 1021/197/2 982/202/2 983/203/2
f 1020/204/2 1021/197/2 983/203/2
f 997/205/2 998/199/2 1000/200/2
f 996/206/2 997/205/2 1000/200/2
f 1020/204/2 983/203/2 984/207/2
f 995/208/2 996/206/2 1000/200/2
f 994/209/2 995/208/2 1000/200/2
f 993/210/2 994/209/2 1000/200/2
f 1020/204/2 984/207/2 985/211/2
f 992/212/2 993/210/2 1000/200/2
f 991/213/2 992/212/2 1000/200/2
f 1020/204/2 985/211/2 986/214/2
f 990/215/2 991/213/2 1000/200/2
f 989/216/2 990/215/2 1000/200/2
f 1020/204/2 986/214/2 987/217/2
f 988/218/2 989/216/2 1000/200/2
f 987/217/2 988/218/2 1000/200/2
f 1020/204/2 987/217/2 1000/200/2
f 1019/219/2 1020/204/2 1000/200/2
f 1018/220/2 1019/219/2 1000/200/2
f 1017/221/2 1018/220/2 1000/200/2
f 1016/222/2 1017/221/2 1000/200/2
f 1016/222/2 1000/200/2 1001/223/2
f 1015/224/2 1016/222/2 1001/223/2
f 1015/224/2 1001/223/2 1002/225/2
f 1015/224/2 1002/225/2 1003/226/2
f 1014/227/2 1015/224/2 1003/226/2
f 1014/227/2 1003/226/2 1004/228/2
f 1014/227/2 1004/228/2 1005/229/2
f 1014/227/2 1005/229/2 1006/230/2
f 1014/227/2 1006/230/2 1007/231/2
f 1013/232/2 1014/227/2 1007/231/2
f 1013/232/2 1007/231/2 1008/233/2
f 1013/232/2 1008/233/2 1009/234/2
f 1013/232/2 1009/234/2 1010/235/2
f 1012/236/2 1013/232/2 1010/235/2
f 1012/236/2 1010/235/2 1011/237/2
f 1157/238/2 1158/240/2 1159/239/2
f 1157/238/2 1159/239/2 1160/241/2
f 1157/238/2 1160/241/2 1161/242/2
f 1156/243/2 1157/238/2 1161/242/2
f 1156/243/2 1161/242/2 1162/244/2
f 1156/243/2 1162/244/2 1163/245/2
f 1155/246/2 1156/243/2 1163/245/2
f 1155/246/2 1163/245/2 1164/247/2
f 1155/246/2 1164/247/2 1165/248/2
f 1154/249/2 1155/246/2 1165/248/2
f 1154/249/2 1165/248/2 1166/250/2
f 1154/249/2 1166/250/2 1167/251/2
f 1153/252/2 1154/249/2 1167/251/2
f 1153/252/2 1167/251/2 1168/253/2
f 1153/252/2 1168/253/2 1169/254/2
f 1152/255/2 1153/252/2 1169/254/2
f 1152/255/2 1169/254/2 1170/256/2
f 1151/257/2 1152/255/2 1170/256/2
f 1151/257/2 1170/256/2 1057/258/2
f 1057/258/2 1170/256/2 1056/259/2
f 1056/259/2 1170/256/2 1055/260/2
f 1055/260/2 1170/256/2 1054/261/2
f 1054/261/2 1170/256/2 1053/262/2
f 1053/262/2 1170/256/2 1052/263/2
f 1052/263/2 1170/256/2 1051/264/2
f 1051/264/2 1170/256/2 1050/84/2
f 1050/84/2 1170/256/2 1171/45/2
f 1150/265/2 1151/257/2 1058/266/2
f 1058/266/2 1151/257/2 1057/258/2
f 1149/267/2 1150/265/2 1060/268/2
f 1060/268/2 1150/265/2 1059/269/2
f 1059/269/2 1150/265/2 1058/266/2
f 1148/270/2 1149/267/2 1062/271/2
f 1062/271/2 1149/267/2 1061/272/2
f 1061/272/2 1149/267/2 1060/268/2
f 1148/270/2 1062/271/2 1063/273/2
f 1148/270/2 1063/273/2 1064/274/2
f 1148/270/2 1064/274/2 1065/275/2
f 1148/270/2 1065/275/2 1066/276/2
f 1148/270/2 1066/276/2 1067/277/2
f 1147/278/2 1148/270/2 1067/277/2
f 1147/278/2 1067/277/2 1068/279/2
f 1147/278/2 1068/279/2 1069/280/2
f 1147/278/2 1069/280/2 1070/281/2
f 1147/278/2 1070/281/2 1071/282/2
f 1147/278/2 1071/282/2 1072/283/2
f 1146/284/2 1147/278/2 1072/283/2
f 1146/284/2 1072/283/2 1073/285/2
f 1146/284/2 1073/285/2 1074/286/2
f 1145/287/2 1146/284/2 1074/286/2
f 1145/287/2 1074/286/2 1075/288/2
f 1145/287/2 1075/288/2 1076/289/2
f 1144/290/2 1145/287/2 1076/289/2
f 1144/290/2 1076/289/2 1077/291/2
f 1144/290/2 1077/291/2 1078/292/2
f 1143/293/2 1144/290/2 1078/292/2
f 1143/293/2 1078/292/2 1079/294/2
f 1143/293/2 1079/294/2 1080/295/2
f 1142/296/2 1143/293/2 1080/295/2
f 1142/296/2 1080/295/2 1081/297/2
f 1141/298/2 1142/296/2 1081/297/2
f 1141/298/2 1081/297/2 1082/299/2
f 1140/300/2 1141/298/2 1082/299/2
f 1140/300/2 1082/299/2 1083/301/2
f 1139/302/2 1140/300/2 1083/301/2
f 1138/303/2 1139/302/2 1083/301/2
f 1138/303/2 1083/301/2 1084/304/2
f 1137/305/2 1138/303/2 1084/304/2
f 1136/306/2 1137/305/2 1084/304/2
f 1109/307/2 1110/309/2 1111/308/2
f 1136/306/2 1084/304/2 1085/310/2
f 1135/311/2 1136/306/2 1085/310/2
f 1134/312/2 1135/311/2 1085/310/2
f 1134/312/2 1085/310/2 1086/313/2
f 1109/307/2 1111/308/2 1112/314/2
f 1133/315/2 1134/312/2 1086/313/2
f 1109/307/2 1112/314/2 1113/316/2
f 1132/317/2 1133/315/2 1086/313/2
f 1131/318/2 1132/317/2 1086/313/2
f 1109/307/2 1113/316/2 1114/319/2
f 1131/318/2 1086/313/2 1087/320/2
f 1130/321/2 1131/318/2 1087/320/2
f 1109/307/2 1114/319/2 1115/322/2
f 1129/323/2 1130/321/2 1087/320/2
f 1109/307/2 1115/322/2 1116/324/2
f 1128/325/2 1129/323/2 1087/320/2
f 1127/326/2 1128/325/2 1087/320/2
f 1109/307/2 1116/324/2 1117/327/2
f 1127/326/2 1087/320/2 1088/328/2
f 1126/329/2 1127/326/2 1088/328/2
f 1109/307/2 1117/327/2 1118/330/2
f 1125/331/2 1126/329/2 1088/328/2
f 1109/307/2 1118/330/2 1119/332/2
f 1124/333/2 1125/331/2 1088/328/2
f 1109/307/2 1119/332/2 1120/334/2
f 1123/335/2 1124/333/2 1088/328/2
f 1109/307/2 1120/334/2 1121/336/2
f 1122/337/2 1123/335/2 1088/328/2
f 1109/307/2 1121/336/2 1122/337/2
f 1109/307/2 1122/337/2 1088/328/2
f 1109/307/2 1088/328/2 1089/338/2
f 1109/307/2 1089/338/2 1090/339/2
f 1109/307/2 1090/339/2 1091/340/2
f 1108/341/2 1109/307/2 1091/340/2
f 1108/341/2 1091/340/2 1092/342/2
f 1107/343/2 1108/341/2 1092/342/2
f 1106/344/2 1107/343/2 1092/342/2
f 1106/344/2 1092/342/2 1093/345/2
f 1105/346/2 1106/344/2 1093/345/2
f 1104/347/2 1105/346/2 1093/345/2
f 1104/347/2 1093/345/2 1094/348/2
f 1103/349/2 1104/347/2 1094/348/2
f 1102/350/2 1103/349/2 1094/348/2
f 1102/350/2 1094/348/2 1095/351/2
f 1101/352/2 1102/350/2 1095/351/2
f 1100/353/2 1101/352/2 1095/351/2
f 1100/353/2 1095/351/2 1096/354/2
f 1099/355/2 1100/353/2 1096/354/2
f 1098/356/2 1099/355/2 1096/354/2
f 1098/356/2 1096/354/2 1097/357/2
f 1206/1/2 1207/3/2 1208/2/2
f 1206/1/2 1208/2/2 1209/4/2
f 1205/5/2 1206/1/2 1209/4/2
f 1205/5/2 1209/4/2 1210/6/2
f 1204/7/2 1205/5/2 1210/6/2
f 1204/7/2 1210/6/2 1211/8/2
f 1203/9/2 1204/7/2 1211/8/2
f 1203/9/2 1211/8/2 1212/10/2
f 1202/11/2 1203/9/2 1212/10/2
f 1202/11/2 1212/10/2 1213/12/2
f 1201/13/2 1202/11/2 1213/12/2
f 1201/13/2 1213/12/2 1214/14/2
f 1200/15/2 1201/13/2 1214/14/2
f 1199/16/2 1200/15/2 1214/14/2
f 1199/16/2 1214/14/2 1257/17/2
f 1257/17/2 1214/14/2 1215/18/2
f 1199/16/2 1257/17/2 1258/19/2
f 1256/20/2 1257/17/2 1215/18/2
f 1199/16/2 1258/19/2 1259/21/2
f 1255/22/2 1256/20/2 1215/18/2
f 1199/16/2 1259/21/2 1260/23/2
f 1254/24/2 1255/22/2 1215/18/2
f 1198/25/2 1199/16/2 1260/23/2
f 1254/24/2 1215/18/2 1216/26/2
f 1198/25/2 1260/23/2 1261/27/2
f 1253/28/2 1254/24/2 1216/26/2
f 1198/25/2 1261/27/2 1262/29/2
f 1252/30/2 1253/28/2 1216/26/2
f 1198/25/2 1262/29/2 1263/31/2
f 1251/32/2 1252/30/2 1216/26/2
f 1198/25/2 1263/31/2 1264/33/2
f 1250/34/2 1251/32/2 1216/26/2
f 1198/25/2 1264/33/2 1265/35/2
f 1249/36/2 1250/34/2 1216/26/2
f 1197/37/2 1198/25/2 1265/35/2
f 1249/36/2 1216/26/2 1217/38/2
f 1248/39/2 1249/36/2 1217/38/2
f 1197/37/2 1265/35/2 1266/40/2
f 1247/41/2 1248/39/2 1217/38/2
f 1197/37/2 1266/40/2 1267/42/2
f 1196/43/2 1197/37/2 1267/42/2
f 1246/44/2 1247/41/2 1270/45/2
f 1270/45/2 1247/41/2 1217/38/2
f 1196/43/2 1267/42/2 1269/46/2
f 1269/46/2 1267/42/2 1268/47/2
f 1270/45/2 1217/38/2 1218/48/2
f 1196/43/2 1269/46/2 1270/45/2
f 1196/43/2 1270/45/2 1218/48/2
f 1195/49/2 1196/43/2 1218/48/2
f 1195/49/2 1218/48/2 1219/50/2
f 1194/51/2 1195/49/2 1219/50/2
f 1193/52/2 1194/51/2 1221/53/2
f 1221/53/2 1194/51/2 1219/50/2
f 1193/52/2 1221/53/2 1220/54/2
f 1222/55/2 1221/53/2 1219/50/2
f 1193/52/2 1220/54/2 1222/55/2
f 1222/55/2 1220/54/2 1219/50/2
f 1193/52/2 1222/55/2 1223/56/2
f 1192/57/2 1193/52/2 1223/56/2
f 1243/58/2 1244/60/2 1245/59/2
f 1192/57/2 1223/56/2 1224/61/2
f 1192/57/2 1224/61/2 1225/62/2
f 1242/63/2 1243/58/2 1245/59/2
f 1192/57/2 1225/62/2 1226/64/2
f 1191/65/2 1192/57/2 1226/64/2
f 1241/66/2 1242/63/2 1245/59/2
f 1191/65/2 1226/64/2 1227/67/2
f 1240/68/2 1241/66/2 1245/59/2
f 1239/69/2 1240/68/2 1245/59/2
f 1191/65/2 1227/67/2 1228/70/2
f 1238/71/2 1239/69/2 1245/59/2
f 1191/65/2 1228/70/2 1229/72/2
f 1237/73/2 1238/71/2 1245/59/2
f 1190/74/2 1191/65/2 1229/72/2
f 1236/75/2 1237/73/2 1245/59/2
f 1190/74/2 1229/72/2 1230/76/2
f 1235/77/2 1236/75/2 1245/59/2
f 1190/74/2 1230/76/2 1231/78/2
f 1234/79/2 1235/77/2 1245/59/2
f 1233/80/2 1234/79/2 1245/59/2
f 1190/74/2 1231/78/2 1232/81/2
f 1232/81/2 1233/80/2 1245/59/2
f 1190/74/2 1232/81/2 1245/59/2
f 1189/82/2 1190/74/2 1245/59/2
f 1188/83/2 1189/82/2 1245/59/2
f 1188/83/2 1245/59/2 1172/84/2
f 1187/85/2 1188/83/2 1172/84/2
f 1187/85/2 1172/84/2 1173/86/2
f 1187/85/2 1173/86/2 1174/87/2
f 1186/88/2 1187/85/2 1174/87/2
f 1186/88/2 1174/87/2 1175/89/2
f 1186/88/2 1175/89/2 1176/90/2
f 1185/91/2 1186/88/2 1176/90/2
f 1185/91/2 1176/90/2 1177/92/2
f 1185/91/2 1177/92/2 1178/93/2
f 1184/94/2 1185/91/2 1178/93/2
f 1184/94/2 1178/93/2 1179/95/2
f 1184/94/2 1179/95/2 1180/96/2
f 1184/94/2 1180/96/2 1181/97/2
f 1183/98/2 1184/94/2 1181/97/2
f 1183/98/2 1181/97/2 1182/99/2
f 1271/84/2 1272/359/2 1273/358/2
f 1271/84/2 1273/358/2 1274/45/2
f 1330/360/2 1331/361/2 1332/45/2
f 1330/360/2 1332/45/2 1275/84/2
f 1330/360/2 1275/84/2 1276/362/2
f 1329/363/2 1330/360/2 1276/362/2
f 1328/364/1 1329/363/1 1276/362/1
f 1327/365/2 1328/364/2 1277/366/2
f 1277/366/1 1328/364/1 1276/362/1
f 1327/365/2 1277/366/2 1278/367/2
f 1327/365/2 1278/367/2 1279/368/2
f 1301/369/2 1302/371/2 1303/370/2
f 1326/372/2 1327/365/2 1279/368/2
f 1326/372/2 1279/368/2 1280/373/2
f 1326/372/2 1280/373/2 1281/374/2
f 1300/375/2 1301/369/2 1303/370/2
f 1326/372/2 1281/374/2 1282/376/2
f 1299/377/2 1300/375/2 1303/370/2
f 1325/378/2 1326/372/2 1282/376/2
f 1325/378/2 1282/376/2 1283/379/2
f 1298/380/2 1299/377/2 1303/370/2
f 1325/378/2 1283/379/2 1284/381/2
f 1297/382/2 1298/380/2 1303/370/2
f 1296/383/2 1297/382/2 1303/370/2
f 1325/378/2 1284/381/2 1285/384/2
f 1295/385/2 1296/383/2 1303/370/2
f 1325/378/2 1285/384/2 1286/386/2
f 1294/359/2 1295/385/2 1303/370/2
f 1325/378/2 1286/386/2 1287/387/2
f 1293/388/2 1294/359/2 1303/370/2
f 1325/378/2 1287/387/2 1288/389/2
f 1292/390/2 1293/388/2 1303/370/2
f 1325/378/2 1288/389/2 1289/391/2
f 1291/392/2 1292/390/2 1303/370/2
f 1325/378/2 1289/391/2 1290/393/2
f 1290/393/2 1291/392/2 1303/370/2
f 1325/378/2 1290/393/2 1303/370/2
f 1324/394/2 1325/378/2 1303/370/2
f 1323/395/2 1324/394/2 1303/370/2
f 1322/396/2 1323/395/2 1303/370/2
f 1321/397/2 1322/396/2 1303/370/2
f 1320/398/2 1321/397/2 1303/370/2
f 1320/398/2 1303/370/2 1304/399/2
f 1319/400/2 1320/398/2 1304/399/2
f 1319/400/2 1304/399/2 1305/401/2
f 1319/400/2 1305/401/2 1306/402/2
f 1318/403/2 1319/400/2 1306/402/2
f 1318/403/2 1306/402/2 1307/404/2
f 1318/403/2 1307/404/2 1308/405/2
f 1318/403/2 1308/405/2 1309/406/2
f 1317/407/2 1318/403/2 1309/406/2
f 1317/407/2 1309/406/2 1310/408/2
f 1317/407/2 1310/408/2 1311/409/2
f 1316/410/2 1317/407/2 1311/409/2
f 1316/410/2 1311/409/2 1312/411/2
f 1316/410/2 1312/411/2 1313/358/2
f 1315/412/2 1316/410/2 1313/358/2
f 1315/412/2 1313/358/2 1314/413/2
f 1381/414/2 1382/416/2 1383/415/2
f 1381/414/2 1383/415/2 1384/45/2
f 1355/417/2 1356/419/2 1357/418/2
f 1354/420/2 1355/417/2 1357/418/2
f 1354/420/2 1357/418/2 1358/421/2
f 1353/422/2 1354/420/2 1358/421/2
f 1353/422/2 1358/421/2 1359/423/2
f 1352/424/2 1353/422/2 1359/423/2
f 1352/424/2 1359/423/2 1360/425/2
f 1351/426/2 1352/424/2 1360/425/2
f 1351/426/2 1360/425/2 1361/427/2
f 1350/359/2 1351/426/2 1361/427/2
f 1350/359/2 1361/427/2 1362/428/2
f 1349/429/2 1350/359/2 1362/428/2
f 1349/429/2 1362/428/2 1363/430/2
f 1348/431/2 1349/429/2 1363/430/2
f 1348/431/2 1363/430/2 1364/432/2
f 1347/433/2 1348/431/2 1364/432/2
f 1347/433/2 1364/432/2 1365/434/2
f 1346/435/2 1347/433/2 1365/434/2
f 1346/435/2 1365/434/2 1366/436/2
f 1345/437/2 1346/435/2 1366/436/2
f 1345/437/2 1366/436/2 1367/358/2
f 1344/438/2 1345/437/2 1367/358/2
f 1344/438/2 1367/358/2 1368/439/2
f 1343/440/2 1344/438/2 1368/439/2
f 1343/440/2 1368/439/2 1369/441/2
f 1342/442/2 1343/440/2 1369/441/2
f 1342/442/2 1369/441/2 1370/443/2
f 1341/444/2 1342/442/2 1370/443/2
f 1341/444/2 1370/443/2 1371/445/2
f 1340/446/2 1341/444/2 1371/445/2
f 1340/446/2 1371/445/2 1372/447/2
f 1339/448/2 1340/446/2 1372/447/2
f 1339/448/2 1372/447/2 1373/449/2
f 1338/450/2 1339/448/2 1373/449/2
f 1338/450/2 1373/449/2 1374/451/2
f 1337/452/2 1338/450/2 1374/451/2
f 1337/452/2 1374/451/2 1375/453/2
f 1336/454/2 1337/452/2 1375/453/2
f 1336/454/2 1375/453/2 1376/455/2
f 1335/456/2 1336/454/2 1376/455/2
f 1335/456/2 1376/455/2 1377/457/2
f 1334/458/2 1335/456/2 1377/457/2
f 1334/458/2 1377/457/2 1378/459/2
f 1333/84/2 1334/458/2 1378/459/2
f 1333/84/2 1378/459/2 1379/460/2
f 1380/461/2 1333/84/2 1379/460/2
f 1389/70/2 1390/63/2 1391/20/2
f 1389/70/2 1391/20/2 1392/45/2
f 1388/14/2 1389/70/2 1392/45/2
f 1387/15/2 1388/14/2 1385/84/2
f 1385/84/1 1388/14/1 1392/45/1
f 1387/15/2 1385/84/2 1386/88/2
s 1
f 1396/462/3 1393/84/3 1394/463/3
f 1398/464/4 1395/112/3 1396/462/3
f 1400/465/4 1397/103/4 1398/464/4
f 1402/466/4 1399/128/4 1400/465/4
f 1404/467/5 1401/53/4 1402/466/4
f 1406/468/6 1403/132/5 1404/467/5
f 1408/469/3 1405/125/6 1406/468/6
f 1394/470/3 1407/120/3 1408/469/3
f 1412/464/5 1409/84/4 1410/463/4
f 1414/466/6 1411/103/5 1412/464/5
f 1416/468/3 1413/53/6 1414/466/6
f 1410/470/4 1415/125/3 1416/468/3
f 1420/471/7 1417/84/8 1418/463/8
f 1422/472/9 1419/473/7 1420/471/7
f 1424/474/10 1421/475/9 1422/472/9
f 1426/476/11 1423/477/12 1424/474/10
f 1428/478/4 1425/479/11 1426/476/11
f 1430/462/13 1427/480/4 1428/478/4
f 1432/481/14 1429/112/13 1430/462/13
f 1434/482/15 1431/483/16 1432/481/14
f 1436/484/17 1433/485/15 1434/482/15
f 1438/486/18 1435/487/17 1436/484/17
f 1440/488/19 1437/489/18 1438/486/18
f 1442/464/20 1439/490/19 1440/488/19
f 1444/491/21 1441/103/20 1442/464/20
f 1446/492/22 1443/493/21 1444/491/21
f 1448/494/23 1445/495/22 1446/492/22
f 1450/496/24 1447/497/25 1448/494/23
f 1452/498/5 1449/359/24 1450/496/24
f 1454/465/26 1451/499/5 1452/498/5
f 1456/500/27 1453/128/26 1454/465/26
f 1458/501/28 1455/502/29 1456/500/27
f 1460/503/30 1457/504/28 1458/501/28
f 1462/505/31 1459/506/30 1460/503/30
f 1464/507/32 1461/508/31 1462/505/31
f 1466/466/33 1463/509/32 1464/507/32
f 1468/510/34 1465/53/35 1466/466/33
f 1470/511/36 1467/512/34 1468/510/34
f 1472/513/37 1469/514/36 1470/511/36
f 1474/515/38 1471/516/37 1472/513/37
f 1476/517/6 1473/518/38 1474/515/38
f 1478/467/39 1475/519/6 1476/517/6
f 1480/520/40 1477/132/41 1478/467/39
f 1482/521/42 1479/522/43 1480/520/40
f 1484/523/44 1481/358/42 1482/521/42
f 1486/524/45 1483/525/46 1484/523/44
f 1488/526/47 1485/527/48 1486/524/45
f 1490/468/49 1487/528/47 1488/526/47
f 1492/529/50 1489/125/51 1490/468/49
f 1494/530/52 1491/531/53 1492/529/50
f 1496/532/54 1493/533/52 1494/530/52
f 1498/534/55 1495/535/56 1496/532/54
f 1500/536/3 1497/537/57 1498/534/55
f 1502/469/58 1499/538/3 1500/536/3
f 1504/539/59 1501/120/58 1502/469/58
f 1506/540/60 1503/541/59 1504/539/59
f 1508/542/61 1505/543/60 1506/540/60
f 1510/544/62 1507/545/61 1508/542/61
f 1512/546/63 1509/547/62 1510/544/62
f 1418/470/8 1511/548/63 1512/546/63
f 1516/549/3 1513/84/6 1514/463/6
f 1518/550/3 1515/551/3 1516/549/3
f 1520/552/64 1517/553/3 1518/550/3
f 1522/554/65 1519/555/64 1520/552/64
f 1524/556/66 1521/557/65 1522/554/65
f 1526/558/67 1523/559/66 1524/556/66
f 1528/560/68 1525/561/67 1526/558/67
f 1530/562/69 1527/563/68 1528/560/68
f 1532/564/70 1529/565/71 1530/562/69
f 1534/566/72 1531/567/70 1532/564/70
f 1536/568/73 1533/569/74 1534/566/72
f 1538/570/75 1535/571/73 1536/568/73
f 1540/572/76 1537/573/75 1538/570/75
f 1542/574/77 1539/575/76 1540/572/76
f 1544/576/78 1541/577/77 1542/574/77
f 1546/578/79 1543/579/78 1544/576/78
f 1548/580/80 1545/581/79 1546/578/79
f 1550/582/81 1547/583/80 1548/580/80
f 1552/584/82 1549/585/81 1550/582/81
f 1554/586/83 1551/587/84 1552/584/82
f 1556/588/85 1553/589/83 1554/586/83
f 1558/590/86 1555/591/85 1556/588/85
f 1560/592/87 1557/593/86 1558/590/86
f 1562/594/88 1559/595/87 1560/592/87
f 1564/596/89 1561/597/88 1562/594/88
f 1566/598/90 1563/599/89 1564/596/89
f 1568/600/91 1565/601/90 1566/598/90
f 1570/602/92 1567/603/91 1568/600/91
f 1572/466/93 1569/604/92 1570/602/92
f 1574/605/94 1571/53/93 1572/466/93
f 1576/606/95 1573/607/94 1574/605/94
f 1578/608/96 1575/609/95 1576/606/95
f 1580/610/97 1577/611/96 1578/608/96
f 1582/612/98 1579/613/97 1580/610/97
f 1584/614/99 1581/615/98 1582/612/98
f 1586/616/100 1583/617/99 1584/614/99
f 1588/618/101 1585/619/100 1586/616/100
f 1590/620/102 1587/621/101 1588/618/101
f 1592/622/103 1589/623/102 1590/620/102
f 1594/624/104 1591/625/103 1592/622/103
f 1596/626/105 1593/627/104 1594/624/104
f 1598/628/106 1595/629/105 1596/626/105
f 1600/630/107 1597/631/106 1598/628/106
f 1602/632/108 1599/633/107 1600/630/107
f 1604/634/109 1601/635/108 1602/632/108
f 1606/636/110 1603/637/109 1604/634/109
f 1608/638/111 1605/639/110 1606/636/110
f 1610/640/112 1607/641/111 1608/638/111
f 1612/642/113 1609/643/112 1610/640/112
f 1614/644/114 1611/645/113 1612/642/113
f 1616/646/115 1613/647/114 1614/644/114
f 1618/648/116 1615/649/115 1616/646/115
f 1620/650/4 1617/651/117 1618/648/116
f 1622/652/4 1619/653/4 1620/650/4
f 1624/654/118 1621/655/4 1622/652/4
f 1626/656/119 1623/657/118 1624/654/118
f 1628/658/6 1625/659/119 1626/656/119
f 1514/470/6 1627/660/6 1628/658/6
f 1632/464/5 1629/84/4 1630/463/4
f 1634/466/6 1631/103/5 1632/464/5
f 1636/468/3 1633/53/6 1634/466/6
f 1630/470/4 1635/125/3 1636/468/3
f 1640/661/120 1637/84/121 1638/463/121
f 1642/662/122 1639/663/120 1640/661/120
f 1644/664/123 1641/665/122 1642/662/122
f 1646/666/124 1643/667/123 1644/664/123
f 1648/668/125 1645/669/124 1646/666/124
f 1650/670/126 1647/671/125 1648/668/125
f 1652/672/127 1649/673/126 1650/670/126
f 1654/674/128 1651/675/127 1652/672/127
f 1656/676/129 1653/677/128 1654/674/128
f 1658/678/130 1655/679/129 1656/676/129
f 1660/680/131 1657/681/130 1658/678/130
f 1662/682/132 1659/683/131 1660/680/131
f 1664/684/133 1661/685/132 1662/682/132
f 1666/686/134 1663/687/133 1664/684/133
f 1668/688/135 1665/689/134 1666/686/134
f 1670/690/136 1667/691/135 1668/688/135
f 1672/692/137 1669/693/136 1670/690/136
f 1674/694/138 1671/695/137 1672/692/137
f 1676/696/139 1673/697/138 1674/694/138
f 1678/698/140 1675/699/139 1676/696/139
f 1680/700/141 1677/701/140 1678/698/140
f 1682/702/142 1679/703/141 1680/700/141
f 1684/704/143 1681/705/142 1682/702/142
f 1686/706/144 1683/707/143 1684/704/143
f 1688/708/145 1685/709/144 1686/706/144
f 1690/710/146 1687/711/145 1688/708/145
f 1692/712/147 1689/713/146 1690/710/146
f 1694/714/148 1691/715/147 1692/712/147
f 1696/716/149 1693/717/148 1694/714/148
f 1698/718/150 1695/719/149 1696/716/149
f 1700/720/151 1697/721/150 1698/718/150
f 1702/722/152 1699/723/151 1700/720/151
f 1704/724/153 1701/725/152 1702/722/152
f 1706/726/154 1703/727/153 1704/724/153
f 1708/728/155 1705/729/154 1706/726/154
f 1710/730/156 1707/731/155 1708/728/155
f 1712/466/157 1709/732/156 1710/730/156
f 1714/733/158 1711/53/157 1712/466/157
f 1716/734/159 1713/735/158 1714/733/158
f 1718/736/160 1715/737/159 1716/734/159
f 1720/738/161 1717/739/160 1718/736/160
f 1722/740/162 1719/741/161 1720/738/161
f 1724/742/163 1721/743/162 1722/740/162
f 1726/744/164 1723/745/163 1724/742/163
f 1728/746/165 1725/747/164 1726/744/164
f 1730/748/166 1727/749/165 1728/746/165
f 1732/750/167 1729/751/166 1730/748/166
f 1734/752/168 1731/753/167 1732/750/167
f 1736/754/169 1733/755/168 1734/752/168
f 1738/756/170 1735/757/171 1736/754/169
f 1740/758/172 1737/759/170 1738/756/170
f 1742/760/173 1739/761/172 1740/758/172
f 1744/762/174 1741/763/173 1742/760/173
f 1746/764/175 1743/765/174 1744/762/174
f 1748/766/176 1745/767/175 1746/764/175
f 1750/768/177 1747/769/176 1748/766/176
f 1752/770/178 1749/771/177 1750/768/177
f 1754/772/179 1751/773/178 1752/770/178
f 1756/774/180 1753/775/179 1754/772/179
f 1758/776/181 1755/777/180 1756/774/180
f 1760/778/182 1757/779/181 1758/776/181
f 1762/780/183 1759/781/182 1760/778/182
f 1764/782/184 1761/783/183 1762/780/183
f 1766/784/185 1763/785/184 1764/782/184
f 1768/786/186 1765/787/185 1766/784/185
f 1770/788/187 1767/789/186 1768/786/186
f 1772/790/188 1769/791/187 1770/788/187
f 1774/792/189 1771/793/188 1772/790/188
f 1776/794/190 1773/795/189 1774/792/189
f 1778/796/191 1775/797/190 1776/794/190
f 1780/798/192 1777/799/191 1778/796/191
f 1782/800/193 1779/801/192 1780/798/192
f 1784/802/194 1781/803/195 1782/800/193
f 1638/470/121 1783/804/194 1784/802/194
f 1788/805/196 1785/84/197 1786/463/198
f 1790/806/199 1787/807/196 1788/805/196
f 1792/808/200 1789/809/199 1790/806/199
f 1794/810/201 1791/811/200 1792/808/200
f 1796/812/202 1793/813/201 1794/810/201
f 1798/814/203 1795/815/202 1796/812/202
f 1800/816/204 1797/817/203 1798/814/203
f 1802/818/205 1799/819/206 1800/816/204
f 1804/820/207 1801/821/205 1802/818/205
f 1806/822/208 1803/823/207 1804/820/207
f 1808/824/209 1805/825/208 1806/822/208
f 1810/826/210 1807/827/209 1808/824/209
f 1812/828/211 1809/829/210 1810/826/210
f 1814/830/212 1811/831/211 1812/828/211
f 1816/832/213 1813/833/212 1814/830/212
f 1818/834/214 1815/835/213 1816/832/213
f 1820/836/215 1817/837/214 1818/834/214
f 1822/838/216 1819/839/215 1820/836/215
f 1824/840/217 1821/841/218 1822/838/216
f 1826/842/219 1823/843/217 1824/840/217
f 1828/844/220 1825/845/219 1826/842/219
f 1830/846/221 1827/847/220 1828/844/220
f 1832/848/222 1829/849/223 1830/846/221
f 1834/850/224 1831/851/222 1832/848/222
f 1786/470/198 1833/852/225 1834/850/224
f 1838/853/226 1835/84/227 1836/463/227
f 1840/854/228 1837/855/226 1838/853/226
f 1842/856/229 1839/857/228 1840/854/228
f 1844/858/230 1841/859/229 1842/856/229
f 1846/860/231 1843/861/230 1844/858/230
f 1848/862/232 1845/863/231 1846/860/231
f 1850/864/233 1847/865/232 1848/862/232
f 1852/866/234 1849/867/233 1850/864/233
f 1854/868/235 1851/869/234 1852/866/234
f 1856/870/236 1853/871/235 1854/868/235
f 1858/872/237 1855/873/236 1856/870/236
f 1860/874/238 1857/875/237 1858/872/237
f 1862/876/239 1859/877/238 1860/874/238
f 1864/878/240 1861/879/239 1862/876/239
f 1866/880/241 1863/881/240 1864/878/240
f 1868/882/242 1865/883/241 1866/880/241
f 1870/884/243 1867/885/242 1868/882/242
f 1872/886/244 1869/887/243 1870/884/243
f 1874/888/245 1871/889/244 1872/886/244
f 1876/890/246 1873/891/245 1874/888/245
f 1878/892/247 1875/893/246 1876/890/246
f 1880/894/248 1877/895/247 1878/892/247
f 1882/896/249 1879/897/248 1880/894/248
f 1884/898/250 1881/899/249 1882/896/249
f 1886/900/251 1883/901/250 1884/898/250
f 1888/902/252 1885/903/253 1886/900/251
f 1890/904/254 1887/905/252 1888/902/252
f 1892/906/255 1889/907/254 1890/904/254
f 1894/908/256 1891/909/255 1892/906/255
f 1896/910/257 1893/911/256 1894/908/256
f 1898/912/258 1895/913/257 1896/910/257
f 1900/914/259 1897/915/258 1898/912/258
f 1902/916/260 1899/917/259 1900/914/259
f 1904/918/261 1901/919/260 1902/916/260
f 1906/920/262 1903/921/261 1904/918/261
f 1908/922/263 1905/923/262 1906/920/262
f 1910/924/264 1907/925/263 1908/922/263
f 1912/926/265 1909/927/264 1910/924/264
f 1914/928/266 1911/929/265 1912/926/265
f 1916/930/267 1913/931/266 1914/928/266
f 1918/932/268 1915/933/267 1916/930/267
f 1920/934/269 1917/935/268 1918/932/268
f 1922/936/270 1919/937/269 1920/934/269
f 1924/938/271 1921/939/270 1922/936/270
f 1926/940/272 1923/941/271 1924/938/271
f 1928/942/273 1925/943/272 1926/940/272
f 1930/944/274 1927/945/273 1928/942/273
f 1932/946/275 1929/947/274 1930/944/274
f 1934/948/276 1931/949/275 1932/946/275
f 1936/950/277 1933/951/276 1934/948/276
f 1938/952/278 1935/953/277 1936/950/277
f 1940/954/279 1937/955/278 1938/952/278
f 1942/956/280 1939/957/279 1940/954/279
f 1944/958/281 1941/959/280 1942/956/280
f 1946/960/282 1943/961/281 1944/958/281
f 1948/962/283 1945/963/282 1946/960/282
f 1950/964/284 1947/965/283 1948/962/283
f 1952/966/285 1949/967/284 1950/964/284
f 1954/968/286 1951/969/285 1952/966/285
f 1956/970/287 1953/971/288 1954/968/286
f 1958/466/289 1955/972/287 1956/970/287
f 1960/973/290 1957/53/289 1958/466/289
f 1962/974/291 1959/975/290 1960/973/290
f 1964/976/292 1961/977/291 1962/974/291
f 1966/978/293 1963/979/292 1964/976/292
f 1968/980/294 1965/981/293 1966/978/293
f 1970/982/295 1967/983/294 1968/980/294
f 1972/984/296 1969/985/295 1970/982/295
f 1974/986/297 1971/987/296 1972/984/296
f 1976/988/298 1973/989/297 1974/986/297
f 1978/990/299 1975/991/298 1976/988/298
f 1980/992/300 1977/993/299 1978/990/299
f 1982/994/301 1979/995/300 1980/992/300
f 1984/996/302 1981/997/301 1982/994/301
f 1986/998/303 1983/999/302 1984/996/302
f 1988/1000/304 1985/1001/303 1986/998/303
f 1990/1002/305 1987/1003/304 1988/1000/304
f 1992/1004/306 1989/1005/305 1990/1002/305
f 1994/1006/307 1991/1007/306 1992/1004/306
f 1996/1008/308 1993/1009/307 1994/1006/307
f 1998/1010/309 1995/1011/308 1996/1008/308
f 2000/1012/310 1997/1013/309 1998/1010/309
f 2002/1014/311 1999/1015/310 2000/1012/310
f 2004/1016/312 2001/1017/311 2002/1014/311
f 2006/1018/313 2003/1019/312 2004/1016/312
f 2008/1020/314 2005/1021/313 2006/1018/313
f 2010/1022/315 2007/1023/314 2008/1020/314
f 2012/1024/316 2009/1025/315 2010/1022/315
f 2014/1026/317 2011/1027/316 2012/1024/316
f 2016/1028/318 2013/1029/317 2014/1026/317
f 2018/1030/319 2015/1031/318 2016/1028/318
f 2020/1032/320 2017/1033/319 2018/1030/319
f 2022/1034/321 2019/1035/320 2020/1032/320
f 2024/1036/322 2021/1037/321 2022/1034/321
f 2026/1038/323 2023/1039/322 2024/1036/322
f 2028/1040/324 2025/1041/323 2026/1038/323
f 2030/1042/325 2027/1043/324 2028/1040/324
f 2032/1044/326 2029/1045/325 2030/1042/325
f 2034/1046/327 2031/1047/326 2032/1044/326
f 2036/1048/328 2033/1049/327 2034/1046/327
f 2038/1050/329 2035/1051/328 2036/1048/328
f 2040/1052/330 2037/1053/329 2038/1050/329
f 2042/1054/331 2039/1055/330 2040/1052/330
f 2044/1056/332 2041/1057/331 2042/1054/331
f 2046/1058/333 2043/1059/332 2044/1056/332
f 2048/1060/334 2045/1061/333 2046/1058/333
f 2050/1062/335 2047/1063/334 2048/1060/334
f 2052/1064/336 2049/1065/335 2050/1062/335
f 2054/1066/337 2051/1067/336 2052/1064/336
f 2056/1068/338 2053/1069/337 2054/1066/337
f 2058/1070/339 2055/1071/338 2056/1068/338
f 2060/1072/179 2057/1073/339 2058/1070/339
f 2062/1074/340 2059/1075/179 2060/1072/179
f 2064/1076/341 2061/1077/340 2062/1074/340
f 2066/1078/342 2063/1079/341 2064/1076/341
f 2068/1080/343 2065/1081/342 2066/1078/342
f 2070/1082/344 2067/1083/343 2068/1080/343
f 2072/1084/345 2069/1085/344 2070/1082/344
f 2074/1086/346 2071/1087/345 2072/1084/345
f 2076/1088/347 2073/1089/346 2074/1086/346
f 2078/1090/348 2075/1091/349 2076/1088/347
f 1836/470/227 2077/1092/348 2078/1090/348
f 2082/1093/350 2079/84/351 2080/463/351
f 2084/1094/352 2081/86/350 2082/1093/350
f 2086/1095/353 2083/87/352 2084/1094/352
f 2088/1096/354 2085/89/353 2086/1095/353
f 2090/1097/355 2087/90/354 2088/1096/354
f 2092/1098/356 2089/92/355 2090/1097/355
f 2094/1099/357 2091/93/356 2092/1098/356
f 2096/1100/358 2093/95/357 2094/1099/357
f 2098/1101/359 2095/96/358 2096/1100/358
f 2100/1102/360 2097/97/359 2098/1101/359
f 2102/1103/361 2099/99/360 2100/1102/360
f 2104/1104/362 2101/98/361 2102/1103/361
f 2106/1105/363 2103/94/362 2104/1104/362
f 2108/1106/364 2105/91/363 2106/1105/363
f 2110/1107/365 2107/88/364 2108/1106/364
f 2112/1108/366 2109/85/365 2110/1107/365
f 2114/1109/367 2111/83/366 2112/1108/366
f 2116/1110/368 2113/82/367 2114/1109/367
f 2118/1111/369 2115/74/368 2116/1110/368
f 2120/1112/370 2117/65/369 2118/1111/369
f 2122/1113/371 2119/57/370 2120/1112/370
f 2124/1114/372 2121/52/371 2122/1113/371
f 2126/1115/373 2123/51/372 2124/1114/372
f 2128/1116/374 2125/49/373 2126/1115/373
f 2130/1117/375 2127/43/374 2128/1116/374
f 2132/1118/376 2129/37/375 2130/1117/375
f 2134/1119/377 2131/25/376 2132/1118/376
f 2136/1120/378 2133/16/377 2134/1119/377
f 2138/1121/379 2135/15/378 2136/1120/378
f 2140/1122/380 2137/13/379 2138/1121/379
f 2142/1123/381 2139/11/380 2140/1122/380
f 2144/1124/382 2141/9/381 2142/1123/381
f 2146/1125/383 2143/7/382 2144/1124/382
f 2148/1126/384 2145/5/383 2146/1125/383
f 2150/1127/385 2147/1/384 2148/1126/384
f 2152/1128/386 2149/3/385 2150/1127/385
f 2154/1129/387 2151/2/386 2152/1128/386
f 2156/1130/388 2153/4/387 2154/1129/387
f 2158/1131/389 2155/6/388 2156/1130/388
f 2160/1132/390 2157/8/389 2158/1131/389
f 2162/1133/391 2159/10/390 2160/1132/390
f 2164/1134/392 2161/12/391 2162/1133/391
f 2166/1135/393 2163/14/392 2164/1134/392
f 2168/1136/394 2165/18/393 2166/1135/393
f 2170/1137/395 2167/26/394 2168/1136/394
f 2172/1138/396 2169/38/395 2170/1137/395
f 2174/1139/397 2171/48/396 2172/1138/396
f 2176/1140/398 2173/50/397 2174/1139/397
f 2178/466/399 2175/54/398 2176/1140/398
f 2180/1141/400 2177/53/399 2178/466/399
f 2182/1142/401 2179/55/400 2180/1141/400
f 2184/1143/402 2181/56/401 2182/1142/401
f 2186/1144/403 2183/61/402 2184/1143/402
f 2188/1145/404 2185/62/403 2186/1144/403
f 2190/1146/405 2187/64/404 2188/1145/404
f 2192/1147/406 2189/67/405 2190/1146/405
f 2194/1148/407 2191/70/406 2192/1147/406
f 2196/1149/408 2193/72/407 2194/1148/407
f 2198/1150/409 2195/76/408 2196/1149/408
f 2200/1151/410 2197/78/409 2198/1150/409
f 2202/1152/411 2199/81/410 2200/1151/410
f 2204/1153/412 2201/80/411 2202/1152/411
f 2206/1154/413 2203/79/412 2204/1153/412
f 2208/1155/414 2205/77/413 2206/1154/413
f 2210/1156/415 2207/75/414 2208/1155/414
f 2212/1157/416 2209/73/415 2210/1156/415
f 2214/1158/417 2211/71/416 2212/1157/416
f 2216/1159/418 2213/69/419 2214/1158/417
f 2218/1160/420 2215/68/418 2216/1159/418
f 2220/1161/421 2217/66/420 2218/1160/420
f 2222/1162/422 2219/63/421 2220/1161/421
f 2224/1163/423 2221/58/422 2222/1162/422
f 2226/1164/424 2223/60/423 2224/1163/423
f 2228/1165/425 2225/59/424 2226/1164/424
f 2230/1166/426 2227/44/425 2228/1165/425
f 2232/1167/427 2229/41/426 2230/1166/426
f 2234/1168/428 2231/39/427 2232/1167/427
f 2236/1169/429 2233/36/428 2234/1168/428
f 2238/1170/430 2235/34/429 2236/1169/429
f 2240/1171/431 2237/32/430 2238/1170/430
f 2242/1172/188 2239/30/431 2240/1171/431
f 2244/1173/432 2241/28/433 2242/1172/188
f 2246/1174/434 2243/24/432 2244/1173/432
f 2248/1175/435 2245/22/434 2246/1174/434
f 2250/1176/436 2247/20/435 2248/1175/435
f 2252/1177/437 2249/17/436 2250/1176/436
f 2254/1178/438 2251/19/437 2252/1177/437
f 2256/1179/439 2253/21/438 2254/1178/438
f 2258/1180/440 2255/23/439 2256/1179/439
f 2260/1181/441 2257/27/440 2258/1180/440
f 2262/1182/442 2259/29/441 2260/1181/441
f 2264/1183/443 2261/31/442 2262/1182/442
f 2266/1184/444 2263/33/443 2264/1183/443
f 2268/1185/445 2265/35/444 2266/1184/444
f 2270/1186/446 2267/40/445 2268/1185/445
f 2272/1187/447 2269/42/446 2270/1186/446
f 2274/1188/448 2271/47/447 2272/1187/447
f 2080/470/351 2273/46/448 2274/1188/448
f 2278/661/120 2275/84/121 2276/463/121
f 2280/662/122 2277/663/120 2278/661/120
f 2282/664/123 2279/665/122 2280/662/122
f 2284/666/124 2281/667/123 2282/664/123
f 2286/668/125 2283/669/124 2284/666/124
f 2288/670/126 2285/671/125 2286/668/125
f 2290/672/127 2287/673/126 2288/670/126
f 2292/674/128 2289/675/127 2290/672/127
f 2294/676/129 2291/677/128 2292/674/128
f 2296/678/130 2293/679/129 2294/676/129
f 2298/680/131 2295/681/130 2296/678/130
f 2300/682/132 2297/683/131 2298/680/131
f 2302/684/133 2299/685/132 2300/682/132
f 2304/686/134 2301/687/133 2302/684/133
f 2306/688/135 2303/689/134 2304/686/134
f 2308/690/136 2305/691/135 2306/688/135
f 2310/692/137 2307/693/136 2308/690/136
f 2312/694/138 2309/695/137 2310/692/137
f 2314/696/139 2311/697/138 2312/694/138
f 2316/698/140 2313/699/139 2314/696/139
f 2318/700/141 2315/701/140 2316/698/140
f 2320/702/142 2317/703/141 2318/700/141
f 2322/704/143 2319/705/142 2320/702/142
f 2324/706/144 2321/707/143 2322/704/143
f 2326/708/145 2323/709/144 2324/706/144
f 2328/710/146 2325/711/145 2326/708/145
f 2330/712/147 2327/713/146 2328/710/146
f 2332/714/148 2329/715/147 2330/712/147
f 2334/716/149 2331/717/148 2332/714/148
f 2336/718/150 2333/719/149 2334/716/149
f 2338/720/151 2335/721/150 2336/718/150
f 2340/722/152 2337/723/151 2338/720/151
f 2342/724/153 2339/725/152 2340/722/152
f 2344/726/154 2341/727/153 2342/724/153
f 2346/728/155 2343/729/154 2344/726/154
f 2348/730/156 2345/731/155 2346/728/155
f 2350/466/157 2347/732/156 2348/730/156
f 2352/733/158 2349/53/157 2350/466/157
f 2354/734/159 2351/735/158 2352/733/158
f 2356/736/160 2353/737/159 2354/734/159
f 2358/738/161 2355/739/160 2356/736/160
f 2360/740/162 2357/741/161 2358/738/161
f 2362/742/163 2359/743/162 2360/740/162
f 2364/744/164 2361/745/163 2362/742/163
f 2366/746/165 2363/747/164 2364/744/164
f 2368/748/166 2365/749/165 2366/746/165
f 2370/750/167 2367/751/166 2368/748/166
f 2372/752/168 2369/753/167 2370/750/167
f 2374/754/169 2371/755/168 2372/752/168
f 2376/756/170 2373/757/449 2374/754/169
f 2378/758/172 2375/759/170 2376/756/170
f 2380/760/173 2377/761/172 2378/758/172
f 2382/762/174 2379/763/173 2380/760/173
f 2384/764/175 2381/765/174 2382/762/174
f 2386/766/176 2383/767/175 2384/764/175
f 2388/768/177 2385/769/176 2386/766/176
f 2390/770/178 2387/771/177 2388/768/177
f 2392/772/179 2389/773/178 2390/770/178
f 2394/774/180 2391/775/179 2392/772/179
f 2396/776/181 2393/777/180 2394/774/180
f 2398/778/182 2395/779/181 2396/776/181
f 2400/780/183 2397/781/182 2398/778/182
f 2402/782/184 2399/783/183 2400/780/183
f 2404/784/185 2401/785/184 2402/782/184
f 2406/786/186 2403/787/185 2404/784/185
f 2408/788/187 2405/789/186 2406/786/186
f 2410/790/188 2407/791/187 2408/788/187
f 2412/792/189 2409/793/188 2410/790/188
f 2414/794/190 2411/795/189 2412/792/189
f 2416/796/191 2413/797/190 2414/794/190
f 2418/798/192 2415/799/191 2416/796/191
f 2420/800/193 2417/801/192 2418/798/192
f 2422/802/194 2419/803/195 2420/800/193
f 2276/470/121 2421/804/194 2422/802/194
f 2426/805/196 2423/84/197 2424/463/198
f 2428/806/199 2425/807/450 2426/805/196
f 2430/808/200 2427/809/199 2428/806/199
f 2432/810/201 2429/811/200 2430/808/200
f 2434/812/202 2431/813/201 2432/810/201
f 2436/814/203 2433/815/202 2434/812/202
f 2438/816/204 2435/817/451 2436/814/203
f 2440/818/205 2437/819/206 2438/816/204
f 2442/820/207 2439/821/205 2440/818/205
f 2444/822/208 2441/823/207 2442/820/207
f 2446/824/209 2443/825/208 2444/822/208
f 2448/826/210 2445/827/209 2446/824/209
f 2450/828/211 2447/829/210 2448/826/210
f 2452/830/212 2449/831/211 2450/828/211
f 2454/832/213 2451/833/212 2452/830/212
f 2456/834/214 2453/835/213 2454/832/213
f 2458/836/215 2455/837/214 2456/834/214
f 2460/838/218 2457/839/215 2458/836/215
f 2462/840/217 2459/841/216 2460/838/218
f 2464/842/219 2461/843/217 2462/840/217
f 2466/844/220 2463/845/219 2464/842/219
f 2468/846/221 2465/847/220 2466/844/220
f 2470/848/222 2467/849/223 2468/846/221
f 2472/850/224 2469/851/222 2470/848/222
f 2424/470/198 2471/852/225 2472/850/224
f 2476/1189/452 2473/84/453 2474/463/454
f 2478/1190/455 2475/362/452 2476/1189/452
f 2480/1191/456 2477/366/457 2478/1190/455
f 2482/1192/458 2479/367/459 2480/1191/456
f 2484/1193/460 2481/368/458 2482/1192/458
f 2486/1194/461 2483/373/460 2484/1193/460
f 2488/1195/462 2485/374/461 2486/1194/461
f 2490/1196/463 2487/376/462 2488/1195/462
f 2492/1197/464 2489/379/463 2490/1196/463
f 2494/1198/465 2491/381/464 2492/1197/464
f 2496/1199/466 2493/384/465 2494/1198/465
f 2498/1200/467 2495/386/466 2496/1199/466
f 2500/1201/468 2497/387/467 2498/1200/467
f 2502/1202/469 2499/389/468 2500/1201/468
f 2504/1203/470 2501/391/469 2502/1202/469
f 2506/1204/471 2503/393/470 2504/1203/470
f 2508/1205/472 2505/392/471 2506/1204/471
f 2510/1206/473 2507/390/472 2508/1205/472
f 2512/496/474 2509/388/475 2510/1206/473
f 2514/1207/476 2511/359/474 2512/496/474
f 2516/1208/477 2513/385/476 2514/1207/476
f 2518/1209/478 2515/383/477 2516/1208/477
f 2520/1210/479 2517/382/478 2518/1209/478
f 2522/1211/480 2519/380/479 2520/1210/479
f 2524/1212/3 2521/377/480 2522/1211/480
f 2526/1213/4 2523/375/3 2524/1212/3
f 2528/1214/481 2525/369/4 2526/1213/4
f 2530/1215/482 2527/371/481 2528/1214/481
f 2532/1216/483 2529/370/482 2530/1215/482
f 2534/1217/484 2531/399/485 2532/1216/483
f 2536/1218/486 2533/401/484 2534/1217/484
f 2538/1219/487 2535/402/486 2536/1218/486
f 2540/1220/488 2537/404/487 2538/1219/487
f 2542/1221/489 2539/405/490 2540/1220/488
f 2544/1222/491 2541/406/489 2542/1221/489
f 2546/1223/492 2543/408/491 2544/1222/491
f 2548/1224/493 2545/409/492 2546/1223/492
f 2550/521/494 2547/411/493 2548/1224/493
f 2552/1225/495 2549/358/494 2550/521/494
f 2554/1226/496 2551/413/495 2552/1225/495
f 2556/1227/497 2553/412/496 2554/1226/496
f 2558/1228/498 2555/410/497 2556/1227/497
f 2560/1229/499 2557/407/498 2558/1228/498
f 2562/1230/500 2559/403/499 2560/1229/499
f 2564/1231/501 2561/400/500 2562/1230/500
f 2566/1232/502 2563/398/501 2564/1231/501
f 2568/1233/503 2565/397/502 2566/1232/502
f 2570/1234/504 2567/396/503 2568/1233/503
f 2572/1235/505 2569/395/504 2570/1234/504
f 2574/1236/506 2571/394/505 2572/1235/505
f 2576/1237/507 2573/378/506 2574/1236/506
f 2578/1238/3 2575/372/507 2576/1237/507
f 2580/1239/4 2577/365/3 2578/1238/3
f 2582/1240/5 2579/364/4 2580/1239/4
f 2584/1241/6 2581/363/5 2582/1240/5
f 2586/1242/3 2583/360/6 2584/1241/6
f 2474/470/454 2585/361/3 2586/1242/3
f 2590/661/120 2587/84/121 2588/463/121
f 2592/662/122 2589/663/120 2590/661/120
f 2594/664/123 2591/665/122 2592/662/122
f 2596/666/124 2593/667/123 2594/664/123
f 2598/668/125 2595/669/124 2596/666/124
f 2600/670/126 2597/671/125 2598/668/125
f 2602/672/127 2599/673/126 2600/670/126
f 2604/674/128 2601/675/127 2602/672/127
f 2606/676/129 2603/677/128 2604/674/128
f 2608/678/130 2605/679/129 2606/676/129
f 2610/680/131 2607/681/130 2608/678/130
f 2612/682/132 2609/683/131 2610/680/131
f 2614/684/133 2611/685/132 2612/682/132
f 2616/686/134 2613/687/133 2614/684/133
f 2618/688/135 2615/689/134 2616/686/134
f 2620/690/136 2617/691/135 2618/688/135
f 2622/692/137 2619/693/136 2620/690/136
f 2624/694/138 2621/695/137 2622/692/137
f 2626/696/139 2623/697/138 2624/694/138
f 2628/698/140 2625/699/139 2626/696/139
f 2630/700/141 2627/701/140 2628/698/140
f 2632/702/142 2629/703/141 2630/700/141
f 2634/704/143 2631/705/142 2632/702/142
f 2636/706/144 2633/707/143 2634/704/143
f 2638/708/145 2635/709/144 2636/706/144
f 2640/710/146 2637/711/145 2638/708/145
f 2642/712/147 2639/713/146 2640/710/146
f 2644/714/148 2641/715/147 2642/712/147
f 2646/716/149 2643/717/148 2644/714/148
f 2648/718/150 2645/719/149 2646/716/149
f 2650/720/151 2647/721/150 2648/718/150
f 2652/722/152 2649/723/151 2650/720/151
f 2654/724/153 2651/725/152 2652/722/152
f 2656/726/154 2653/727/153 2654/724/153
f 2658/728/155 2655/729/154 2656/726/154
f 2660/730/156 2657/731/155 2658/728/155
f 2662/466/157 2659/732/156 2660/730/156
f 2664/733/158 2661/53/157 2662/466/157
f 2666/734/159 2663/735/158 2664/733/158
f 2668/736/160 2665/737/159 2666/734/159
f 2670/738/161 2667/739/160 2668/736/160
f 2672/740/162 2669/741/161 2670/738/161
f 2674/742/163 2671/743/162 2672/740/162
f 2676/744/164 2673/745/163 2674/742/163
f 2678/746/165 2675/747/164 2676/744/164
f 2680/748/166 2677/749/165 2678/746/165
f 2682/750/167 2679/751/166 2680/748/166
f 2684/752/168 2681/753/167 2682/750/167
f 2686/754/508 2683/755/168 2684/752/168
f 2688/756/509 2685/757/171 2686/754/508
f 2690/758/172 2687/759/170 2688/756/509
f 2692/760/173 2689/761/172 2690/758/172
f 2694/762/174 2691/763/173 2692/760/173
f 2696/764/175 2693/765/174 2694/762/174
f 2698/766/176 2695/767/175 2696/764/175
f 2700/768/177 2697/769/176 2698/766/176
f 2702/770/178 2699/771/177 2700/768/177
f 2704/772/179 2701/773/178 2702/770/178
f 2706/774/180 2703/775/179 2704/772/179
f 2708/776/181 2705/777/180 2706/774/180
f 2710/778/182 2707/779/181 2708/776/181
f 2712/780/183 2709/781/182 2710/778/182
f 2714/782/184 2711/783/183 2712/780/183
f 2716/784/185 2713/785/184 2714/782/184
f 2718/786/186 2715/787/185 2716/784/185
f 2720/788/187 2717/789/186 2718/786/186
f 2722/790/188 2719/791/187 2720/788/187
f 2724/792/189 2721/793/188 2722/790/188
f 2726/794/190 2723/795/189 2724/792/189
f 2728/796/191 2725/797/190 2726/794/190
f 2730/798/192 2727/799/191 2728/796/191
f 2732/800/193 2729/801/510 2730/798/192
f 2734/802/194 2731/803/195 2732/800/193
f 2588/470/121 2733/804/194 2734/802/194
f 2738/805/450 2735/84/197 2736/463/198
f 2740/806/199 2737/807/450 2738/805/450
f 2742/808/200 2739/809/199 2740/806/199
f 2744/810/201 2741/811/200 2742/808/200
f 2746/812/202 2743/813/201 2744/810/201
f 2748/814/203 2745/815/202 2746/812/202
f 2750/816/204 2747/817/203 2748/814/203
f 2752/818/205 2749/819/206 2750/816/204
f 2754/820/207 2751/821/205 2752/818/205
f 2756/822/208 2753/823/207 2754/820/207
f 2758/824/209 2755/825/208 2756/822/208
f 2760/826/210 2757/827/209 2758/824/209
f 2762/828/211 2759/829/210 2760/826/210
f 2764/830/212 2761/831/211 2762/828/211
f 2766/832/213 2763/833/212 2764/830/212
f 2768/834/214 2765/835/213 2766/832/213
f 2770/836/215 2767/837/214 2768/834/214
f 2772/838/218 2769/839/215 2770/836/215
f 2774/840/217 2771/841/216 2772/838/218
f 2776/842/511 2773/843/217 2774/840/217
f 2778/844/220 2775/845/219 2776/842/511
f 2780/846/512 2777/847/220 2778/844/220
f 2782/848/222 2779/849/223 2780/846/512
f 2784/850/224 2781/851/222 2782/848/222
f 2736/470/198 2783/852/225 2784/850/224
f 1396/462/3 1395/112/3 1393/84/3
f 1398/464/4 1397/103/4 1395/112/3
f 1400/465/4 1399/128/4 1397/103/4
f 1402/466/4 1401/53/4 1399/128/4
f 1404/467/5 1403/132/5 1401/53/4
f 1406/468/6 1405/125/6 1403/132/5
f 1408/469/3 1407/120/3 1405/125/6
f 1394/470/3 1393/45/3 1407/120/3
f 1412/464/5 1411/103/5 1409/84/4
f 1414/466/6 1413/53/6 1411/103/5
f 1416/468/3 1415/125/3 1413/53/6
f 1410/470/4 1409/45/4 1415/125/3
f 1420/471/7 1419/473/7 1417/84/8
f 1422/472/9 1421/475/9 1419/473/7
f 1424/474/10 1423/477/12 1421/475/9
f 1426/476/11 1425/479/11 1423/477/12
f 1428/478/4 1427/480/4 1425/479/11
f 1430/462/13 1429/112/13 1427/480/4
f 1432/481/14 1431/483/16 1429/112/13
f 1434/482/15 1433/485/15 1431/483/16
f 1436/484/17 1435/487/17 1433/485/15
f 1438/486/18 1437/489/18 1435/487/17
f 1440/488/19 1439/490/19 1437/489/18
f 1442/464/20 1441/103/20 1439/490/19
f 1444/491/21 1443/493/21 1441/103/20
f 1446/492/22 1445/495/22 1443/493/21
f 1448/494/23 1447/497/25 1445/495/22
f 1450/496/24 1449/359/24 1447/497/25
f 1452/498/5 1451/499/5 1449/359/24
f 1454/465/26 1453/128/26 1451/499/5
f 1456/500/27 1455/502/29 1453/128/26
f 1458/501/28 1457/504/28 1455/502/29
f 1460/503/30 1459/506/30 1457/504/28
f 1462/505/31 1461/508/31 1459/506/30
f 1464/507/32 1463/509/32 1461/508/31
f 1466/466/33 1465/53/35 1463/509/32
f 1468/510/34 1467/512/34 1465/53/35
f 1470/511/36 1469/514/36 1467/512/34
f 1472/513/37 1471/516/37 1469/514/36
f 1474/515/38 1473/518/38 1471/516/37
f 1476/517/6 1475/519/6 1473/518/38
f 1478/467/39 1477/132/41 1475/519/6
f 1480/520/40 1479/522/43 1477/132/41
f 1482/521/42 1481/358/42 1479/522/43
f 1484/523/44 1483/525/46 1481/358/42
f 1486/524/45 1485/527/48 1483/525/46
f 1488/526/47 1487/528/47 1485/527/48
f 1490/468/49 1489/125/51 1487/528/47
f 1492/529/50 1491/531/53 1489/125/51
f 1494/530/52 1493/533/52 1491/531/53
f 1496/532/54 1495/535/56 1493/533/52
f 1498/534/55 1497/537/57 1495/535/56
f 1500/536/3 1499/538/3 1497/537/57
f 1502/469/58 1501/120/58 1499/538/3
f 1504/539/59 1503/541/59 1501/120/58
f 1506/540/60 1505/543/60 1503/541/59
f 1508/542/61 1507/545/61 1505/543/60
f 1510/544/62 1509/547/62 1507/545/61
f 1512/546/63 1511/548/63 1509/547/62
f 1418/470/8 1417/45/8 1511/548/63
f 1516/549/3 1515/551/3 1513/84/6
f 1518/550/3 1517/553/3 1515/551/3
f 1520/552/64 1519/555/64 1517/553/3
f 1522/554/65 1521/557/65 1519/555/64
f 1524/556/66 1523/559/66 1521/557/65
f 1526/558/67 1525/561/67 1523/559/66
f 1528/560/68 1527/563/68 1525/561/67
f 1530/562/69 1529/565/71 1527/563/68
f 1532/564/70 1531/567/70 1529/565/71
f 1534/566/72 1533/569/74 1531/567/70
f 1536/568/73 1535/571/73 1533/569/74
f 1538/570/75 1537/573/75 1535/571/73
f 1540/572/76 1539/575/76 1537/573/75
f 1542/574/77 1541/577/77 1539/575/76
f 1544/576/78 1543/579/78 1541/577/77
f 1546/578/79 1545/581/79 1543/579/78
f 1548/580/80 1547/583/80 1545/581/79
f 1550/582/81 1549/585/81 1547/583/80
f 1552/584/82 1551/587/84 1549/585/81
f 1554/586/83 1553/589/83 1551/587/84
f 1556/588/85 1555/591/85 1553/589/83
f 1558/590/86 1557/593/86 1555/591/85
f 1560/592/87 1559/595/87 1557/593/86
f 1562/594/88 1561/597/88 1559/595/87
f 1564/596/89 1563/599/89 1561/597/88
f 1566/598/90 1565/601/90 1563/599/89
f 1568/600/91 1567/603/91 1565/601/90
f 1570/602/92 1569/604/92 1567/603/91
f 1572/466/93 1571/53/93 1569/604/92
f 1574/605/94 1573/607/94 1571/53/93
f 1576/606/95 1575/609/95 1573/607/94
f 1578/608/96 1577/611/96 1575/609/95
f 1580/610/97 1579/613/97 1577/611/96
f 1582/612/98 1581/615/98 1579/613/97
f 1584/614/99 1583/617/99 1581/615/98
f 1586/616/100 1585/619/100 1583/617/99
f 1588/618/101 1587/621/101 1585/619/100
f 1590/620/102 1589/623/102 1587/621/101
f 1592/622/103 1591/625/103 1589/623/102
f 1594/624/104 1593/627/104 1591/625/103
f 1596/626/105 1595/629/105 1593/627/104
f 1598/628/106 1597/631/106 1595/629/105
f 1600/630/107 1599/633/107 1597/631/106
f 1602/632/108 1601/635/108 1599/633/107
f 1604/634/109 1603/637/109 1601/635/108
f 1606/636/110 1605/639/110 1603/637/109
f 1608/638/111 1607/641/111 1605/639/110
f 1610/640/112 1609/643/112 1607/641/111
f 1612/642/113 1611/645/113 1609/643/112
f 1614/644/114 1613/647/114 1611/645/113
f 1616/646/115 1615/649/115 1613/647/114
f 1618/648/116 1617/651/117 1615/649/115
f 1620/650/4 1619/653/4 1617/651/117
f 1622/652/4 1621/655/4 1619/653/4
f 1624/654/118 1623/657/118 1621/655/4
f 1626/656/119 1625/659/119 1623/657/118
f 1628/658/6 1627/660/6 1625/659/119
f 1514/470/6 1513/45/6 1627/660/6
f 1632/464/5 1631/103/5 1629/84/4
f 1634/466/6 1633/53/6 1631/103/5
f 1636/468/3 1635/125/3 1633/53/6
f 1630/470/4 1629/45/4 1635/125/3
f 1640/661/120 1639/663/120 1637/84/121
f 1642/662/122 1641/665/122 1639/663/120
f 1644/664/123 1643/667/123 1641/665/122
f 1646/666/124 1645/669/124 1643/667/123
f 1648/668/125 1647/671/125 1645/669/124
f 1650/670/126 1649/673/126 1647/671/125
f 1652/672/127 1651/675/127 1649/673/126
f 1654/674/128 1653/677/128 1651/675/127
f 1656/676/129 1655/679/129 1653/677/128
f 1658/678/130 1657/681/130 1655/679/129
f 1660/680/131 1659/683/131 1657/681/130
f 1662/682/132 1661/685/132 1659/683/131
f 1664/684/133 1663/687/133 1661/685/132
f 1666/686/134 1665/689/134 1663/687/133
f 1668/688/135 1667/691/135 1665/689/134
f 1670/690/136 1669/693/136 1667/691/135
f 1672/692/137 1671/695/137 1669/693/136
f 1674/694/138 1673/697/138 1671/695/137
f 1676/696/139 1675/699/139 1673/697/138
f 1678/698/140 1677/701/140 1675/699/139
f 1680/700/141 1679/703/141 1677/701/140
f 1682/702/142 1681/705/142 1679/703/141
f 1684/704/143 1683/707/143 1681/705/142
f 1686/706/144 1685/709/144 1683/707/143
f 1688/708/145 1687/711/145 1685/709/144
f 1690/710/146 1689/713/146 1687/711/145
f 1692/712/147 1691/715/147 1689/713/146
f 1694/714/148 1693/717/148 1691/715/147
f 1696/716/149 1695/719/149 1693/717/148
f 1698/718/150 1697/721/150 1695/719/149
f 1700/720/151 1699/723/151 1697/721/150
f 1702/722/152 1701/725/152 1699/723/151
f 1704/724/153 1703/727/153 1701/725/152
f 1706/726/154 1705/729/154 1703/727/153
f 1708/728/155 1707/731/155 1705/729/154
f 1710/730/156 1709/732/156 1707/731/155
f 1712/466/157 1711/53/157 1709/732/156
f 1714/733/158 1713/735/158 1711/53/157
f 1716/734/159 1715/737/159 1713/735/158
f 1718/736/160 1717/739/160 1715/737/159
f 1720/738/161 1719/741/161 1717/739/160
f 1722/740/162 1721/743/162 1719/741/161
f 1724/742/163 1723/745/163 1721/743/162
f 1726/744/164 1725/747/164 1723/745/163
f 1728/746/165 1727/749/165 1725/747/164
f 1730/748/166 1729/751/166 1727/749/165
f 1732/750/167 1731/753/167 1729/751/166
f 1734/752/168 1733/755/168 1731/753/167
f 1736/754/169 1735/757/171 1733/755/168
f 1738/756/170 1737/759/170 1735/757/171
f 1740/758/172 1739/761/172 1737/759/170
f 1742/760/173 1741/763/173 1739/761/172
f 1744/762/174 1743/765/174 1741/763/173
f 1746/764/175 1745/767/175 1743/765/174
f 1748/766/176 1747/769/176 1745/767/175
f 1750/768/177 1749/771/177 1747/769/176
f 1752/770/178 1751/773/178 1749/771/177
f 1754/772/179 1753/775/179 1751/773/178
f 1756/774/180 1755/777/180 1753/775/179
f 1758/776/181 1757/779/181 1755/777/180
f 1760/778/182 1759/781/182 1757/779/181
f 1762/780/183 1761/783/183 1759/781/182
f 1764/782/184 1763/785/184 1761/783/183
f 1766/784/185 1765/787/185 1763/785/184
f 1768/786/186 1767/789/186 1765/787/185
f 1770/788/187 1769/791/187 1767/789/186
f 1772/790/188 1771/793/188 1769/791/187
f 1774/792/189 1773/795/189 1771/793/188
f 1776/794/190 1775/797/190 1773/795/189
f 1778/796/191 1777/799/191 1775/797/190
f 1780/798/192 1779/801/192 1777/799/191
f 1782/800/193 1781/803/195 1779/801/192
f 1784/802/194 1783/804/194 1781/803/195
f 1638/470/121 1637/45/121 1783/804/194
f 1788/805/196 1787/807/196 1785/84/197
f 1790/806/199 1789/809/199 1787/807/196
f 1792/808/200 1791/811/200 1789/809/199
f 1794/810/201 1793/813/201 1791/811/200
f 1796/812/202 1795/815/202 1793/813/201
f 1798/814/203 1797/817/203 1795/815/202
f 1800/816/204 1799/819/206 1797/817/203
f 1802/818/205 1801/821/205 1799/819/206
f 1804/820/207 1803/823/207 1801/821/205
f 1806/822/208 1805/825/208 1803/823/207
f 1808/824/209 1807/827/209 1805/825/208
f 1810/826/210 1809/829/210 1807/827/209
f 1812/828/211 1811/831/211 1809/829/210
f 1814/830/212 1813/833/212 1811/831/211
f 1816/832/213 1815/835/213 1813/833/212
f 1818/834/214 1817/837/214 1815/835/213
f 1820/836/215 1819/839/215 1817/837/214
f 1822/838/216 1821/841/218 1819/839/215
f 1824/840/217 1823/843/217 1821/841/218
f 1826/842/219 1825/845/219 1823/843/217
f 1828/844/220 1827/847/220 1825/845/219
f 1830/846/221 1829/849/223 1827/847/220
f 1832/848/222 1831/851/222 1829/849/223
f 1834/850/224 1833/852/225 1831/851/222
f 1786/470/198 1785/45/197 1833/852/225
f 1838/853/226 1837/855/226 1835/84/227
f 1840/854/228 1839/857/228 1837/855/226
f 1842/856/229 1841/859/229 1839/857/228
f 1844/858/230 1843/861/230 1841/859/229
f 1846/860/231 1845/863/231 1843/861/230
f 1848/862/232 1847/865/232 1845/863/231
f 1850/864/233 1849/867/233 1847/865/232
f 1852/866/234 1851/869/234 1849/867/233
f 1854/868/235 1853/871/235 1851/869/234
f 1856/870/236 1855/873/236 1853/871/235
f 1858/872/237 1857/875/237 1855/873/236
f 1860/874/238 1859/877/238 1857/875/237
f 1862/876/239 1861/879/239 1859/877/238
f 1864/878/240 1863/881/240 1861/879/239
f 1866/880/241 1865/883/241 1863/881/240
f 1868/882/242 1867/885/242 1865/883/241
f 1870/884/243 1869/887/243 1867/885/242
f 1872/886/244 1871/889/244 1869/887/243
f 1874/888/245 1873/891/245 1871/889/244
f 1876/890/246 1875/893/246 1873/891/245
f 1878/892/247 1877/895/247 1875/893/246
f 1880/894/248 1879/897/248 1877/895/247
f 1882/896/249 1881/899/249 1879/897/248
f 1884/898/250 1883/901/250 1881/899/249
f 1886/900/251 1885/903/253 1883/901/250
f 1888/902/252 1887/905/252 1885/903/253
f 1890/904/254 1889/907/254 1887/905/252
f 1892/906/255 1891/909/255 1889/907/254
f 1894/908/256 1893/911/256 1891/909/255
f 1896/910/257 1895/913/257 1893/911/256
f 1898/912/258 1897/915/258 1895/913/257
f 1900/914/259 1899/917/259 1897/915/258
f 1902/916/260 1901/919/260 1899/917/259
f 1904/918/261 1903/921/261 1901/919/260
f 1906/920/262 1905/923/262 1903/921/261
f 1908/922/263 1907/925/263 1905/923/262
f 1910/924/264 1909/927/264 1907/925/263
f 1912/926/265 1911/929/265 1909/927/264
f 1914/928/266 1913/931/266 1911/929/265
f 1916/930/267 1915/933/267 1913/931/266
f 1918/932/268 1917/935/268 1915/933/267
f 1920/934/269 1919/937/269 1917/935/268
f 1922/936/270 1921/939/270 1919/937/269
f 1924/938/271 1923/941/271 1921/939/270
f 1926/940/272 1925/943/272 1923/941/271
f 1928/942/273 1927/945/273 1925/943/272
f 1930/944/274 1929/947/274 1927/945/273
f 1932/946/275 1931/949/275 1929/947/274
f 1934/948/276 1933/951/276 1931/949/275
f 1936/950/277 1935/953/277 1933/951/276
f 1938/952/278 1937/955/278 1935/953/277
f 1940/954/279 1939/957/279 1937/955/278
f 1942/956/280 1941/959/280 1939/957/279
f 1944/958/281 1943/961/281 1941/959/280
f 1946/960/282 1945/963/282 1943/961/281
f 1948/962/283 1947/965/283 1945/963/282
f 1950/964/284 1949/967/284 1947/965/283
f 1952/966/285 1951/969/285 1949/967/284
f 1954/968/286 1953/971/288 1951/969/285
f 1956/970/287 1955/972/287 1953/971/288
f 1958/466/289 1957/53/289 1955/972/287
f 1960/973/290 1959/975/290 1957/53/289
f 1962/974/291 1961/977/291 1959/975/290
f 1964/976/292 1963/979/292 1961/977/291
f 1966/978/293 1965/981/293 1963/979/292
f 1968/980/294 1967/983/294 1965/981/293
f 1970/982/295 1969/985/295 1967/983/294
f 1972/984/296 1971/987/296 1969/985/295
f 1974/986/297 1973/989/297 1971/987/296
f 1976/988/298 1975/991/298 1973/989/297
f 1978/990/299 1977/993/299 1975/991/298
f 1980/992/300 1979/995/300 1977/993/299
f 1982/994/301 1981/997/301 1979/995/300
f 1984/996/302 1983/999/302 1981/997/301
f 1986/998/303 1985/1001/303 1983/999/302
f 1988/1000/304 1987/1003/304 1985/1001/303
f 1990/1002/305 1989/1005/305 1987/1003/304
f 1992/1004/306 1991/1007/306 1989/1005/305
f 1994/1006/307 1993/1009/307 1991/1007/306
f 1996/1008/308 1995/1011/308 1993/1009/307
f 1998/1010/309 1997/1013/309 1995/1011/308
f 2000/1012/310 1999/1015/310 1997/1013/309
f 2002/1014/311 2001/1017/311 1999/1015/310
f 2004/1016/312 2003/1019/312 2001/1017/311
f 2006/1018/313 2005/1021/313 2003/1019/312
f 2008/1020/314 2007/1023/314 2005/1021/313
f 2010/1022/315 2009/1025/315 2007/1023/314
f 2012/1024/316 2011/1027/316 2009/1025/315
f 2014/1026/317 2013/1029/317 2011/1027/316
f 2016/1028/318 2015/1031/318 2013/1029/317
f 2018/1030/319 2017/1033/319 2015/1031/318
f 2020/1032/320 2019/1035/320 2017/1033/319
f 2022/1034/321 2021/1037/321 2019/1035/320
f 2024/1036/322 2023/1039/322 2021/1037/321
f 2026/1038/323 2025/1041/323 2023/1039/322
f 2028/1040/324 2027/1043/324 2025/1041/323
f 2030/1042/325 2029/1045/325 2027/1043/324
f 2032/1044/326 2031/1047/326 2029/1045/325
f 2034/1046/327 2033/1049/327 2031/1047/326
f 2036/1048/328 2035/1051/328 2033/1049/327
f 2038/1050/329 2037/1053/329 2035/1051/328
f 2040/1052/330 2039/1055/330 2037/1053/329
f 2042/1054/331 2041/1057/331 2039/1055/330
f 2044/1056/332 2043/1059/332 2041/1057/331
f 2046/1058/333 2045/1061/333 2043/1059/332
f 2048/1060/334 2047/1063/334 2045/1061/333
f 2050/1062/335 2049/1065/335 2047/1063/334
f 2052/1064/336 2051/1067/336 2049/1065/335
f 2054/1066/337 2053/1069/337 2051/1067/336
f 2056/1068/338 2055/1071/338 2053/1069/337
f 2058/1070/339 2057/1073/339 2055/1071/338
f 2060/1072/179 2059/1075/179 2057/1073/339
f 2062/1074/340 2061/1077/340 2059/1075/179
f 2064/1076/341 2063/1079/341 2061/1077/340
f 2066/1078/342 2065/1081/342 2063/1079/341
f 2068/1080/343 2067/1083/343 2065/1081/342
f 2070/1082/344 2069/1085/344 2067/1083/343
f 2072/1084/345 2071/1087/345 2069/1085/344
f 2074/1086/346 2073/1089/346 2071/1087/345
f 2076/1088/347 2075/1091/349 2073/1089/346
f 2078/1090/348 2077/1092/348 2075/1091/349
f 1836/470/227 1835/45/227 2077/1092/348
f 2082/1093/350 2081/86/350 2079/84/351
f 2084/1094/352 2083/87/352 2081/86/350
f 2086/1095/353 2085/89/353 2083/87/352
f 2088/1096/354 2087/90/354 2085/89/353
f 2090/1097/355 2089/92/355 2087/90/354
f 2092/1098/356 2091/93/356 2089/92/355
f 2094/1099/357 2093/95/357 2091/93/356
f 2096/1100/358 2095/96/358 2093/95/357
f 2098/1101/359 2097/97/359 2095/96/358
f 2100/1102/360 2099/99/360 2097/97/359
f 2102/1103/361 2101/98/361 2099/99/360
f 2104/1104/362 2103/94/362 2101/98/361
f 2106/1105/363 2105/91/363 2103/94/362
f 2108/1106/364 2107/88/364 2105/91/363
f 2110/1107/365 2109/85/365 2107/88/364
f 2112/1108/366 2111/83/366 2109/85/365
f 2114/1109/367 2113/82/367 2111/83/366
f 2116/1110/368 2115/74/368 2113/82/367
f 2118/1111/369 2117/65/369 2115/74/368
f 2120/1112/370 2119/57/370 2117/65/369
f 2122/1113/371 2121/52/371 2119/57/370
f 2124/1114/372 2123/51/372 2121/52/371
f 2126/1115/373 2125/49/373 2123/51/372
f 2128/1116/374 2127/43/374 2125/49/373
f 2130/1117/375 2129/37/375 2127/43/374
f 2132/1118/376 2131/25/376 2129/37/375
f 2134/1119/377 2133/16/377 2131/25/376
f 2136/1120/378 2135/15/378 2133/16/377
f 2138/1121/379 2137/13/379 2135/15/378
f 2140/1122/380 2139/11/380 2137/13/379
f 2142/1123/381 2141/9/381 2139/11/380
f 2144/1124/382 2143/7/382 2141/9/381
f 2146/1125/383 2145/5/383 2143/7/382
f 2148/1126/384 2147/1/384 2145/5/383
f 2150/1127/385 2149/3/385 2147/1/384
f 2152/1128/386 2151/2/386 2149/3/385
f 2154/1129/387 2153/4/387 2151/2/386
f 2156/1130/388 2155/6/388 2153/4/387
f 2158/1131/389 2157/8/389 2155/6/388
f 2160/1132/390 2159/10/390 2157/8/389
f 2162/1133/391 2161/12/391 2159/10/390
f 2164/1134/392 2163/14/392 2161/12/391
f 2166/1135/393 2165/18/393 2163/14/392
f 2168/1136/394 2167/26/394 2165/18/393
f 2170/1137/395 2169/38/395 2167/26/394
f 2172/1138/396 2171/48/396 2169/38/395
f 2174/1139/397 2173/50/397 2171/48/396
f 2176/1140/398 2175/54/398 2173/50/397
f 2178/466/399 2177/53/399 2175/54/398
f 2180/1141/400 2179/55/400 2177/53/399
f 2182/1142/401 2181/56/401 2179/55/400
f 2184/1143/402 2183/61/402 2181/56/401
f 2186/1144/403 2185/62/403 2183/61/402
f 2188/1145/404 2187/64/404 2185/62/403
f 2190/1146/405 2189/67/405 2187/64/404
f 2192/1147/406 2191/70/406 2189/67/405
f 2194/1148/407 2193/72/407 2191/70/406
f 2196/1149/408 2195/76/408 2193/72/407
f 2198/1150/409 2197/78/409 2195/76/408
f 2200/1151/410 2199/81/410 2197/78/409
f 2202/1152/411 2201/80/411 2199/81/410
f 2204/1153/412 2203/79/412 2201/80/411
f 2206/1154/413 2205/77/413 2203/79/412
f 2208/1155/414 2207/75/414 2205/77/413
f 2210/1156/415 2209/73/415 2207/75/414
f 2212/1157/416 2211/71/416 2209/73/415
f 2214/1158/417 2213/69/419 2211/71/416
f 2216/1159/418 2215/68/418 2213/69/419
f 2218/1160/420 2217/66/420 2215/68/418
f 2220/1161/421 2219/63/421 2217/66/420
f 2222/1162/422 2221/58/422 2219/63/421
f 2224/1163/423 2223/60/423 2221/58/422
f 2226/1164/424 2225/59/424 2223/60/423
f 2228/1165/425 2227/44/425 2225/59/424
f 2230/1166/426 2229/41/426 2227/44/425
f 2232/1167/427 2231/39/427 2229/41/426
f 2234/1168/428 2233/36/428 2231/39/427
f 2236/1169/429 2235/34/429 2233/36/428
f 2238/1170/430 2237/32/430 2235/34/429
f 2240/1171/431 2239/30/431 2237/32/430
f 2242/1172/188 2241/28/433 2239/30/431
f 2244/1173/432 2243/24/432 2241/28/433
f 2246/1174/434 2245/22/434 2243/24/432
f 2248/1175/435 2247/20/435 2245/22/434
f 2250/1176/436 2249/17/436 2247/20/435
f 2252/1177/437 2251/19/437 2249/17/436
f 2254/1178/438 2253/21/438 2251/19/437
f 2256/1179/439 2255/23/439 2253/21/438
f 2258/1180/440 2257/27/440 2255/23/439
f 2260/1181/441 2259/29/441 2257/27/440
f 2262/1182/442 2261/31/442 2259/29/441
f 2264/1183/443 2263/33/443 2261/31/442
f 2266/1184/444 2265/35/444 2263/33/443
f 2268/1185/445 2267/40/445 2265/35/444
f 2270/1186/446 2269/42/446 2267/40/445
f 2272/1187/447 2271/47/447 2269/42/446
f 2274/1188/448 2273/46/448 2271/47/447
f 2080/470/351 2079/45/351 2273/46/448
f 2278/661/120 2277/663/120 2275/84/121
f 2280/662/122 2279/665/122 2277/663/120
f 2282/664/123 2281/667/123 2279/665/122
f 2284/666/124 2283/669/124 2281/667/123
f 2286/668/125 2285/671/125 2283/669/124
f 2288/670/126 2287/673/126 2285/671/125
f 2290/672/127 2289/675/127 2287/673/126
f 2292/674/128 2291/677/128 2289/675/127
f 2294/676/129 2293/679/129 2291/677/128
f 2296/678/130 2295/681/130 2293/679/129
f 2298/680/131 2297/683/131 2295/681/130
f 2300/682/132 2299/685/132 2297/683/131
f 2302/684/133 2301/687/133 2299/685/132
f 2304/686/134 2303/689/134 2301/687/133
f 2306/688/135 2305/691/135 2303/689/134
f 2308/690/136 2307/693/136 2305/691/135
f 2310/692/137 2309/695/137 2307/693/136
f 2312/694/138 2311/697/138 2309/695/137
f 2314/696/139 2313/699/139 2311/697/138
f 2316/698/140 2315/701/140 2313/699/139
f 2318/700/141 2317/703/141 2315/701/140
f 2320/702/142 2319/705/142 2317/703/141
f 2322/704/143 2321/707/143 2319/705/142
f 2324/706/144 2323/709/144 2321/707/143
f 2326/708/145 2325/711/145 2323/709/144
f 2328/710/146 2327/713/146 2325/711/145
f 2330/712/147 2329/715/147 2327/713/146
f 2332/714/148 2331/717/148 2329/715/147
f 2334/716/149 2333/719/149 2331/717/148
f 2336/718/150 2335/721/150 2333/719/149
f 2338/720/151 2337/723/151 2335/721/150
f 2340/722/152 2339/725/152 2337/723/151
f 2342/724/153 2341/727/153 2339/725/152
f 2344/726/154 2343/729/154 2341/727/153
f 2346/728/155 2345/731/155 2343/729/154
f 2348/730/156 2347/732/156 2345/731/155
f 2350/466/157 2349/53/157 2347/732/156
f 2352/733/158 2351/735/158 2349/53/157
f 2354/734/159 2353/737/159 2351/735/158
f 2356/736/160 2355/739/160 2353/737/159
f 2358/738/161 2357/741/161 2355/739/160
f 2360/740/162 2359/743/162 2357/741/161
f 2362/742/163 2361/745/163 2359/743/162
f 2364/744/164 2363/747/164 2361/745/163
f 2366/746/165 2365/749/165 2363/747/164
f 2368/748/166 2367/751/166 2365/749/165
f 2370/750/167 2369/753/167 2367/751/166
f 2372/752/168 2371/755/168 2369/753/167
f 2374/754/169 2373/757/449 2371/755/168
f 2376/756/170 2375/759/170 2373/757/449
f 2378/758/172 2377/761/172 2375/759/170
f 2380/760/173 2379/763/173 2377/761/172
f 2382/762/174 2381/765/174 2379/763/173
f 2384/764/175 2383/767/175 2381/765/174
f 2386/766/176 2385/769/176 2383/767/175
f 2388/768/177 2387/771/177 2385/769/176
f 2390/770/178 2389/773/178 2387/771/177
f 2392/772/179 2391/775/179 2389/773/178
f 2394/774/180 2393/777/180 2391/775/179
f 2396/776/181 2395/779/181 2393/777/180
f 2398/778/182 2397/781/182 2395/779/181
f 2400/780/183 2399/783/183 2397/781/182
f 2402/782/184 2401/785/184 2399/783/183
f 2404/784/185 2403/787/185 2401/785/184
f 2406/786/186 2405/789/186 2403/787/185
f 2408/788/187 2407/791/187 2405/789/186
f 2410/790/188 2409/793/188 2407/791/187
f 2412/792/189 2411/795/189 2409/793/188
f 2414/794/190 2413/797/190 2411/795/189
f 2416/796/191 2415/799/191 2413/797/190
f 2418/798/192 2417/801/192 2415/799/191
f 2420/800/193 2419/803/195 2417/801/192
f 2422/802/194 2421/804/194 2419/803/195
f 2276/470/121 2275/45/121 2421/804/194
f 2426/805/196 2425/807/450 2423/84/197
f 2428/806/199 2427/809/199 2425/807/450
f 2430/808/200 2429/811/200 2427/809/199
f 2432/810/201 2431/813/201 2429/811/200
f 2434/812/202 2433/815/202 2431/813/201
f 2436/814/203 2435/817/451 2433/815/202
f 2438/816/204 2437/819/206 2435/817/451
f 2440/818/205 2439/821/205 2437/819/206
f 2442/820/207 2441/823/207 2439/821/205
f 2444/822/208 2443/825/208 2441/823/207
f 2446/824/209 2445/827/209 2443/825/208
f 2448/826/210 2447/829/210 2445/827/209
f 2450/828/211 2449/831/211 2447/829/210
f 2452/830/212 2451/833/212 2449/831/211
f 2454/832/213 2453/835/213 2451/833/212
f 2456/834/214 2455/837/214 2453/835/213
f 2458/836/215 2457/839/215 2455/837/214
f 2460/838/218 2459/841/216 2457/839/215
f 2462/840/217 2461/843/217 2459/841/216
f 2464/842/219 2463/845/219 2461/843/217
f 2466/844/220 2465/847/220 2463/845/219
f 2468/846/221 2467/849/223 2465/847/220
f 2470/848/222 2469/851/222 2467/849/223
f 2472/850/224 2471/852/225 2469/851/222
f 2424/470/198 2423/45/197 2471/852/225
f 2476/1189/452 2475/362/452 2473/84/453
f 2478/1190/455 2477/366/457 2475/362/452
f 2480/1191/456 2479/367/459 2477/366/457
f 2482/1192/458 2481/368/458 2479/367/459
f 2484/1193/460 2483/373/460 2481/368/458
f 2486/1194/461 2485/374/461 2483/373/460
f 2488/1195/462 2487/376/462 2485/374/461
f 2490/1196/463 2489/379/463 2487/376/462
f 2492/1197/464 2491/381/464 2489/379/463
f 2494/1198/465 2493/384/465 2491/381/464
f 2496/1199/466 2495/386/466 2493/384/465
f 2498/1200/467 2497/387/467 2495/386/466
f 2500/1201/468 2499/389/468 2497/387/467
f 2502/1202/469 2501/391/469 2499/389/468
f 2504/1203/470 2503/393/470 2501/391/469
f 2506/1204/471 2505/392/471 2503/393/470
f 2508/1205/472 2507/390/472 2505/392/471
f 2510/1206/473 2509/388/475 2507/390/472
f 2512/496/474 2511/359/474 2509/388/475
f 2514/1207/476 2513/385/476 2511/359/474
f 2516/1208/477 2515/383/477 2513/385/476
f 2518/1209/478 2517/382/478 2515/383/477
f 2520/1210/479 2519/380/479 2517/382/478
f 2522/1211/480 2521/377/480 2519/380/479
f 2524/1212/3 2523/375/3 2521/377/480
f 2526/1213/4 2525/369/4 2523/375/3
f 2528/1214/481 2527/371/481 2525/369/4
f 2530/1215/482 2529/370/482 2527/371/481
f 2532/1216/483 2531/399/485 2529/370/482
f 2534/1217/484 2533/401/484 2531/399/485
f 2536/1218/486 2535/402/486 2533/401/484
f 2538/1219/487 2537/404/487 2535/402/486
f 2540/1220/488 2539/405/490 2537/404/487
f 2542/1221/489 2541/406/489 2539/405/490
f 2544/1222/491 2543/408/491 2541/406/489
f 2546/1223/492 2545/409/492 2543/408/491
f 2548/1224/493 2547/411/493 2545/409/492
f 2550/521/494 2549/358/494 2547/411/493
f 2552/1225/495 2551/413/495 2549/358/494
f 2554/1226/496 2553/412/496 2551/413/495
f 2556/1227/497 2555/410/497 2553/412/496
f 2558/1228/498 2557/407/498 2555/410/497
f 2560/1229/499 2559/403/499 2557/407/498
f 2562/1230/500 2561/400/500 2559/403/499
f 2564/1231/501 2563/398/501 2561/400/500
f 2566/1232/502 2565/397/502 2563/398/501
f 2568/1233/503 2567/396/503 2565/397/502
f 2570/1234/504 2569/395/504 2567/396/503
f 2572/1235/505 2571/394/505 2569/395/504
f 2574/1236/506 2573/378/506 2571/394/505
f 2576/1237/507 2575/372/507 2573/378/506
f 2578/1238/3 2577/365/3 2575/372/507
f 2580/1239/4 2579/364/4 2577/365/3
f 2582/1240/5 2581/363/5 2579/364/4
f 2584/1241/6 2583/360/6 2581/363/5
f 2586/1242/3 2585/361/3 2583/360/6
f 2474/470/454 2473/45/453 2585/361/3
f 2590/661/120 2589/663/120 2587/84/121
f 2592/662/122 2591/665/122 2589/663/120
f 2594/664/123 2593/667/123 2591/665/122
f 2596/666/124 2595/669/124 2593/667/123
f 2598/668/125 2597/671/125 2595/669/124
f 2600/670/126 2599/673/126 2597/671/125
f 2602/672/127 2601/675/127 2599/673/126
f 2604/674/128 2603/677/128 2601/675/127
f 2606/676/129 2605/679/129 2603/677/128
f 2608/678/130 2607/681/130 2605/679/129
f 2610/680/131 2609/683/131 2607/681/130
f 2612/682/132 2611/685/132 2609/683/131
f 2614/684/133 2613/687/133 2611/685/132
f 2616/686/134 2615/689/134 2613/687/133
f 2618/688/135 2617/691/135 2615/689/134
f 2620/690/136 2619/693/136 2617/691/135
f 2622/692/137 2621/695/137 2619/693/136
f 2624/694/138 2623/697/138 2621/695/137
f 2626/696/139 2625/699/139 2623/697/138
f 2628/698/140 2627/701/140 2625/699/139
f 2630/700/141 2629/703/141 2627/701/140
f 2632/702/142 2631/705/142 2629/703/141
f 2634/704/143 2633/707/143 2631/705/142
f 2636/706/144 2635/709/144 2633/707/143
f 2638/708/145 2637/711/145 2635/709/144
f 2640/710/146 2639/713/146 2637/711/145
f 2642/712/147 2641/715/147 2639/713/146
f 2644/714/148 2643/717/148 2641/715/147
f 2646/716/149 2645/719/149 2643/717/148
f 2648/718/150 2647/721/150 2645/719/149
f 2650/720/151 2649/723/151 2647/721/150
f 2652/722/152 2651/725/152 2649/723/151
f 2654/724/153 2653/727/153 2651/725/152
f 2656/726/154 2655/729/154 2653/727/153
f 2658/728/155 2657/731/155 2655/729/154
f 2660/730/156 2659/732/156 2657/731/155
f 2662/466/157 2661/53/157 2659/732/156
f 2664/733/158 2663/735/158 2661/53/157
f 2666/734/159 2665/737/159 2663/735/158
f 2668/736/160 2667/739/160 2665/737/159
f 2670/738/161 2669/741/161 2667/739/160
f 2672/740/162 2671/743/162 2669/741/161
f 2674/742/163 2673/745/163 2671/743/162
f 2676/744/164 2675/747/164 2673/745/163
f 2678/746/165 2677/749/165 2675/747/164
f 2680/748/166 2679/751/166 2677/749/165
f 2682/750/167 2681/753/167 2679/751/166
f 2684/752/168 2683/755/168 2681/753/167
f 2686/754/508 2685/757/171 2683/755/168
f 2688/756/509 2687/759/170 2685/757/171
f 2690/758/172 2689/761/172 2687/759/170
f 2692/760/173 2691/763/173 2689/761/172
f 2694/762/174 2693/765/174 2691/763/173
f 2696/764/175 2695/767/175 2693/765/174
f 2698/766/176 2697/769/176 2695/767/175
f 2700/768/177 2699/771/177 2697/769/176
f 2702/770/178 2701/773/178 2699/771/177
f 2704/772/179 2703/775/179 2701/773/178
f 2706/774/180 2705/777/180 2703/775/179
f 2708/776/181 2707/779/181 2705/777/180
f 2710/778/182 2709/781/182 2707/779/181
f 2712/780/183 2711/783/183 2709/781/182
f 2714/782/184 2713/785/184 2711/783/183
f 2716/784/185 2715/787/185 2713/785/184
f 2718/786/186 2717/789/186 2715/787/185
f 2720/788/187 2719/791/187 2717/789/186
f 2722/790/188 2721/793/188 2719/791/187
f 2724/792/189 2723/795/189 2721/793/188
f 2726/794/190 2725/797/190 2723/795/189
f 2728/796/191 2727/799/191 2725/797/190
f 2730/798/192 2729/801/510 2727/799/191
f 2732/800/193 2731/803/195 2729/801/510
f 2734/802/194 2733/804/194 2731/803/195
f 2588/470/121 2587/45/121 2733/804/194
f 2738/805/450 2737/807/450 2735/84/197
f 2740/806/199 2739/809/199 2737/807/450
f 2742/808/200 2741/811/200 2739/809/199
f 2744/810/201 2743/813/201 2741/811/200
f 2746/812/202 2745/815/202 2743/813/201
f 2748/814/203 2747/817/203 2745/815/202
f 2750/816/204 2749/819/206 2747/817/203
f 2752/818/205 2751/821/205 2749/819/206
f 2754/820/207 2753/823/207 2751/821/205
f 2756/822/208 2755/825/208 2753/823/207
f 2758/824/209 2757/827/209 2755/825/208
f 2760/826/210 2759/829/210 2757/827/209
f 2762/828/211 2761/831/211 2759/829/210
f 2764/830/212 2763/833/212 2761/831/211
f 2766/832/213 2765/835/213 2763/833/212
f 2768/834/214 2767/837/214 2765/835/213
f 2770/836/215 2769/839/215 2767/837/214
f 2772/838/218 2771/841/216 2769/839/215
f 2774/840/217 2773/843/217 2771/841/216
f 2776/842/511 2775/845/219 2773/843/217
f 2778/844/220 2777/847/220 2775/845/219
f 2780/846/512 2779/849/223 2777/847/220
f 2782/848/222 2781/851/222 2779/849/223
f 2784/850/224 2783/852/225 2781/851/222
f 2736/470/198 2735/45/197 2783/852/225
